Player,AVG_CW,AVG_CCW,AVG_TOTAL,CLUTCH,Shots,Positions_JSON,Teams_JSON,Throws,Age,Born,Home,Job,School,Uni,Front_CW,Front_CCW,Guard_CW,Guard_CCW,Draw_CW,Draw_CCW,Freeze_CW,Freeze_CCW,Take-out_CW,Take-out_CCW,Hit-roll_CW,Hit-roll_CCW,Clearing_CW,Clearing_CCW ,Double_CW,Double_CCW,Raise_CW,Raise_CCW,Wick_CW,Wick_CCW,Promotion_CW,Promotion_CCW,Clutch_Front_CW,Clutch_Front_CCW,Clutch_Guard_CW,Clutch_Guard_CCW,Clutch_Draw_CW,Clutch_Draw_CCW,Clutch_Freeze_CW,Clutch_Freeze_CCW,Clutch_Take-out_CW,Clutch_Take-out_CCW,Clutch_Hit-roll_CW,Clutch_Hit-roll_CCW,Clutch_Clearing_CW,Clutch_Clearing_CCW,Clutch_Double_CW,Clutch_Double_CCW,Clutch_Raise_CW,Clutch_Raise_CCW,Clutch_Wick_CW,Clutch_Wick_CCW,Clutch_Promotion_CW,Clutch_Promotion_CCW,PP_team_throws16_hammer,PP_opp_throws16_hammer,HammerEnds,DefEnds,HammerEff%,ForceEff%,StealEff%,StealDef%,HammerFactor(pp),FromBehind_Opps,FromBehind_Success,FromBehind%,Choke_Opps,Choke_Fail,Choke%,Draws_2000,Takeouts_2000,Draws_2001,Takeouts_2001,Draws_2002,Takeouts_2002,Draws_2003,Takeouts_2003,Draws_2004,Takeouts_2004,Draws_2005,Takeouts_2005,Draws_2006,Takeouts_2006,Draws_2007,Takeouts_2007,Draws_2008,Takeouts_2008,Draws_2009,Takeouts_2009,Draws_2010,Takeouts_2010,Draws_2011,Takeouts_2011,Draws_2012,Takeouts_2012,Draws_2013,Takeouts_2013,Draws_2014,Takeouts_2014,Draws_2015,Takeouts_2015,Draws_2016,Takeouts_2016,Draws_2017,Takeouts_2017,Draws_2018,Takeouts_2018,Draws_2019,Takeouts_2019,Draws_2020,Takeouts_2020,Draws_2021,Takeouts_2021,Draws_2022,Takeouts_2022,Draws_2023,Takeouts_2023,Draws_2024,Takeouts_2024,Draws_2025,Takeouts_2025,Worst,Worst%,Best,Best%
Aaron Sluchinski,79.50%,81.70%,80.70%,81.10%,683,"{""Lead"": {""start"": ""2022-03-07"", ""end"": ""2022-03-08"", ""count"": 2}, ""Fourth"": {""start"": ""2022-10-18"", ""end"": ""2025-03-03"", ""count"": 28}, ""Second"": {""start"": ""2024-11-05"", ""end"": ""2024-11-08"", ""count"": 2}, ""Third"": {""start"": ""2024-11-06"", ""end"": ""2025-03-06"", ""count"": 8}}","{""CA (Bottcher)"": {""start"": ""2022-03-07"", ""end"": ""2022-03-08"", ""count"": 2}, ""Sluchinski"": {""start"": ""2022-10-18"", ""end"": ""2024-10-05"", ""count"": 21}, ""AB-S (Sluchinski)"": {""start"": ""2024-03-01"", ""end"": ""2024-03-07"", ""count"": 6}, ""Koe"": {""start"": ""2024-11-05"", ""end"": ""2024-11-08"", ""count"": 4}, ""AB (Koe)"": {""start"": ""2025-02-28"", ""end"": ""2025-03-06"", ""count"": 6}}",,,,,,,,,92.90%,97.70%,91.70%,78.90%,81.80%,84.60%,70.80%,84.40%,83.20%,72.60%,73.60%,93.20%,,54.80%,68.40%,81.70%,87.50%,,,87.50%,87.50%,,,,81.20%,78.60%,85.00%,75.00%,25.00%,83.30%,87.50%,83.30%,65.00%,,,50.00%,64.30%,,,,,,,0.96,0.29,171,164,26.3,26.2,20.1,78.9,5.2,25,6,24,14,1,7.1,,,,,,,,,,,,,,,,,,,,,,,,,,,,,,,,,,,,,,,,,,,,,94.60%,89.10%,83.10%,73.80%,80.70%,79.90%,82.10%,84.80%,Double CW,54.8,Guard CW,97.7
Aaron Squires,80.30%,82.40%,81.30%,92.80%,307,"{""Fourth"": {""start"": ""2016-03-20"", ""end"": ""2017-02-04"", ""count"": 6}, ""Third"": {""start"": ""2017-11-06"", ""end"": ""2017-11-10"", ""count"": 5}}","{""WLU"": {""start"": ""2016-03-20"", ""end"": ""2016-03-23"", ""count"": 4}, ""Bice"": {""start"": ""2017-11-06"", ""end"": ""2017-11-10"", ""count"": 5}, ""CAN (Squires)"": {""start"": ""2017-02-02"", ""end"": ""2017-02-04"", ""count"": 2}}",Right,1993,"London, ON","St Thomas, ON",,,Sir Wilfred Laurier,87.50%,83.30%,87.50%,94.40%,74.30%,77.10%,81.20%,86.10%,76.50%,86.70%,82.80%,75.00%,,,77.30%,75.00%,,82.50%,,,,25.00%,,,,,,81.20%,,,85.70%,87.50%,,66.70%,,,,,,,,,,,1.2,0.36,65,84,33.8,31,28.6,23.1,10.7,5,1,20,9,0,0,,,,,,,,,,,,,,,,,,,,,,,,,,,,,,,,,80.40%,83.50%,80.30%,80.40%,,,,,,,,,,,,,,,,,Promotion CCW,25,Guard CCW,94.4
Aaron Watson,94.30%,90.30%,93.20%,98.00%,202,"{""Lead"": {""start"": ""2013-03-02"", ""end"": ""2013-03-07"", ""count"": 6}}","{""BC (Bilesky)"": {""start"": ""2013-03-02"", ""end"": ""2013-03-07"", ""count"": 6}}",Right,1977,"Edmonton, AB","Delta, BC","Materials Handler, GFS Canada",,,96.70%,96.40%,87.50%,,93.90%,85.20%,,,83.30%,85.00%,,,,,,,,,,,,,96.20%,,,,93.80%,,,,,,,,,,,,,,,,,,0.82,0.1,51,49,17.6,20.4,8.2,33.3,-15.7,9,0,0,1,1,100,,,,,,,,,,,,,,,,,,,,,,,,,,,94.00%,87.00%,,,,,,,,,,,,,,,,,,,,,,,,,Take-out CW,83.3,Draw CW,93.9
Abby Ackland,74.70%,75.10%,74.90%,71.10%,670,"{""Fourth"": {""start"": ""2016-01-23"", ""end"": ""2016-01-29"", ""count"": 7}, ""Third"": {""start"": ""2021-12-19"", ""end"": ""2024-10-04"", ""count"": 25}}","{""MB"": {""start"": ""2016-01-23"", ""end"": ""2016-01-29"", ""count"": 7}, ""Jones"": {""start"": ""2021-12-19"", ""end"": ""2021-12-19"", ""count"": 1}, ""Ackland"": {""start"": ""2023-01-10"", ""end"": ""2023-01-14"", ""count"": 5}, ""Campbell"": {""start"": ""2023-10-17"", ""end"": ""2024-10-04"", ""count"": 13}, ""WC3 (Walter)"": {""start"": ""2023-02-18"", ""end"": ""2023-02-23"", ""count"": 6}}",Right,1995,,,,,,,75.00%,88.80%,84.00%,74.00%,66.00%,71.20%,73.70%,76.70%,80.00%,76.90%,75.70%,85.00%,95.50%,57.00%,53.30%,57.60%,69.40%,,,,,,,86.10%,68.80%,66.20%,83.30%,,,82.50%,81.20%,,87.50%,50.00%,93.80%,75.00%,0.00%,91.70%,0.00%,,,,,1.05,0.37,167,156,26.3,34,25.6,31.7,-5.4,23,3,13,13,0,0,,,,,,,,,,,,,,,,,,,,,,,,,,,,,,,,,71.00%,70.60%,,,,,,,,,76.90%,64.30%,,,74.40%,78.90%,79.90%,73.60%,,,Double CCW,53.3,Guard CW,88.8
Adam Boland,73.60%,71.50%,72.70%,83.00%,461,"{""Fourth"": {""start"": ""2016-11-13"", ""end"": ""2017-03-22"", ""count"": 11}, ""Second"": {""start"": ""2019-03-02"", ""end"": ""2019-03-06"", ""count"": 5}, ""Third"": {""start"": ""2021-03-07"", ""end"": ""2022-09-21"", ""count"": 2}, ""Lead"": {""start"": ""2021-03-10"", ""end"": ""2021-03-10"", ""count"": 1}}","{""NL (Boland)"": {""start"": ""2016-11-13"", ""end"": ""2016-11-18"", ""count"": 6}, ""Mun (Boland)"": {""start"": ""2017-03-18"", ""end"": ""2017-03-22"", ""count"": 5}, ""NL"": {""start"": ""2019-03-02"", ""end"": ""2019-03-06"", ""count"": 5}, ""NL (Smith)"": {""start"": ""2021-03-07"", ""end"": ""2021-03-10"", ""count"": 2}, ""Smith"": {""start"": ""2022-09-21"", ""end"": ""2022-09-21"", ""count"": 1}}",Right,1993,,,,,,86.80%,93.80%,77.80%,62.50%,71.80%,69.50%,75.00%,66.70%,75.00%,74.10%,61.40%,67.40%,92.90%,97.20%,57.70%,47.50%,75.00%,66.70%,,,,,70.00%,,79.20%,75.00%,,67.90%,,50.00%,,77.30%,75.00%,66.70%,83.30%,,,,,,,,,,1.04,0.32,117,108,28.2,24.1,22.2,23.1,5.1,11,0,0,12,0,0,,,,,,,,,,,,,,,,,,,,,,,,,,,,,,,,,65.90%,72.70%,75.50%,75.70%,,,76.30%,67.80%,,,80.60%,100.00%,85.70%,44.40%,,,,,,,Double CCW,47.5,Guard CW,77.8
Adam Casey,80.70%,83.10%,82.10%,78.80%,2224,"{""Second"": {""start"": ""2012-03-03"", ""end"": ""2025-03-05"", ""count"": 22}, ""Fourth"": {""start"": ""2016-03-05"", ""end"": ""2017-11-10"", ""count"": 17}, ""Third"": {""start"": ""2021-03-06"", ""end"": ""2022-04-16"", ""count"": 47}, ""Lead"": {""start"": ""2024-10-27"", ""end"": ""2024-10-27"", ""count"": 1}}","{""NL (Gushue)"": {""start"": ""2012-03-03"", ""end"": ""2013-03-10"", ""count"": 13}, ""PE (Casey)"": {""start"": ""2016-03-05"", ""end"": ""2016-03-11"", ""count"": 7}, ""SK (Casey)"": {""start"": ""2017-03-04"", ""end"": ""2017-03-09"", ""count"": 6}, ""Casey"": {""start"": ""2017-11-07"", ""end"": ""2017-11-10"", ""count"": 4}, ""MB (Gunnlaugson)"": {""start"": ""2020-02-29"", ""end"": ""2020-03-06"", ""count"": 7}, ""Gunnlaugsson"": {""start"": ""2020-02-09"", ""end"": ""2020-02-09"", ""count"": 1}, ""MB (Gunnlaugson"": {""start"": ""2021-03-06"", ""end"": ""2021-03-13"", ""count"": 7}, ""Gunnlaugso"": {""start"": ""2021-04-15"", ""end"": ""2021-10-31"", ""count"": 15}, ""Gunnlaugson"": {""start"": ""2021-10-19"", ""end"": ""2022-04-16"", ""count"": 18}, ""WC3 (Gunnlaugs)"": {""start"": ""2022-03-05"", ""end"": ""2022-03-11"", ""count"": 7}, ""CAN (Gushue)"": {""start"": ""2024-10-27"", ""end"": ""2025-03-05"", ""count"": 2}}",Right,1989,"Sevenmile Bay, PEI","St. John's, NL",Student,,,93.50%,94.60%,87.50%,90.20%,77.20%,79.00%,76.20%,80.90%,83.80%,87.10%,76.70%,80.50%,89.90%,92.10%,76.00%,73.00%,75.00%,71.90%,,,,,93.20%,88.90%,87.50%,88.10%,71.40%,80.10%,55.00%,87.50%,86.20%,95.50%,58.30%,53.60%,91.70%,91.20%,68.80%,70.00%,83.30%,67.90%,,,,,1.07,0.26,551,535,31.8,34.4,18.5,18,13.8,52,7,13.5,42,0,0,,,,,,,,,,,,,,,,,,,,,,,,,87.10%,82.90%,87.10%,84.30%,,,,,63.70%,86.80%,75.00%,78.90%,,,,,81.10%,83.20%,84.60%,81.60%,77.80%,84.30%,,,100.00%,,50.00%,100.00%,Raise CCW,71.9,Guard CCW,90.2
Adam Mceachren,74.70%,79.10%,77.50%,67.20%,485,"{""Lead"": {""start"": ""2020-03-11"", ""end"": ""2023-11-10"", ""count"": 9}, ""Second"": {""start"": ""2022-05-15"", ""end"": ""2022-05-22"", ""count"": 5}, ""Fourth"": {""start"": ""2023-03-15"", ""end"": ""2023-03-19"", ""count"": 5}}","{""Dalhousie (m)"": {""start"": ""2020-03-11"", ""end"": ""2020-03-15"", ""count"": 5}, ""CAN (Purcell)"": {""start"": ""2022-05-15"", ""end"": ""2022-05-22"", ""count"": 5}, ""Purcell"": {""start"": ""2023-11-07"", ""end"": ""2023-11-10"", ""count"": 4}, ""DAL - M"": {""start"": ""2023-03-15"", ""end"": ""2023-03-19"", ""count"": 5}}",Right,2001,,,,,,71.40%,83.80%,91.20%,91.20%,70.50%,82.90%,86.10%,66.70%,78.00%,73.70%,62.50%,62.50%,88.90%,84.10%,70.50%,73.40%,50.00%,79.20%,,25.00%,,75.00%,75.00%,86.10%,,83.30%,46.40%,93.80%,87.50%,75.00%,,62.50%,87.50%,37.50%,0.00%,75.00%,50.00%,,50.00%,,,0.00%,,,1.09,0.45,118,124,36.4,29.8,34.7,22.9,13.5,8,1,12.5,13,2,15.4,,,,,,,,,,,,,,,,,,,,,,,,,,,,,,,,,,,,,,,,,82.30%,75.00%,,,69.90%,72.90%,81.90%,71.80%,,,,,Wick CCW,25,Guard CW,91.2
Adam Spencer,87.20%,89.40%,88.30%,90.10%,426,"{""Second"": {""start"": ""2016-03-05"", ""end"": ""2022-03-10"", ""count"": 8}, ""Lead"": {""start"": ""2017-03-07"", ""end"": ""2022-03-09"", ""count"": 2}, ""Third"": {""start"": ""2017-11-06"", ""end"": ""2017-11-12"", ""count"": 7}}","{""ON (Howard)"": {""start"": ""2016-03-05"", ""end"": ""2022-03-10"", ""count"": 10}, ""Howard"": {""start"": ""2017-11-06"", ""end"": ""2017-11-12"", ""count"": 7}}",Right,1972,"Guelph, ON","Guelph, ON","Production & Service Manager, The Farley Group",Guelph CVI,George Brown,91.70%,,93.80%,97.20%,93.50%,85.40%,62.50%,94.20%,86.50%,89.20%,82.40%,85.20%,96.20%,94.20%,84.60%,87.00%,85.70%,86.50%,,,,,87.50%,,,,83.30%,85.00%,87.50%,,37.50%,79.20%,87.50%,,,93.80%,,,,,,,,,0.97,0.23,102,106,26.5,34,14.2,9.8,16.7,9,1,11.1,10,1,10,,,,,,,,,,,,,,,,,,,,,,,,,,,,,,,,,92.60%,90.70%,83.50%,85.30%,,,,,,,,,87.50%,100.00%,,,,,,,Freeze CW,62.5,Guard CCW,97.2
Adam Tracy,74.00%,76.00%,75.00%,80.30%,299,"{""Third"": {""start"": ""2017-04-18"", ""end"": ""2017-04-21"", ""count"": 4}, ""Second"": {""start"": ""2020-01-19"", ""end"": ""2020-01-24"", ""count"": 6}}","{""NB (Marin)"": {""start"": ""2017-04-18"", ""end"": ""2017-04-21"", ""count"": 4}, ""NB"": {""start"": ""2020-01-19"", ""end"": ""2020-01-24"", ""count"": 6}}",Right,,,,,,,82.10%,85.70%,77.10%,76.70%,77.70%,76.70%,66.70%,66.70%,69.30%,74.50%,71.90%,63.50%,67.50%,89.40%,68.80%,62.50%,,66.70%,,,,,70.80%,,,,79.20%,81.20%,,,,62.50%,,,,90.00%,0.00%,,,,,,,,1.01,0.38,70,77,31.4,36.4,22.1,25.7,5.7,7,2,28.6,5,1,20,,,,,,,,,,,,,,,,,,,,,,,,,,,,,,,,,,,71.20%,69.80%,,,,,81.20%,75.90%,,,,,,,,,,,Double CCW,62.5,Draw CW,77.7
Adam Vincent,82.70%,71.00%,77.30%,72.10%,206,"{""Third"": {""start"": ""2019-01-19"", ""end"": ""2019-01-25"", ""count"": 7}, ""Second"": {""start"": ""2020-03-13"", ""end"": ""2020-03-14"", ""count"": 2}}","{""ON"": {""start"": ""2019-01-19"", ""end"": ""2019-01-25"", ""count"": 7}, ""Laurier (m)"": {""start"": ""2020-03-13"", ""end"": ""2020-03-14"", ""count"": 2}}",Right,1998,,,,,,96.40%,,95.80%,79.50%,80.40%,62.50%,,56.20%,84.30%,71.40%,69.40%,70.00%,80.00%,79.20%,75.00%,80.00%,75.00%,70.00%,,,,,,,,87.50%,75.00%,50.00%,,,,50.00%,75.00%,,0.00%,50.00%,87.50%,,62.50%,,,,,,1.08,0.37,48,51,29.2,25.5,25.5,25,4.2,5,1,20,5,0,0,,,,,,,,,,,,,,,,,,,,,,,,,,,,,,,,,,,,,,,78.50%,77.70%,80.60%,67.60%,,,,,,,,,,,Freeze CCW,56.2,Guard CW,95.8
Adrienne Belliveau,75.60%,77.80%,76.80%,83.00%,190,"{""Third"": {""start"": ""2020-01-18"", ""end"": ""2020-01-24"", ""count"": 7}}","{""ON"": {""start"": ""2020-01-18"", ""end"": ""2020-01-24"", ""count"": 7}}",Right,2003,,,,,,,83.30%,82.50%,87.50%,75.00%,79.50%,62.50%,37.50%,73.00%,78.40%,86.10%,75.00%,,93.80%,75.00%,70.00%,0.00%,53.60%,,,,,,,,62.50%,,87.50%,,,62.50%,83.30%,,,,,,,,0.00%,,,,,1.08,0.5,48,44,29.2,45.5,29.5,37.5,-8.3,7,2,28.6,5,1,20,,,,,,,,,,,,,,,,,,,,,,,,,,,,,,,,,,,,,,,,,77.90%,75.80%,,,,,,,,,,,Raise CW,0,Guard CCW,87.5
Agnes Knochenhauer,81.50%,84.00%,82.90%,78.20%,6130,"{""Third"": {""start"": ""2014-11-22"", ""end"": ""2025-03-21"", ""count"": 36}, ""Second"": {""start"": ""2016-11-19"", ""end"": ""2025-04-12"", ""count"": 227}}","{""SWE"": {""start"": ""2014-11-22"", ""end"": ""2014-11-27"", ""count"": 6}, ""Sweden"": {""start"": ""2016-11-19"", ""end"": ""2022-11-23"", ""count"": 110}, ""Hasselborg"": {""start"": ""2021-04-15"", ""end"": ""2025-04-12"", ""count"": 99}, ""SWE (Hasselborg)"": {""start"": ""2022-02-10"", ""end"": ""2025-03-22"", ""count"": 41}}",Right,1989,"Stockholm, SWE","Stockholm, SWE",,,,86.60%,89.70%,89.80%,90.20%,77.60%,82.00%,68.30%,72.80%,83.40%,84.40%,76.80%,77.60%,91.20%,93.60%,73.10%,77.10%,74.30%,72.70%,72.50%,69.10%,64.30%,69.40%,81.20%,94.20%,85.20%,89.30%,74.30%,79.50%,58.30%,,91.70%,87.50%,78.80%,83.30%,94.60%,95.10%,52.30%,82.40%,65.50%,57.10%,62.50%,37.50%,,70.80%,1.16,0.36,1483,1477,35.3,36.6,24.8,15.4,19.9,83,18,21.7,192,9,4.7,,,,,,,,,,,,,,,,,,,,,,,,,,,,,73.80%,75.30%,,,70.20%,84.00%,81.30%,85.40%,83.60%,86.90%,84.20%,85.00%,,,78.70%,82.30%,82.20%,82.00%,83.00%,83.20%,83.90%,81.80%,84.40%,84.30%,Promotion CW,64.3,Guard CCW,90.2
Aileen Geving,77.60%,75.30%,76.50%,78.30%,550,"{""Second"": {""start"": ""2017-03-18"", ""end"": ""2024-10-30"", ""count"": 19}, ""Lead"": {""start"": ""2018-09-14"", ""end"": ""2022-05-05"", ""count"": 3}, ""Third"": {""start"": ""2022-05-04"", ""end"": ""2022-05-04"", ""count"": 1}}","{""United States"": {""start"": ""2017-03-18"", ""end"": ""2018-09-15"", ""count"": 8}, ""USA (Roth)"": {""start"": ""2018-02-14"", ""end"": ""2018-02-21"", ""count"": 6}, ""Peterson"": {""start"": ""2022-05-04"", ""end"": ""2022-05-05"", ""count"": 2}, ""T. Peterson"": {""start"": ""2024-10-01"", ""end"": ""2024-10-04"", ""count"": 4}, ""USA (Thiesse)"": {""start"": ""2024-10-28"", ""end"": ""2024-10-30"", ""count"": 2}}",Right,1987,"Duluth, MN","Duluth, MN","Commercial Lines Account Executive, Marsh & McLennan Agency",Central,University of MN Duluth,81.20%,91.70%,78.80%,81.00%,81.20%,70.10%,43.80%,57.10%,80.60%,71.20%,72.00%,73.30%,78.50%,84.10%,61.50%,75.00%,60.70%,65.60%,,,75.00%,58.30%,,,87.50%,,83.30%,68.80%,,33.30%,,91.70%,75.00%,50.00%,89.30%,96.20%,,,0.00%,,,,,,1.14,0.33,133,131,29.3,38.2,23.7,24.1,5.2,13,3,23.1,10,1,10,,,,,,,,,,,,,,,,,,,,,,,,,,,,,,,,,,,79.20%,77.10%,75.00%,76.80%,,,,,,,64.10%,70.80%,,,82.10%,72.10%,,,Freeze CW,43.8,Draw CW,81.2
Aku Kauste,76.90%,78.00%,77.50%,72.90%,538,"{""Fourth"": {""start"": ""2015-11-27"", ""end"": ""2017-12-09"", ""count"": 18}}","{""FIN"": {""start"": ""2015-11-27"", ""end"": ""2015-11-27"", ""count"": 1}, ""Finland"": {""start"": ""2016-04-02"", ""end"": ""2017-12-09"", ""count"": 17}}",Right,1980,"Espoo, FIN",,,,,,,,81.90%,72.60%,76.80%,62.50%,87.50%,85.40%,85.10%,75.90%,77.80%,95.80%,88.30%,70.80%,70.00%,57.40%,75.00%,,75.00%,67.20%,65.20%,,,,81.20%,71.40%,63.30%,50.00%,,93.80%,87.50%,,87.50%,,66.70%,,50.00%,25.00%,75.00%,,,37.50%,50.00%,0.99,0.24,135,131,25.9,35.1,19.1,20.7,5.2,14,0,0,8,1,12.5,,,,,,,,,,,,,,,,,,,,,,,,,,,,,,,66.10%,86.20%,77.20%,79.50%,77.70%,71.80%,,,,,,,,,,,,,,,,,Raise CW,57.4,Freeze CCW,87.5
Al Hackner,74.50%,79.30%,76.90%,77.80%,194,"{""Fourth"": {""start"": ""2001-03-03"", ""end"": ""2001-03-08"", ""count"": 6}}","{""N.Ont (Hackner)"": {""start"": ""2001-03-03"", ""end"": ""2001-03-08"", ""count"": 6}}",Right,1954,"Nipigon, ON","Thunder Bay, ON",,,,,,,87.50%,71.00%,85.00%,78.10%,75.00%,78.80%,78.00%,58.30%,80.90%,90.00%,88.90%,62.50%,30.00%,58.30%,,,,,,,,,,80.00%,91.70%,62.50%,,,43.80%,0.00%,,,,,,,,,,,,0.92,0.21,49,47,22.4,40.4,17,26.5,-4.1,5,0,0,5,1,20,,,80.70%,74.60%,,,,,,,,,,,,,,,,,,,,,,,,,,,,,,,,,,,,,,,,,,,,,,,,,Double CCW,30,Guard CCW,87.5
Alanna Routledge,75.00%,78.90%,76.90%,76.30%,325,"{""Third"": {""start"": ""2020-02-15"", ""end"": ""2022-01-30"", ""count"": 6}, ""Lead"": {""start"": ""2022-01-30"", ""end"": ""2022-01-30"", ""count"": 1}, ""Second"": {""start"": ""2023-02-17"", ""end"": ""2023-02-24"", ""count"": 7}}","{""QC (Verreault)"": {""start"": ""2020-02-15"", ""end"": ""2020-02-19"", ""count"": 5}, ""QC (St-Georges)"": {""start"": ""2022-01-30"", ""end"": ""2023-02-24"", ""count"": 8}}",Right,1992,,,,,,92.50%,,85.90%,63.90%,65.20%,75.00%,65.00%,87.50%,76.70%,86.00%,71.20%,70.30%,98.20%,82.70%,78.60%,81.20%,53.60%,71.90%,0.00%,,,,90.00%,,75.00%,,85.00%,58.30%,,75.00%,,75.00%,,,91.70%,90.60%,,,,75.00%,0.00%,,,,1.06,0.32,80,76,32.5,26.3,15.8,30,2.5,8,1,12.5,6,1,16.7,,,,,,,,,,,,,,,,,,,,,,,,,,,,,,,,,,,,,,,,,70.10%,72.80%,,,83.30%,72.20%,74.20%,84.60%,,,,,Wick CW,0,Freeze CCW,87.5
Alec Cameron,84.90%,84.90%,84.90%,87.50%,511,"{""Lead"": {""start"": ""2016-01-23"", ""end"": ""2018-01-19"", ""count"": 20}}","{""NS"": {""start"": ""2016-01-23"", ""end"": ""2018-01-19"", ""count"": 14}, ""NS (Manuel)"": {""start"": ""2017-01-21"", ""end"": ""2017-01-27"", ""count"": 6}}",Right,,,,,,,90.70%,88.30%,85.70%,87.50%,79.90%,82.60%,80.00%,97.50%,92.70%,91.90%,72.50%,66.70%,58.30%,,,87.50%,87.50%,50.00%,12.50%,66.70%,,,84.10%,92.30%,,,95.80%,77.30%,,,,,,,,,,,,,12.50%,,,,1.29,0.42,111,142,36.9,32.4,26.8,14.4,22.5,9,3,33.3,15,1,6.7,,,,,,,,,,,,,,,,,,,,,,,,,,,,,,,,,86.10%,83.30%,84.90%,82.40%,84.90%,84.50%,,,,,,,,,,,,,,,Wick CW,12.5,Freeze CCW,97.5
Alex Fenson,85.30%,80.60%,83.50%,67.50%,293,"{""Lead"": {""start"": ""2013-02-28"", ""end"": ""2019-02-02"", ""count"": 14}}","{""USA"": {""start"": ""2013-02-28"", ""end"": ""2013-03-07"", ""count"": 7}, ""USA (Dropkin)"": {""start"": ""2016-03-11"", ""end"": ""2016-03-13"", ""count"": 3}, ""United States"": {""start"": ""2019-01-30"", ""end"": ""2019-02-02"", ""count"": 4}}",Right,1995,,"Bemidji, MN","Cook & Trainer, Dave's Pizza & Crossfit Bemidji",,Bemidji State,92.40%,92.80%,78.60%,25.00%,80.90%,75.90%,,,68.80%,90.00%,50.00%,83.30%,,,,,,,83.30%,65.90%,,,96.40%,,,,0.00%,83.30%,,,,,,,,,,,,,75.00%,50.00%,,,1,0.32,67,75,25.4,29.3,18.7,20.9,4.5,8,0,0,10,3,30,,,,,,,,,,,,,,,,,,,,,,,,,,,79.60%,70.20%,,,,,88.60%,58.30%,,,,,92.90%,87.50%,,,,,,,,,,,,,Guard CCW,25,Take-out CCW,90
Alex Forrest,82.60%,81.40%,82.00%,82.90%,480,"{""Third"": {""start"": ""2017-11-07"", ""end"": ""2020-03-06"", ""count"": 18}}","{""Gunnlaugson"": {""start"": ""2017-11-07"", ""end"": ""2018-03-02"", ""count"": 6}, ""Canada"": {""start"": ""2018-12-05"", ""end"": ""2018-12-08"", ""count"": 3}, ""J. Gunnlaugson"": {""start"": ""2019-02-10"", ""end"": ""2019-02-10"", ""count"": 1}, ""MB (Gunnlaugson)"": {""start"": ""2020-02-29"", ""end"": ""2020-03-06"", ""count"": 7}, ""Gunnlaugsson"": {""start"": ""2020-02-09"", ""end"": ""2020-02-09"", ""count"": 1}}",Left,1989,"Winnipeg, MB","Winnipeg, MB","Finish Carpenter, Vantage Builders",,,94.40%,,93.50%,92.10%,79.40%,74.00%,90.90%,70.50%,83.50%,84.90%,83.60%,78.60%,92.90%,99.10%,71.20%,67.00%,65.60%,88.90%,,,,62.50%,,,91.70%,91.70%,70.00%,81.20%,,50.00%,87.50%,75.00%,,50.00%,,,75.00%,,70.80%,,,,,,0.95,0.27,121,115,28.1,27.8,20.9,22.3,5.8,14,3,21.4,8,2,25,,,,,,,,,,,,,,,,,,,,,,,,,,,,,,,,,,,86.80%,89.00%,75.00%,83.00%,75.00%,79.50%,84.80%,75.00%,,,,,,,,,,,Promotion CCW,62.5,Guard CW,93.5
Alex Horvath,87.20%,88.00%,87.60%,87.40%,804,"{""Lead"": {""start"": ""2019-01-19"", ""end"": ""2024-03-07"", ""count"": 30}, ""Third"": {""start"": ""2025-02-28"", ""end"": ""2025-03-06"", ""count"": 7}}","{""BC"": {""start"": ""2019-01-19"", ""end"": ""2019-01-27"", ""count"": 8}, ""Canada"": {""start"": ""2019-02-16"", ""end"": ""2019-02-23"", ""count"": 5}, ""Gauthier"": {""start"": ""2022-10-18"", ""end"": ""2022-10-18"", ""count"": 1}, ""BC (Gauthier)"": {""start"": ""2023-03-03"", ""end"": ""2023-03-09"", ""count"": 6}, ""Schneider"": {""start"": ""2023-10-17"", ""end"": ""2023-10-20"", ""count"": 4}, ""BC (Schneider)"": {""start"": ""2024-03-02"", ""end"": ""2024-03-07"", ""count"": 6}, ""BC (de Jong)"": {""start"": ""2025-02-28"", ""end"": ""2025-03-06"", ""count"": 7}}",Right,1998,,,,,,95.10%,94.00%,91.70%,87.50%,84.90%,87.70%,75.00%,78.60%,83.80%,90.30%,73.10%,83.90%,80.00%,84.40%,66.70%,70.30%,85.00%,80.00%,,63.90%,,,,,,,98.10%,95.30%,75.00%,75.00%,66.70%,95.00%,,,,,,50.00%,75.00%,,,93.80%,,,1.19,0.42,182,204,35.7,31.9,27.5,19.8,15.9,15,6,40,25,3,12,,,,,,,,,,,,,,,,,,,,,,,,,,,,,,,,,,,,,,,86.70%,82.30%,,,,,96.70%,100.00%,91.00%,93.10%,92.00%,82.50%,85.60%,79.50%,Wick CCW,63.9,Guard CW,91.7
Alex Macfadyen,78.00%,74.00%,76.10%,79.00%,650,"{""Lead"": {""start"": ""2011-03-05"", ""end"": ""2017-03-22"", ""count"": 11}, ""Fourth"": {""start"": ""2018-01-13"", ""end"": ""2018-01-19"", ""count"": 7}, ""Second"": {""start"": ""2019-01-19"", ""end"": ""2019-01-24"", ""count"": 6}}","{""PE (Mackenzie)"": {""start"": ""2011-03-05"", ""end"": ""2011-03-10"", ""count"": 6}, ""UPEI (Gallant)"": {""start"": ""2017-03-18"", ""end"": ""2017-03-22"", ""count"": 5}, ""PE"": {""start"": ""2018-01-13"", ""end"": ""2019-01-24"", ""count"": 13}}",Right,1998,,,,,,91.80%,86.20%,83.30%,82.10%,71.70%,69.30%,75.00%,65.80%,76.10%,75.40%,75.00%,62.50%,73.70%,83.30%,68.80%,62.50%,66.20%,67.30%,,,,,,93.20%,,50.00%,71.70%,75.00%,,75.00%,75.00%,66.70%,,,75.00%,91.70%,,,33.30%,,,,,,1.02,0.42,161,159,26.7,24.5,26.4,31.7,-5,19,1,5.3,15,3,20,,,,,,,,,,,,,,,,,,,,,,,85.60%,75.00%,,,,,,,,,,,75.60%,77.50%,64.50%,65.60%,79.30%,79.60%,,,,,,,,,,,,,Hit-roll CCW,62.5,Guard CW,83.3
Alexander Baumann,72.50%,75.30%,74.00%,69.70%,1224,"{""Fourth"": {""start"": ""2014-11-22"", ""end"": ""2018-04-06"", ""count"": 38}, ""Third"": {""start"": ""2016-04-05"", ""end"": ""2016-04-07"", ""count"": 3}}","{""GER"": {""start"": ""2014-11-22"", ""end"": ""2014-11-27"", ""count"": 6}, ""Germany"": {""start"": ""2016-04-02"", ""end"": ""2018-04-06"", ""count"": 35}}",Right,1984,,"Strassburg, GER",,,,,87.50%,75.00%,83.60%,68.10%,71.30%,75.00%,47.50%,80.60%,83.40%,74.00%,75.80%,87.20%,91.50%,56.00%,70.80%,61.50%,67.00%,,,62.00%,53.10%,,,87.50%,78.60%,67.90%,70.00%,,12.50%,83.30%,79.20%,64.30%,66.70%,,,36.10%,75.00%,,50.00%,,,50.00%,33.30%,0.88,0.15,317,292,23.3,34.2,12.3,25.2,-1.9,39,6,15.4,12,1,8.3,,,,,,,,,,,,,,,,,,,,,,,,,,,,,71.20%,77.50%,,,77.10%,77.20%,70.00%,76.50%,65.40%,69.30%,,,,,,,,,,,,,,,Freeze CCW,47.5,Guard CCW,83.6
Alexander Lindstroem,86.60%,83.80%,84.60%,74.80%,241,"{""Lead"": {""start"": ""2009-03-14"", ""end"": ""2017-04-06"", ""count"": 8}}","{""SWE"": {""start"": ""2009-03-14"", ""end"": ""2009-03-15"", ""count"": 2}, ""Norway"": {""start"": ""2017-04-01"", ""end"": ""2017-04-06"", ""count"": 6}}",Right,1990,"Lit, SWE","Trondheim, NOR","Booking/event manager, Trondheim Curling",,,98.90%,90.10%,66.70%,80.00%,88.90%,76.80%,,,72.70%,78.80%,,,,,,,,,25.00%,72.50%,,50.00%,,93.80%,,,,,,,,,,,,,,,,,0.00%,80.00%,,,0.92,0.33,61,55,27.9,23.6,23.6,19.7,8.2,6,1,16.7,4,1,25,,,,,,,,,,,,,,,,,,,85.20%,56.20%,,,,,,,,,,,,,,,86.90%,76.40%,,,,,,,,,,,,,,,,,Wick CW,25,Draw CW,88.9
Alexey Stukalskiy,78.30%,79.30%,78.80%,79.30%,877,"{""Third"": {""start"": ""2014-11-23"", ""end"": ""2017-04-06"", ""count"": 16}, ""Fourth"": {""start"": ""2014-02-10"", ""end"": ""2017-04-06"", ""count"": 17}}","{""RUS"": {""start"": ""2014-02-10"", ""end"": ""2014-11-26"", ""count"": 18}, ""Russia"": {""start"": ""2016-11-19"", ""end"": ""2017-04-06"", ""count"": 13}}",Right,,,,,,,,93.30%,75.00%,74.00%,77.70%,81.20%,75.00%,55.00%,85.50%,78.60%,76.60%,75.50%,90.40%,98.30%,60.70%,78.30%,66.20%,70.50%,62.50%,0.00%,68.20%,47.20%,,,,62.50%,88.10%,86.10%,,41.70%,87.50%,83.30%,91.70%,,75.00%,94.40%,58.30%,62.50%,75.00%,,,,0.00%,,0.98,0.23,221,210,28.1,32.4,16.2,24.4,3.7,26,5,19.2,12,2,16.7,,,,,,,,,,,,,,,,,,,,,,,,,,,,,79.80%,77.70%,,,79.40%,82.60%,77.30%,76.70%,,,,,,,,,,,,,,,,,Wick CCW,0,Take-out CW,85.5
Alice Spence,76.00%,78.50%,77.10%,68.20%,229,"{""Second"": {""start"": ""2018-03-17"", ""end"": ""2018-03-23"", ""count"": 7}}","{""Scotland"": {""start"": ""2018-03-17"", ""end"": ""2018-03-23"", ""count"": 7}}",Right,1991,,,,,,,,76.70%,90.60%,68.90%,79.30%,62.50%,,69.10%,71.40%,80.40%,71.20%,89.40%,80.00%,70.00%,85.00%,50.00%,33.30%,,,,75.00%,,,87.50%,50.00%,,,,,50.00%,,0.00%,,94.40%,50.00%,,50.00%,,,,,,,0.96,0.43,51,61,29.4,23,29.5,23.5,5.9,4,0,0,4,0,0,,,,,,,,,,,,,,,,,,,,,,,,,,,,,,,,,,,,,77.60%,76.60%,,,,,,,,,,,,,,,Raise CCW,33.3,Guard CCW,90.6
Alina Kovaleva,78.20%,77.20%,77.70%,73.30%,2179,"{""Third"": {""start"": ""2013-02-28"", ""end"": ""2013-03-10"", ""count"": 11}, ""Lead"": {""start"": ""2017-03-25"", ""end"": ""2017-11-23"", ""count"": 6}, ""Second"": {""start"": ""2017-03-19"", ""end"": ""2017-03-24"", ""count"": 6}, ""Fourth"": {""start"": ""2018-11-17"", ""end"": ""2022-02-17"", ""count"": 66}}","{""RUS"": {""start"": ""2013-02-28"", ""end"": ""2013-03-10"", ""count"": 11}, ""Russia"": {""start"": ""2017-03-19"", ""end"": ""2021-11-26"", ""count"": 43}, ""Kovaleva"": {""start"": ""2021-04-15"", ""end"": ""2021-11-06"", ""count"": 18}, ""RCF"": {""start"": ""2021-04-29"", ""end"": ""2021-05-08"", ""count"": 10}, ""ROC (Kovaleva)"": {""start"": ""2022-02-10"", ""end"": ""2022-02-17"", ""count"": 7}}",Right,1993,,,,,,93.10%,94.40%,81.60%,82.70%,76.10%,78.20%,83.30%,53.80%,83.70%,80.20%,76.70%,75.80%,87.20%,89.80%,69.80%,67.50%,65.20%,56.00%,70.00%,57.10%,57.40%,52.60%,87.50%,,87.50%,70.50%,81.10%,82.80%,75.00%,66.70%,85.50%,82.10%,93.80%,75.00%,71.20%,95.50%,80.60%,41.70%,39.30%,33.30%,,62.50%,50.00%,50.00%,1.19,0.34,519,551,35.5,35.2,22.9,17.5,18,41,7,17.1,62,5,8.1,,,,,,,,,,,,,,,,,,,,,,,,,,,76.50%,78.20%,,,,,,,86.20%,83.80%,72.90%,77.90%,78.60%,75.70%,,,76.90%,77.60%,79.10%,68.10%,,,,,,,Promotion CCW,52.6,Take-out CW,83.7
Alina Paetz,82.60%,84.00%,83.40%,86.40%,528,"{""Fourth"": {""start"": ""2024-10-01"", ""end"": ""2025-03-23"", ""count"": 20}}","{""SUI (Tirinzoni)"": {""start"": ""2024-11-16"", ""end"": ""2025-03-23"", ""count"": 16}, ""Tirinzoni"": {""start"": ""2024-10-01"", ""end"": ""2024-10-04"", ""count"": 4}}",Right,1990,"Urdorf, SUI",,,,,,,95.00%,93.80%,77.30%,81.40%,83.30%,,92.50%,91.60%,81.90%,84.50%,96.90%,99.30%,73.30%,64.40%,81.70%,66.70%,75.00%,75.00%,55.00%,68.10%,,,87.50%,,77.30%,75.00%,,,,85.70%,62.50%,75.00%,,,79.20%,,,,,,,66.70%,1.23,0.38,134,130,36.6,40.8,21.5,16.4,20.2,3,0,0,21,0,0,,,,,,,,,,,,,,,,,,,,,,,,,,,,,,,,,,,,,,,,,,,,,,,,,75.60%,83.90%,86.10%,84.80%,Promotion CW,55,Guard CW,95
Alison Kreviazuk,83.40%,82.90%,83.20%,81.50%,468,"{""Second"": {""start"": ""2011-02-19"", ""end"": ""2013-02-24"", ""count"": 17}}","{""ON(Homan)"": {""start"": ""2011-02-19"", ""end"": ""2011-02-27"", ""count"": 8}, ""ON (Homan)"": {""start"": ""2013-02-16"", ""end"": ""2013-02-24"", ""count"": 9}}",Right,1988,"Mississauga, ON","Ottawa, ON",Curler,,University of Ottawa,,,85.00%,94.20%,77.10%,75.00%,87.50%,72.50%,86.10%,84.80%,78.20%,79.50%,90.10%,93.30%,81.20%,69.40%,66.70%,44.40%,,,,,,,75.00%,,66.70%,66.70%,,75.00%,58.30%,,,,93.20%,,,50.00%,,75.00%,,,,,1.24,0.43,107,120,37.4,31.7,31.7,12.1,25.3,5,0,0,17,1,5.9,,,,,,,,,,,,,,,,,,,,,,,81.90%,79.70%,,,80.40%,88.10%,,,,,,,,,,,,,,,,,,,,,,,,,Raise CCW,44.4,Guard CCW,94.2
Alison Thiessen,83.00%,86.30%,84.70%,66.30%,323,"{""Lead"": {""start"": ""2017-02-18"", ""end"": ""2017-11-11"", ""count"": 12}}","{""Kleibrink"": {""start"": ""2017-11-07"", ""end"": ""2017-11-11"", ""count"": 5}, ""AB (Kleibrink)"": {""start"": ""2017-02-18"", ""end"": ""2017-02-24"", ""count"": 7}}",Left,1993,"Edmonton, AB",,,,,94.40%,96.10%,85.40%,81.20%,81.20%,86.00%,75.00%,60.70%,68.80%,91.40%,85.70%,46.40%,,,25.00%,,87.50%,91.70%,0.00%,33.30%,,,,92.90%,75.00%,,75.00%,91.70%,,,,62.50%,,0.00%,,,,,,,,0.00%,,,0.94,0.27,89,71,24.7,46.5,15.5,25.8,-1.1,8,2,25,7,1,14.3,,,,,,,,,,,,,,,,,,,,,,,,,,,,,,,,,,,87.30%,76.30%,,,,,,,,,,,,,,,,,Wick CW,0,Raise CCW,91.7
Allan Lyburn,87.00%,82.00%,84.70%,94.80%,260,"{""Third"": {""start"": ""2012-03-03"", ""end"": ""2012-03-11"", ""count"": 9}}","{""MB (Fowler)"": {""start"": ""2012-03-03"", ""end"": ""2012-03-11"", ""count"": 9}}",Right,1972,"Stranraer, SCO","Brandon, MB","Parts Manager, Krevco",Stranraer Acadamy,Barny AG College,95.00%,,95.00%,97.50%,83.60%,76.50%,85.70%,84.40%,91.50%,86.80%,76.50%,72.90%,92.90%,83.00%,75.00%,65.00%,87.50%,75.00%,,,,,,,,,50.00%,,,,,,87.50%,,,,,,,,,,,,1.21,0.25,68,59,36.8,39,16.9,16.2,20.6,4,0,0,8,1,12.5,,,,,,,,,,,,,,,,,,,,,,,,,86.00%,84.00%,,,,,,,,,,,,,,,,,,,,,,,,,,,Double CCW,65,Guard CCW,97.5
Allison Howell,78.50%,70.10%,75.10%,73.40%,202,"{""Lead"": {""start"": ""2017-02-16"", ""end"": ""2018-03-07"", ""count"": 10}}","{""United States"": {""start"": ""2017-02-16"", ""end"": ""2018-03-07"", ""count"": 10}}",Right,1999,"Toms River, NJ","Bentleyville, OH",Student,St. Rose High School,Wisconsin-Milwaukee,83.50%,81.00%,50.00%,75.00%,78.70%,69.30%,,37.50%,81.20%,75.00%,56.20%,37.50%,,,75.00%,50.00%,,50.00%,,66.70%,,,96.40%,,,,89.30%,0.00%,,,,,75.00%,,,,,,,50.00%,,50.00%,,,1.35,0.31,49,54,38.8,24.1,20.4,22.4,16.4,6,1,16.7,6,0,0,,,,,,,,,,,,,,,,,,,,,,,,,,,,,,,,,,,75.90%,65.00%,80.20%,78.10%,,,,,,,,,,,,,,,Freeze CCW,37.5,Take-out CW,81.2
Allison Pottinger,82.90%,84.60%,83.80%,95.80%,212,"{""Third"": {""start"": ""2016-03-19"", ""end"": ""2016-03-24"", ""count"": 6}}","{""USA (Brown)"": {""start"": ""2016-03-19"", ""end"": ""2016-03-24"", ""count"": 6}}",Right,1973,"Brampton, ON","Eden Prairie, MN",Marketing Research Analyst,"Richelieu Valley Regional High School - McMasterville, Quebec","University of Milwaukee, Masters Degree in Marketing",,50.00%,84.40%,75.00%,79.30%,79.60%,,50.00%,89.60%,89.30%,79.50%,80.80%,,95.50%,62.50%,75.00%,75.00%,,,,,,,,87.50%,,,87.50%,,,,,,83.30%,,,,,,,,,,,1.1,0.19,48,54,31.2,42.6,14.8,10.4,20.8,2,0,0,3,0,0,,,,,,,,,,,,,,,,,,,,,,,,,,,,,,,,,79.50%,85.90%,,,,,,,,,,,,,,,,,,,Freeze CCW,50,Take-out CW,89.6
Allison Ross,67.90%,71.90%,70.30%,70.40%,202,"{""Fourth"": {""start"": ""2013-02-16"", ""end"": ""2013-02-22"", ""count"": 7}}","{""QC (Ross)"": {""start"": ""2013-02-16"", ""end"": ""2013-02-22"", ""count"": 7}}",Right,1976,"Cannington, ON","Ste. Martine, QC","Bookkeeper, Les Equipments Lazure Riendeau",,,50.00%,,90.60%,84.10%,68.10%,54.20%,50.00%,,64.20%,82.80%,75.00%,64.60%,90.00%,90.00%,75.00%,75.00%,40.60%,50.00%,,,,,50.00%,,87.50%,,,66.70%,,,25.00%,,50.00%,,,,,,25.00%,,,,,,0.76,0.32,51,50,15.7,28,26,27.5,-11.8,6,0,0,3,0,0,,,,,,,,,,,,,,,,,,,,,,,,,,,66.10%,72.80%,,,,,,,,,,,,,,,,,,,,,,,,,Raise CW,40.6,Guard CW,90.6
Almida De Val,77.60%,79.60%,78.70%,76.90%,1930,"{""Second"": {""start"": ""2017-01-30"", ""end"": ""2018-03-10"", ""count"": 15}, ""Fourth"": {""start"": ""2019-02-18"", ""end"": ""2019-02-18"", ""count"": 1}, ""Third"": {""start"": ""2021-10-19"", ""end"": ""2025-04-11"", ""count"": 91}}","{""Sweden"": {""start"": ""2017-01-30"", ""end"": ""2019-02-18"", ""count"": 16}, ""Wranå"": {""start"": ""2021-10-19"", ""end"": ""2022-10-08"", ""count"": 10}, ""Wrana"": {""start"": ""2021-11-02"", ""end"": ""2025-04-11"", ""count"": 74}, ""SWE (Wranaa)"": {""start"": ""2023-11-18"", ""end"": ""2023-11-24"", ""count"": 7}}",Right,1997,,"Stockholm, SWE",,,,83.80%,82.50%,89.10%,93.00%,73.70%,71.40%,76.90%,72.30%,77.50%,81.60%,71.90%,77.40%,88.10%,92.00%,77.30%,76.00%,65.00%,65.90%,,,65.00%,72.50%,75.00%,0.00%,,92.50%,75.00%,67.70%,75.00%,60.00%,90.80%,76.20%,84.10%,83.30%,86.10%,93.60%,,92.90%,68.80%,76.90%,,,,62.50%,1.12,0.37,474,457,34.4,34.1,26.3,21.9,12.5,45,11,24.4,53,0,0,,,,,,,,,,,,,,,,,,,,,,,,,,,,,,,,,,,69.30%,86.50%,71.60%,81.20%,93.80%,81.20%,,,75.90%,77.40%,77.30%,77.80%,80.60%,75.80%,81.40%,77.80%,77.00%,81.40%,Raise CW,65,Guard CCW,93
Amanda Gates,83.60%,84.50%,84.00%,69.90%,1140,"{""Lead"": {""start"": ""2012-02-18"", ""end"": ""2021-02-24"", ""count"": 39}}","{""ON (Horgan)"": {""start"": ""2012-02-18"", ""end"": ""2012-02-23"", ""count"": 6}, ""NO (Koivula)"": {""start"": ""2014-11-10"", ""end"": ""2015-11-14"", ""count"": 12}, ""Fleury"": {""start"": ""2015-12-02"", ""end"": ""2017-11-10"", ""count"": 8}, ""NO"": {""start"": ""2018-01-27"", ""end"": ""2018-02-03"", ""count"": 8}, ""NO (Burns)"": {""start"": ""2021-02-19"", ""end"": ""2021-02-24"", ""count"": 5}}",Right,1986,"Sudbury, ON","Sudbury, ON",Insurance Broker,,,92.60%,89.20%,73.70%,78.80%,80.20%,84.50%,69.80%,91.70%,83.10%,84.50%,87.50%,75.00%,68.80%,87.50%,37.50%,50.00%,58.30%,62.50%,66.70%,53.60%,,,96.40%,,,,80.00%,75.00%,50.00%,,,,87.50%,50.00%,62.50%,,0.00%,,,43.80%,75.00%,58.30%,,,1.02,0.25,280,279,30,35.8,21.1,21.4,8.6,28,5,17.9,25,1,4,,,,,,,,,,,,,,,,,,,,,,,,,83.20%,79.80%,,,85.70%,88.00%,90.00%,77.70%,76.80%,73.10%,89.10%,80.60%,90.20%,80.50%,,,,,79.50%,69.80%,,,,,,,,,Double CW,37.5,Freeze CCW,91.7
Amber Cheveldave,71.90%,73.20%,72.60%,67.70%,198,"{""Lead"": {""start"": ""2013-02-16"", ""end"": ""2013-02-22"", ""count"": 7}}","{""AB (Moore)"": {""start"": ""2013-02-16"", ""end"": ""2013-02-22"", ""count"": 7}}",Right,,,,,,,83.90%,84.80%,62.50%,50.00%,63.90%,62.20%,50.00%,,80.80%,85.40%,70.00%,50.00%,,,,50.00%,33.30%,66.70%,,,,,70.80%,83.30%,,,,66.70%,,,,,50.00%,,,,,,,,,,,,0.8,0.13,60,38,18.3,47.4,10.5,26.7,-8.4,8,1,12.5,3,2,66.7,,,,,,,,,,,,,,,,,,,,,,,,,,,72.30%,73.70%,,,,,,,,,,,,,,,,,,,,,,,,,Raise CW,33.3,Take-out CCW,85.4
Amber Holland,76.60%,76.50%,76.50%,73.80%,566,"{""Fourth"": {""start"": ""2011-02-19"", ""end"": ""2022-05-07"", ""count"": 21}}","{""SK(Holland)"": {""start"": ""2011-02-19"", ""end"": ""2011-02-27"", ""count"": 9}, ""CAN (Holland)"": {""start"": ""2012-02-18"", ""end"": ""2012-02-23"", ""count"": 6}, ""SK (Anderson)"": {""start"": ""2021-02-26"", ""end"": ""2021-02-26"", ""count"": 1}, ""Holland"": {""start"": ""2022-05-03"", ""end"": ""2022-05-07"", ""count"": 5}}",Right,1974,"Yorkton, SK","Regina, SK",,,,,,78.10%,95.00%,72.30%,76.20%,71.40%,69.40%,81.70%,80.80%,80.10%,72.40%,88.50%,85.30%,61.40%,58.80%,67.00%,55.60%,,,,,,,,,50.00%,57.10%,,,71.40%,85.40%,25.00%,87.50%,,,75.00%,60.70%,,,,,,,1.14,0.3,147,131,33.3,44.3,18.3,23.8,9.5,12,4,33.3,15,3,20,,,,,,,,,,,,,,,,,,,,,,,77.80%,79.60%,76.30%,79.30%,,,,,,,,,,,,,,,,,70.80%,60.00%,67.70%,64.90%,,,,,,,Raise CCW,55.6,Guard CCW,95
Ami Enami,84.30%,75.30%,80.60%,84.60%,215,"{""Fourth"": {""start"": ""2019-02-21"", ""end"": ""2019-02-21"", ""count"": 1}, ""Second"": {""start"": ""2024-10-01"", ""end"": ""2025-01-15"", ""count"": 11}, ""Lead"": {""start"": ""2025-01-16"", ""end"": ""2025-01-17"", ""count"": 2}}","{""Japan"": {""start"": ""2019-02-21"", ""end"": ""2019-02-21"", ""count"": 1}, ""Kitazawa"": {""start"": ""2024-10-01"", ""end"": ""2025-01-17"", ""count"": 13}}",Right,,,,,,,81.20%,,85.70%,85.70%,81.00%,65.70%,75.00%,68.80%,83.30%,80.70%,83.90%,81.20%,,,75.00%,50.00%,89.30%,75.00%,,,91.70%,,,,70.00%,66.70%,87.50%,75.00%,75.00%,,50.00%,,75.00%,,,,,,,,,,,,1.28,0.33,50,57,34,26.3,29.8,22,12,5,1,20,5,0,0,,,,,,,,,,,,,,,,,,,,,,,,,,,,,,,,,,,,,,,85.00%,78.30%,,,,,,,,,77.60%,84.10%,75.00%,86.50%,Double CCW,50,Promotion CW,91.7
Amos Mosaner,82.20%,82.50%,82.30%,83.90%,5796,"{""Fourth"": {""start"": ""2013-02-28"", ""end"": ""2018-04-06"", ""count"": 48}, ""Third"": {""start"": ""2016-11-19"", ""end"": ""2025-04-11"", ""count"": 189}, ""Second"": {""start"": ""2022-04-07"", ""end"": ""2023-05-05"", ""count"": 10}}","{""ITA"": {""start"": ""2013-02-28"", ""end"": ""2015-03-05"", ""count"": 16}, ""Italy"": {""start"": ""2016-11-19"", ""end"": ""2022-11-25"", ""count"": 77}, ""ITA (Retornaz)"": {""start"": ""2018-02-14"", ""end"": ""2025-04-04"", ""count"": 60}, ""Retornaz"": {""start"": ""2022-04-12"", ""end"": ""2025-04-11"", ""count"": 84}}",Right,1995,,,,,,,91.50%,87.80%,91.10%,76.70%,78.50%,80.70%,76.60%,86.40%,86.20%,81.60%,79.30%,95.60%,94.60%,76.50%,78.50%,81.20%,75.70%,,54.20%,68.90%,63.00%,,94.30%,89.40%,96.70%,77.90%,76.80%,92.90%,75.00%,91.30%,84.80%,90.00%,80.40%,98.70%,97.20%,75.00%,72.30%,75.00%,80.00%,,,55.00%,58.30%,1.17,0.28,1405,1405,35.8,35.7,20.8,16.2,19.6,111,21,18.9,138,2,1.4,,,,,,,,,,,,,,,,,,,,,,,,,,,67.00%,73.30%,78.50%,78.80%,91.70%,82.10%,74.00%,83.60%,72.40%,77.10%,78.90%,80.60%,82.90%,79.60%,,,80.90%,85.00%,83.60%,82.80%,86.70%,87.50%,84.40%,84.40%,83.20%,84.20%,Wick CCW,54.2,Guard CCW,91.1
Amy Nixon,79.60%,81.00%,80.30%,78.10%,1108,"{""Third"": {""start"": ""2006-02-22"", ""end"": ""2017-02-26"", ""count"": 36}, ""Lead"": {""start"": ""2012-02-20"", ""end"": ""2012-02-20"", ""count"": 1}}","{""CAN"": {""start"": ""2006-02-22"", ""end"": ""2006-02-23"", ""count"": 2}, ""AB (Kleibrink)"": {""start"": ""2011-02-19"", ""end"": ""2011-02-24"", ""count"": 6}, ""AB (Nedohin)"": {""start"": ""2012-02-20"", ""end"": ""2012-02-20"", ""count"": 1}, ""Carey"": {""start"": ""2016-11-30"", ""end"": ""2016-12-02"", ""count"": 3}, ""AB (Carey)"": {""start"": ""2016-02-20"", ""end"": ""2016-02-28"", ""count"": 8}, ""CAN (Carey)"": {""start"": ""2016-03-19"", ""end"": ""2016-03-27"", ""count"": 8}, ""CA (Carey)"": {""start"": ""2017-02-18"", ""end"": ""2017-02-26"", ""count"": 9}}",Right,1977,"Regina, SK","Calgary, AB","Lawyer, City of Calgary",Campbell Collegiate (Regina),University of Calgary,82.10%,92.90%,90.10%,93.20%,68.80%,71.90%,72.60%,63.80%,84.20%,84.10%,77.70%,77.50%,90.80%,92.80%,77.90%,70.60%,75.00%,75.00%,,,50.00%,,87.50%,83.30%,78.60%,,59.10%,78.10%,66.70%,66.70%,88.90%,67.90%,,50.00%,94.10%,93.10%,,50.00%,62.50%,80.00%,,,,,1.12,0.33,274,264,32.1,41.7,21.6,17.5,14.6,17,6,35.3,29,1,3.4,,,,,,,,,,,,,54.50%,79.00%,,,,,,,,,71.00%,78.70%,,100.00%,,,,,,,77.80%,84.60%,78.30%,81.60%,,,,,,,,,,,,,,,,,Promotion CW,50,Guard CCW,93.2
Analena Jentsch,76.60%,77.70%,77.20%,67.60%,3112,"{""Third"": {""start"": ""2015-03-14"", ""end"": ""2017-03-23"", ""count"": 19}, ""Second"": {""start"": ""2017-03-18"", ""end"": ""2021-05-06"", ""count"": 36}, ""Lead"": {""start"": ""2019-03-16"", ""end"": ""2023-03-24"", ""count"": 60}}","{""GER"": {""start"": ""2015-03-14"", ""end"": ""2015-03-19"", ""count"": 6}, ""Germany"": {""start"": ""2016-11-19"", ""end"": ""2022-11-23"", ""count"": 76}, ""GER (Driendl)"": {""start"": ""2016-03-19"", ""end"": ""2016-03-24"", ""count"": 6}, ""Jentsch"": {""start"": ""2022-04-12"", ""end"": ""2022-10-21"", ""count"": 11}, ""GER (Jentsch)"": {""start"": ""2023-03-18"", ""end"": ""2023-03-24"", ""count"": 7}}",Right,1997,"Fuessen, GER","Fuessen, GER",Soldier,,,87.20%,85.30%,82.40%,80.90%,73.20%,76.10%,56.20%,56.20%,74.60%,81.40%,74.20%,73.50%,84.40%,81.10%,64.20%,65.40%,57.40%,69.70%,59.70%,54.00%,60.40%,31.20%,90.30%,87.80%,92.50%,82.70%,73.30%,75.50%,50.00%,45.00%,62.50%,75.00%,87.50%,41.70%,83.90%,77.90%,66.70%,50.00%,56.20%,85.00%,25.00%,60.70%,50.00%,,1,0.29,754,706,28.2,32.7,20.4,23.3,4.9,85,14,16.5,55,4,7.3,,,,,,,,,,,,,,,,,,,,,,,,,,,,,,,65.90%,68.20%,75.40%,77.30%,72.70%,74.20%,75.70%,74.80%,81.70%,66.20%,,,81.00%,74.20%,81.40%,80.00%,80.50%,83.30%,,,,,Promotion CCW,31.2,Guard CW,82.4
Anastasia Bryzgalova,80.70%,79.00%,79.80%,84.60%,488,"{""Second"": {""start"": ""2018-12-05"", ""end"": ""2018-12-08"", ""count"": 2}, ""Third"": {""start"": ""2018-11-17"", ""end"": ""2019-03-23"", ""count"": 15}}","{""Russia"": {""start"": ""2018-11-17"", ""end"": ""2019-03-23"", ""count"": 17}}",Right,1993,"St. Petersburg, RUS","St. Petersburg, RUS",,,,93.80%,,91.30%,79.40%,79.30%,71.90%,,25.00%,81.10%,85.20%,80.40%,71.10%,85.60%,90.20%,67.90%,79.20%,70.50%,65.90%,,,69.40%,66.70%,,,,66.70%,58.30%,43.80%,,,93.80%,81.20%,75.00%,,,,75.00%,,,,,,75.00%,,1.36,0.29,113,124,43.4,32.3,21,15,28.4,9,3,33.3,14,2,14.3,,,,,,,,,,,,,,,,,,,,,,,,,,,,,,,,,,,,,74.40%,79.80%,82.80%,81.20%,,,,,,,,,,,,,Freeze CCW,25,Guard CW,91.3
Andrea Kelly,76.10%,77.70%,76.80%,69.50%,770,"{""Fourth"": {""start"": ""2011-02-19"", ""end"": ""2023-02-23"", ""count"": 21}, ""Third"": {""start"": ""2024-02-16"", ""end"": ""2024-02-22"", ""count"": 6}}","{""NB(Kelly)"": {""start"": ""2011-02-19"", ""end"": ""2011-02-24"", ""count"": 6}, ""NB (Atkinson)"": {""start"": ""2012-02-18"", ""end"": ""2012-02-23"", ""count"": 6}, ""Kelly"": {""start"": ""2022-09-21"", ""end"": ""2022-10-19"", ""count"": 3}, ""NB (Kelly)"": {""start"": ""2023-02-18"", ""end"": ""2023-02-23"", ""count"": 6}, ""NO (McCarville)"": {""start"": ""2024-02-16"", ""end"": ""2024-02-22"", ""count"": 6}}",Right,1985,"Perth-Andover, NB","Aroostook, NB","Human Resources Manager, Canadian Forces",,,,92.90%,82.90%,81.00%,71.50%,69.20%,72.20%,86.40%,81.10%,83.30%,73.20%,72.90%,97.60%,92.70%,59.80%,66.20%,73.70%,72.10%,,,,,,83.30%,58.30%,79.20%,67.20%,56.80%,58.30%,,72.50%,89.30%,66.70%,66.70%,,,,,0.00%,43.80%,,,,,1.03,0.28,189,184,24.9,41.3,20.1,22.8,2.1,17,4,23.5,15,1,6.7,,,,,,,,,,,,,,,,,,,,,,,67.60%,77.50%,77.40%,77.60%,,,,,,,,,,,,,,,,,,,60.00%,77.60%,76.10%,80.80%,78.30%,82.20%,,,Double CW,59.8,Freeze CCW,86.4
Andrea Pilzer,79.20%,79.50%,79.40%,82.20%,1172,"{""Third"": {""start"": ""2013-02-28"", ""end"": ""2013-03-07"", ""count"": 8}, ""Lead"": {""start"": ""2014-11-22"", ""end"": ""2018-02-20"", ""count"": 9}, ""Second"": {""start"": ""2016-11-19"", ""end"": ""2018-04-06"", ""count"": 23}}","{""ITA"": {""start"": ""2013-02-28"", ""end"": ""2014-11-28"", ""count"": 15}, ""Italy"": {""start"": ""2016-11-19"", ""end"": ""2017-11-22"", ""count"": 16}, ""ITA (Retornaz)"": {""start"": ""2018-02-19"", ""end"": ""2018-04-06"", ""count"": 9}}",Right,1991,,,,,,92.10%,90.40%,86.70%,75.00%,76.40%,79.10%,25.00%,60.00%,77.30%,80.40%,76.50%,76.20%,83.70%,88.80%,65.80%,66.90%,75.00%,71.00%,62.50%,62.50%,54.50%,61.70%,97.60%,94.40%,91.70%,75.00%,73.50%,72.70%,,,,81.20%,91.70%,,86.40%,88.50%,,66.70%,50.00%,25.00%,,66.70%,,,0.99,0.25,306,276,28.1,36.6,18.1,19.9,8.2,29,5,17.2,20,0,0,,,,,,,,,,,,,,,,,,,,,,,,,,,78.50%,70.60%,81.80%,85.40%,,,78.20%,80.80%,80.90%,78.20%,85.10%,75.20%,,,,,,,,,,,,,,,Freeze CW,25,Guard CW,86.7
Andrew Gibson,83.80%,79.80%,82.30%,82.90%,1104,"{""Lead"": {""start"": ""2003-03-01"", ""end"": ""2006-03-18"", ""count"": 24}, ""Second"": {""start"": ""2009-03-07"", ""end"": ""2011-03-10"", ""count"": 12}}","{""N.S.(Dacey)"": {""start"": ""2003-03-01"", ""end"": ""2003-03-09"", ""count"": 9}, ""NS (Dacey)"": {""start"": ""2004-03-06"", ""end"": ""2004-03-13"", ""count"": 8}, ""N.S (Dacey)"": {""start"": ""2006-03-11"", ""end"": ""2006-03-18"", ""count"": 7}, ""N.S.  (Dacey)"": {""start"": ""2009-03-07"", ""end"": ""2009-03-12"", ""count"": 6}, ""NS (Adams)"": {""start"": ""2011-03-05"", ""end"": ""2011-03-10"", ""count"": 6}}",Right,1979,"Halifax, NS","Dartmouth, NS",,,,96.50%,92.00%,85.90%,95.60%,81.80%,77.90%,74.50%,76.70%,81.00%,82.00%,80.30%,68.00%,91.70%,77.40%,67.90%,72.50%,81.70%,69.40%,37.50%,,,,,,93.80%,,78.20%,81.20%,91.70%,79.20%,75.00%,,91.70%,,95.00%,85.70%,50.00%,,87.50%,50.00%,16.70%,,,,1.17,0.27,272,271,32.7,38,16.6,20.2,12.5,29,4,13.8,23,1,4.3,,,,,,,84.00%,77.20%,86.40%,86.30%,,,88.10%,75.00%,,,,,72.10%,75.00%,,,84.00%,79.30%,,,,,,,,,,,,,,,,,,,,,,,,,,,,,Wick CW,37.5,Guard CCW,95.6
Andrew Gittis,79.30%,80.20%,79.80%,82.30%,352,"{""Second"": {""start"": ""2020-01-18"", ""end"": ""2022-10-18"", ""count"": 16}}","{""AB"": {""start"": ""2020-01-18"", ""end"": ""2020-01-24"", ""count"": 7}, ""Alberta (m)"": {""start"": ""2020-03-11"", ""end"": ""2020-03-13"", ""count"": 3}, ""Jacques"": {""start"": ""2022-05-03"", ""end"": ""2022-10-18"", ""count"": 6}}",Right,1998,,,,,,81.20%,98.10%,83.30%,92.30%,71.80%,76.90%,70.80%,75.00%,87.80%,72.40%,77.90%,78.40%,88.90%,88.00%,60.70%,90.00%,70.00%,63.90%,,,,,75.00%,95.00%,75.00%,,62.50%,95.00%,,,80.00%,62.50%,,68.80%,,70.00%,,75.00%,,75.00%,,,,,1.06,0.34,87,83,31,42.2,21.7,23,8,8,0,0,9,1,11.1,,,,,,,,,,,,,,,,,,,,,,,,,,,,,,,,,,,,,,,,,77.30%,80.70%,,,85.00%,77.70%,,,,,,,Double CW,60.7,Guard CCW,92.3
Andrew Nerpin,74.60%,79.50%,77.20%,83.80%,428,"{""Second"": {""start"": ""2018-03-03"", ""end"": ""2021-03-11"", ""count"": 17}, ""Third"": {""start"": ""2018-03-09"", ""end"": ""2018-03-09"", ""count"": 1}}","{""BC"": {""start"": ""2018-03-03"", ""end"": ""2018-03-09"", ""count"": 6}, ""BC (Cotter)"": {""start"": ""2020-02-29"", ""end"": ""2020-03-04"", ""count"": 5}, ""BC (Laycock)"": {""start"": ""2021-03-06"", ""end"": ""2021-03-11"", ""count"": 6}}",Right,1987,"Marathon, ON","Kelowna, BC",,,,88.90%,89.30%,77.50%,86.20%,68.80%,72.70%,67.50%,72.70%,78.50%,80.10%,56.80%,76.00%,80.60%,94.70%,80.80%,61.40%,70.00%,80.60%,,,,,93.80%,,75.00%,,42.50%,75.00%,62.50%,,75.00%,,,50.00%,,,,,,,,,,,1.02,0.21,105,104,27.6,34.6,15.4,21,6.6,11,1,9.1,8,2,25,,,,,,,,,,,,,,,,,,,,,,,,,,,,,,,,,,,,,77.00%,76.00%,,,76.20%,79.90%,72.80%,81.80%,,,,,,,,,Hit-roll CW,56.8,Guard CCW,86.2
Andrew Nowell,87.90%,88.90%,88.60%,89.50%,212,"{""Lead"": {""start"": ""2022-04-01"", ""end"": ""2024-03-16"", ""count"": 7}}","{""AB1 (Tao)"": {""start"": ""2022-04-01"", ""end"": ""2022-04-01"", ""count"": 1}, ""Jacques"": {""start"": ""2022-10-18"", ""end"": ""2022-10-18"", ""count"": 1}, ""ALB - M"": {""start"": ""2024-03-12"", ""end"": ""2024-03-16"", ""count"": 5}}",Right,2001,,,,,,96.70%,92.30%,,81.20%,92.90%,91.80%,25.00%,82.10%,70.00%,91.10%,55.00%,63.90%,,,,50.00%,,,,,,,,,,,91.70%,95.00%,,50.00%,,,,,,,,,,,,,,,1.07,0.34,44,58,29.5,24.1,25.9,20.5,9,3,1,33.3,6,0,0,,,,,,,,,,,,,,,,,,,,,,,,,,,,,,,,,,,,,,,,,,,,,88.30%,68.80%,,,91.80%,75.80%,,,Freeze CW,25,Draw CW,92.9
Andrew Stopera,81.90%,80.20%,81.00%,83.90%,1669,"{""Fourth"": {""start"": ""2017-02-16"", ""end"": ""2023-05-06"", ""count"": 19}, ""Second"": {""start"": ""2017-01-31"", ""end"": ""2025-04-11"", ""count"": 17}, ""Lead"": {""start"": ""2017-02-03"", ""end"": ""2017-02-03"", ""count"": 1}, ""Third"": {""start"": ""2021-10-19"", ""end"": ""2025-04-09"", ""count"": 54}}","{""United States"": {""start"": ""2017-02-16"", ""end"": ""2019-02-19"", ""count"": 13}, ""USA (Leichter)"": {""start"": ""2017-01-31"", ""end"": ""2017-02-03"", ""count"": 2}, ""Ruohonen"": {""start"": ""2021-10-19"", ""end"": ""2021-10-22"", ""count"": 4}, ""Dropkin"": {""start"": ""2022-10-04"", ""end"": ""2025-04-11"", ""count"": 54}, ""USA (Dropkin)"": {""start"": ""2022-10-30"", ""end"": ""2025-04-04"", ""count"": 14}}",Right,1997,,"Briarcliff Manor, NY",,,Northwestern University,89.30%,,91.80%,89.60%,79.40%,78.40%,73.90%,78.60%,85.00%,83.30%,81.40%,76.80%,92.40%,92.90%,69.80%,67.70%,76.90%,70.70%,70.00%,41.70%,61.10%,71.20%,,,86.10%,86.10%,83.30%,74.20%,65.00%,83.30%,86.80%,89.30%,83.30%,80.60%,93.80%,94.20%,75.00%,53.10%,83.30%,86.10%,,,,75.00%,0.99,0.23,412,393,29.6,31.3,17,21.6,8,45,4,8.9,32,1,3.1,,,,,,,,,,,,,,,,,,,,,,,,,,,,,,,,,,,76.60%,79.60%,84.40%,69.60%,76.70%,84.40%,,,80.00%,68.10%,88.00%,84.20%,81.70%,80.30%,81.40%,77.60%,82.40%,81.30%,Wick CCW,41.7,Guard CW,91.8
Andrew Symonds,76.10%,68.30%,72.60%,68.10%,261,"{""Lead"": {""start"": ""2011-03-05"", ""end"": ""2011-03-05"", ""count"": 1}, ""Fourth"": {""start"": ""2019-03-02"", ""end"": ""2024-03-07"", ""count"": 11}}","{""NL (Gushue)"": {""start"": ""2011-03-05"", ""end"": ""2011-03-05"", ""count"": 1}, ""NL"": {""start"": ""2019-03-02"", ""end"": ""2019-03-06"", ""count"": 5}, ""NL (Symonds)"": {""start"": ""2024-03-02"", ""end"": ""2024-03-07"", ""count"": 6}}",Right,1974,,,,,,,,,,77.20%,71.80%,73.10%,56.20%,79.00%,65.60%,81.20%,46.40%,,,37.50%,70.00%,35.00%,,,,,,,,,,91.70%,36.10%,,,66.70%,87.50%,,,,,,0.00%,62.50%,,,,,,0.81,0.22,67,65,14.9,26.2,12.3,19.4,-4.5,11,0,0,3,0,0,,,,,,,,,,,,,,,,,,,,,,,87.50%,,,,,,,,,,,,,,,,65.90%,68.20%,,,,,,,,,78.80%,74.60%,,,Raise CW,35,Hit-roll CW,81.2
Andy Kapp,77.60%,80.80%,79.20%,81.70%,237,"{""Fourth"": {""start"": ""2010-02-16"", ""end"": ""2010-02-22"", ""count"": 7}, ""Lead"": {""start"": ""2016-11-19"", ""end"": ""2016-11-21"", ""count"": 3}}","{""GER"": {""start"": ""2010-02-16"", ""end"": ""2010-02-22"", ""count"": 7}, ""Germany"": {""start"": ""2016-11-19"", ""end"": ""2016-11-21"", ""count"": 3}}",Right,1968,,,,,,98.20%,84.60%,85.00%,75.00%,77.80%,79.70%,75.00%,,83.30%,84.70%,67.50%,81.20%,,50.00%,64.60%,75.00%,55.60%,68.80%,50.00%,,0.00%,90.00%,,,75.00%,50.00%,95.00%,85.00%,,,,,75.00%,,,,50.00%,,50.00%,,,,,,0.87,0.21,62,57,22.6,28.1,17.5,24.2,-1.6,9,2,22.2,3,1,33.3,,,,,,,,,,,,,,,,,,,,,78.30%,75.30%,,,,,,,,,,,86.50%,79.50%,,,,,,,,,,,,,,,,,,,Promotion CW,0,Promotion CCW,90
Andy Mccann,83.20%,83.80%,83.50%,85.10%,1086,"{""Lead"": {""start"": ""2008-03-12"", ""end"": ""2025-03-06"", ""count"": 19}, ""Third"": {""start"": ""2012-03-03"", ""end"": ""2012-03-08"", ""count"": 6}, ""Second"": {""start"": ""2018-03-03"", ""end"": ""2025-03-04"", ""count"": 18}}","{""N.B. (Grattan)"": {""start"": ""2008-03-12"", ""end"": ""2008-03-12"", ""count"": 1}, ""NB (Odishaw)"": {""start"": ""2012-03-03"", ""end"": ""2012-03-08"", ""count"": 6}, ""NB"": {""start"": ""2018-03-03"", ""end"": ""2018-03-09"", ""count"": 6}, ""NB (Grattan)"": {""start"": ""2020-02-29"", ""end"": ""2025-03-06"", ""count"": 29}}",Right,1982,"Oromocto, NB","Moncton, NB","Account Executive, Konica Minolta Business Solutions",,,94.80%,96.00%,84.80%,98.40%,81.00%,84.00%,83.90%,70.60%,79.40%,81.10%,75.00%,76.70%,83.10%,85.70%,77.80%,71.30%,66.10%,67.00%,58.30%,50.00%,,,96.90%,91.30%,91.70%,95.80%,79.70%,93.80%,,,90.00%,50.00%,75.00%,,,80.40%,,66.70%,87.50%,62.50%,,,,,0.98,0.25,260,274,26.2,35.4,19.7,25.4,0.8,31,5,16.1,15,1,6.7,,,,,,,,,,,,,,,,,92.10%,50.00%,,,,,,,79.70%,80.20%,,,,,,,,,,,83.60%,83.30%,,,80.60%,77.40%,84.00%,72.80%,91.40%,76.00%,,,91.10%,66.10%,91.10%,78.60%,Wick CCW,50,Guard CCW,98.4
Angela Romei,78.20%,80.10%,79.20%,79.30%,3022,"{""Lead"": {""start"": ""2017-11-18"", ""end"": ""2025-03-21"", ""count"": 44}, ""Second"": {""start"": ""2018-11-17"", ""end"": ""2024-11-28"", ""count"": 76}}","{""Italy"": {""start"": ""2017-11-18"", ""end"": ""2022-03-25"", ""count"": 47}, ""ITA (Constantini)"": {""start"": ""2022-11-18"", ""end"": ""2025-03-21"", ""count"": 42}, ""Constantin"": {""start"": ""2023-01-10"", ""end"": ""2023-01-14"", ""count"": 5}, ""Constantini"": {""start"": ""2023-10-17"", ""end"": ""2025-01-17"", ""count"": 25}}",Right,,,,,,,87.50%,87.20%,89.00%,85.10%,75.90%,77.10%,68.20%,78.30%,76.30%,84.50%,72.00%,72.50%,87.20%,89.20%,68.40%,70.40%,64.00%,65.80%,33.30%,51.80%,66.20%,67.00%,87.20%,88.60%,90.60%,94.30%,70.90%,71.90%,,,,,85.00%,77.80%,88.60%,90.80%,75.00%,50.00%,72.90%,85.00%,33.30%,45.00%,,,1.02,0.33,744,722,27.8,31.9,22.6,23.1,4.7,85,21,24.7,57,4,7,,,,,,,,,,,,,,,,,,,,,,,,,,,,,,,,,,,80.10%,64.70%,76.80%,70.20%,,,,,73.00%,75.70%,81.40%,75.60%,82.30%,79.80%,83.50%,83.50%,84.50%,77.40%,Wick CW,33.3,Guard CW,89
Angus Bryce,84.20%,82.40%,83.40%,83.50%,711,"{""Lead"": {""start"": ""2020-02-18"", ""end"": ""2020-02-22"", ""count"": 5}, ""Third"": {""start"": ""2022-05-19"", ""end"": ""2022-05-22"", ""count"": 3}, ""Second"": {""start"": ""2023-01-19"", ""end"": ""2024-11-29"", ""count"": 37}}","{""SCO (Craik)"": {""start"": ""2020-02-18"", ""end"": ""2022-05-22"", ""count"": 8}, ""Craik"": {""start"": ""2023-10-17"", ""end"": ""2024-11-29"", ""count"": 35}, ""GBR (Craik)"": {""start"": ""2023-01-19"", ""end"": ""2023-01-21"", ""count"": 2}}",Right,,,,,,,92.20%,96.90%,92.40%,90.20%,79.90%,78.20%,79.80%,73.40%,85.70%,87.50%,83.10%,80.30%,91.50%,90.50%,82.60%,81.60%,79.20%,77.10%,39.30%,,78.60%,75.00%,,87.50%,94.40%,,80.80%,82.10%,58.30%,80.00%,75.00%,,,,91.10%,91.70%,50.00%,87.50%,87.50%,87.50%,50.00%,,,,1.11,0.25,166,178,34.3,30.9,18,19.3,15,20,1,5,16,0,0,,,,,,,,,,,,,,,,,,,,,,,,,,,,,,,,,,,,,,,,,85.40%,76.20%,,,83.80%,81.40%,82.90%,83.10%,81.90%,85.40%,,,Wick CW,39.3,Guard CW,92.4
Anna Gut,75.00%,76.90%,76.10%,70.10%,390,"{""Lead"": {""start"": ""2017-02-16"", ""end"": ""2022-11-20"", ""count"": 16}}","{""Switzerland"": {""start"": ""2017-02-16"", ""end"": ""2020-02-20"", ""count"": 15}, ""SUI (Tirinzoni)"": {""start"": ""2022-11-20"", ""end"": ""2022-11-20"", ""count"": 1}}",Right,,,,,,,87.70%,90.90%,66.70%,63.90%,73.40%,66.50%,25.00%,0.00%,67.90%,72.20%,60.70%,64.30%,,,,50.00%,50.00%,75.00%,33.30%,64.30%,,,,97.20%,,,37.50%,56.20%,,,50.00%,,75.00%,,,,,,,,,75.00%,,,0.98,0.38,103,89,29.1,36,24.7,21.4,7.7,8,3,37.5,8,3,37.5,,,,,,,,,,,,,,,,,,,,,,,,,,,,,,,,,,,76.90%,68.10%,78.80%,75.00%,,,80.60%,61.70%,,,66.70%,,,,,,,,Freeze CCW,0,Raise CCW,75
Anna Hasselborg,79.00%,82.20%,80.70%,78.30%,5981,"{""Fourth"": {""start"": ""2014-11-22"", ""end"": ""2025-04-12"", ""count"": 256}}","{""SWE"": {""start"": ""2014-11-22"", ""end"": ""2014-11-27"", ""count"": 6}, ""Sweden"": {""start"": ""2016-11-19"", ""end"": ""2022-11-23"", ""count"": 111}, ""Hasselborg"": {""start"": ""2021-04-15"", ""end"": ""2025-04-12"", ""count"": 98}, ""SWE (Hasselborg)"": {""start"": ""2022-02-10"", ""end"": ""2025-03-22"", ""count"": 41}}",Right,1989,"Stockholm, SWE","Stockholm, SWE",Student,,,89.30%,,86.60%,88.60%,77.40%,79.70%,72.60%,67.90%,85.00%,87.90%,73.30%,78.70%,94.00%,96.90%,70.70%,70.60%,65.70%,73.10%,66.70%,67.50%,59.00%,63.10%,91.70%,,88.50%,92.20%,70.60%,78.20%,70.00%,50.00%,93.80%,89.70%,76.30%,74.10%,94.60%,95.60%,63.30%,69.10%,76.50%,66.70%,,,41.70%,60.90%,1.15,0.36,1479,1480,35,36.7,24.7,15.1,19.9,83,17,20.5,191,9,4.7,,,,,,,,,,,,,,,,,,,,,,,,,,,,,73.60%,80.90%,,,73.80%,86.00%,84.40%,83.10%,83.50%,82.90%,79.60%,80.20%,,,77.50%,80.60%,76.80%,79.80%,77.20%,81.20%,82.00%,79.70%,87.30%,82.90%,Promotion CW,59,Guard CCW,88.6
Anna Kubeskova,69.40%,72.90%,71.30%,68.20%,1648,"{""Fourth"": {""start"": ""2009-03-13"", ""end"": ""2023-11-23"", ""count"": 58}}","{""CZE"": {""start"": ""2009-03-13"", ""end"": ""2009-03-13"", ""count"": 1}, ""Czech Republic"": {""start"": ""2016-11-19"", ""end"": ""2021-12-12"", ""count"": 51}, ""CZE (Kubeskova)"": {""start"": ""2023-11-18"", ""end"": ""2023-11-23"", ""count"": 6}}",Right,1990,,"Prague, CZE",,,,50.00%,,81.70%,84.30%,65.20%,72.40%,28.60%,46.90%,81.20%,77.20%,72.80%,77.40%,89.90%,85.30%,60.60%,66.20%,44.80%,50.00%,43.80%,50.00%,39.10%,65.00%,50.00%,,87.50%,89.30%,64.70%,74.40%,43.80%,58.30%,86.10%,55.00%,65.60%,81.20%,,,33.30%,56.20%,50.00%,67.90%,,75.00%,41.70%,83.30%,0.98,0.24,431,390,26.7,38.7,16.7,26.7,0,51,11,21.6,27,2,7.4,,,,,,,,,,,,,,,,,,,93.80%,84.40%,,,,,,,,,,,,,67.20%,74.60%,71.10%,73.70%,73.30%,73.50%,67.90%,64.70%,,,65.00%,74.30%,,,63.80%,70.50%,,,,,Freeze CW,28.6,Guard CCW,84.3
Anna Munroe,74.70%,71.20%,73.00%,76.80%,306,"{""Second"": {""start"": ""2017-04-18"", ""end"": ""2019-02-20"", ""count"": 10}, ""Lead"": {""start"": ""2022-03-28"", ""end"": ""2022-03-28"", ""count"": 1}}","{""QC (Lavoie)"": {""start"": ""2017-04-18"", ""end"": ""2019-02-20"", ""count"": 10}, ""AB1 Gray-Withe"": {""start"": ""2022-03-28"", ""end"": ""2022-03-28"", ""count"": 1}}",Right,2001,,,,,,87.50%,94.20%,77.30%,,71.70%,57.90%,,0.00%,74.40%,80.30%,73.60%,79.70%,75.00%,75.00%,65.00%,43.80%,,50.00%,,,,,91.70%,,,,81.20%,37.50%,,,80.00%,,,75.00%,,56.20%,,0.00%,,,,,,,0.78,0.34,74,74,23,41.9,24.3,31.1,-8.1,7,0,0,6,1,16.7,,,,,,,,,,,,,,,,,,,,,,,,,,,,,,,,,,,60.60%,76.50%,,,74.50%,72.30%,,,,,90.00%,90.00%,,,,,,,Freeze CCW,0,Take-out CCW,80.3
Anna Ohmiya,81.30%,82.80%,82.00%,72.20%,1239,"{""Third"": {""start"": ""2010-02-16"", ""end"": ""2021-10-19"", ""count"": 6}, ""Second"": {""start"": ""2010-02-21"", ""end"": ""2021-10-21"", ""count"": 13}, ""Lead"": {""start"": ""2015-03-14"", ""end"": ""2025-04-12"", ""count"": 36}}","{""JPN"": {""start"": ""2010-02-16"", ""end"": ""2015-03-19"", ""count"": 12}, ""Yoshimura"": {""start"": ""2021-10-19"", ""end"": ""2025-04-12"", ""count"": 26}, ""Japan"": {""start"": ""2021-04-29"", ""end"": ""2021-05-06"", ""count"": 8}, ""JPN (Yoshimura)"": {""start"": ""2025-03-15"", ""end"": ""2025-03-21"", ""count"": 7}}",Right,1989,"Hokkaido, JPN","Sapporo, JPN",,,,89.50%,93.60%,82.60%,89.00%,82.40%,78.80%,84.40%,81.20%,77.30%,84.50%,73.60%,74.30%,89.40%,94.10%,59.00%,38.60%,76.70%,79.20%,60.00%,50.00%,59.40%,43.80%,92.30%,89.30%,78.60%,,87.50%,90.60%,,,75.00%,,66.70%,,88.90%,83.30%,37.50%,25.00%,0.00%,,85.00%,0.00%,,,1.11,0.26,308,291,31.5,39.9,18.9,21.1,10.4,31,9,29,26,3,11.5,,,,,,,,,,,,,,,,,,,,,66.70%,66.10%,,,,,,,,,79.90%,79.00%,,,,,,,,,,,81.60%,74.30%,,,81.10%,89.30%,88.80%,78.70%,91.40%,89.40%,Double CCW,38.6,Guard CCW,89
Anna Sidorova,78.60%,79.90%,79.30%,78.10%,1729,"{""Second"": {""start"": ""2009-03-13"", ""end"": ""2009-03-15"", ""count"": 2}, ""Third"": {""start"": ""2010-02-16"", ""end"": ""2010-02-21"", ""count"": 5}, ""Fourth"": {""start"": ""2010-02-19"", ""end"": ""2019-05-11"", ""count"": 61}, ""Lead"": {""start"": ""2018-03-21"", ""end"": ""2018-03-21"", ""count"": 1}}","{""RUS"": {""start"": ""2009-03-13"", ""end"": ""2015-11-28"", ""count"": 37}, ""RUS (Sidorova)"": {""start"": ""2016-03-19"", ""end"": ""2016-03-27"", ""count"": 8}, ""Russia"": {""start"": ""2017-03-18"", ""end"": ""2019-05-11"", ""count"": 24}}",Right,1991,"Moscow, RUS","Moscow, RUS",PR Specialist,,,66.70%,,78.20%,81.00%,75.20%,74.30%,55.40%,84.60%,87.60%,88.80%,82.20%,74.70%,89.40%,94.00%,70.00%,74.00%,55.30%,65.10%,60.00%,81.20%,64.60%,70.80%,,,70.80%,90.00%,80.60%,67.60%,41.70%,75.00%,90.20%,98.90%,96.40%,80.00%,91.70%,,66.70%,83.30%,25.00%,66.70%,,,33.30%,81.20%,1.22,0.43,395,465,38.5,34.6,27.1,14.4,24.1,26,5,19.2,58,3,5.2,,,,,,,,,,,,,,,,,,,59.60%,70.40%,74.70%,80.20%,,,,,,,78.00%,82.60%,75.50%,81.30%,78.80%,83.10%,72.40%,83.60%,78.10%,100.00%,73.00%,81.10%,,,,,,,,,,,,,Raise CW,55.3,Take-out CCW,88.8
Anna Sloan,80.10%,78.20%,79.10%,79.60%,1806,"{""Third"": {""start"": ""2009-03-13"", ""end"": ""2018-02-24"", ""count"": 66}}","{""SCO"": {""start"": ""2009-03-13"", ""end"": ""2015-11-28"", ""count"": 19}, ""GBR"": {""start"": ""2014-02-10"", ""end"": ""2014-02-20"", ""count"": 9}, ""Scotland"": {""start"": ""2016-11-19"", ""end"": ""2017-11-25"", ""count"": 23}, ""SCO (Muirhead)"": {""start"": ""2016-03-19"", ""end"": ""2016-03-24"", ""count"": 6}, ""GBR (Muirhead)"": {""start"": ""2018-02-14"", ""end"": ""2018-02-24"", ""count"": 9}}",Left,1991,"Lockerbie, SCO","Lockerbie, SCO",,,,71.90%,93.80%,84.90%,81.30%,76.20%,73.10%,75.00%,84.40%,84.10%,86.90%,77.80%,71.80%,90.80%,87.70%,75.00%,75.90%,73.10%,60.70%,50.00%,58.30%,66.40%,50.00%,50.00%,95.00%,89.30%,89.30%,76.60%,72.60%,,,70.00%,,80.00%,77.80%,98.40%,88.70%,83.30%,87.50%,75.00%,87.50%,25.00%,50.00%,75.00%,,1.2,0.3,433,452,38.1,34.7,20.8,17.6,20.5,25,4,16,50,3,6,,,,,,,,,,,,,,,,,,,57.10%,74.20%,,,,,,,,,77.50%,78.10%,77.00%,79.80%,73.00%,82.50%,80.30%,83.40%,75.70%,76.40%,,,,,,,,,,,,,,,Wick CW,50,Take-out CCW,86.9
Anne-marie Filteau,85.10%,85.10%,85.10%,86.20%,240,"{""Lead"": {""start"": ""2012-02-18"", ""end"": ""2012-02-26"", ""count"": 7}}","{""QC (Larouche)"": {""start"": ""2012-02-18"", ""end"": ""2012-02-26"", ""count"": 7}}",Right,,,,,,,91.40%,92.60%,85.00%,80.00%,86.50%,77.00%,75.00%,89.30%,63.90%,88.60%,90.00%,79.20%,,,,,68.80%,75.00%,,,,,,84.40%,,,75.00%,93.80%,,,,,,75.00%,,,,,75.00%,,,,,,0.97,0.32,58,59,25.9,32.2,25.4,19,6.9,3,1,33.3,4,0,0,,,,,,,,,,,,,,,,,,,,,,,,,86.20%,79.40%,,,,,,,,,,,,,,,,,,,,,,,,,,,Take-out CW,63.9,Hit-roll CW,90
Annie Lemay,79.60%,76.60%,78.10%,79.90%,413,"{""Third"": {""start"": ""2011-02-19"", ""end"": ""2011-02-24"", ""count"": 6}, ""Second"": {""start"": ""2016-02-20"", ""end"": ""2016-02-26"", ""count"": 7}}","{""QC(Larouche)"": {""start"": ""2011-02-19"", ""end"": ""2011-02-24"", ""count"": 6}, ""QC (Larouche)"": {""start"": ""2016-02-20"", ""end"": ""2016-02-26"", ""count"": 7}}",Right,,,,,,,85.70%,96.20%,84.30%,85.30%,76.80%,63.20%,67.30%,69.10%,89.70%,79.50%,69.80%,70.00%,86.60%,90.40%,58.30%,70.80%,75.00%,66.70%,,,,,,,87.50%,80.00%,75.00%,58.30%,,25.00%,68.80%,75.00%,,,87.50%,82.10%,,,,,,,,,1.02,0.27,105,97,28.6,38.1,19.6,22.9,5.7,7,1,14.3,7,1,14.3,,,,,,,,,,,,,,,,,,,,,,,76.20%,78.60%,,,,,,,,,76.10%,80.90%,,,,,,,,,,,,,,,,,,,Double CW,58.3,Take-out CW,89.7
Annmarie Dubberstein,62.50%,63.50%,63.00%,61.90%,208,"{""Fourth"": {""start"": ""2017-02-16"", ""end"": ""2017-02-24"", ""count"": 8}, ""Third"": {""start"": ""2018-03-05"", ""end"": ""2018-03-07"", ""count"": 2}}","{""United States"": {""start"": ""2017-02-16"", ""end"": ""2018-03-07"", ""count"": 10}}",Right,1998,"Hong Kong, CHN","Portage, WI",Student,Portage High School,University of Minnesota,,,56.80%,,64.20%,58.10%,58.30%,0.00%,77.30%,71.20%,53.10%,71.40%,61.10%,89.30%,54.50%,66.70%,63.90%,41.70%,,,0.00%,50.00%,,,60.00%,,50.00%,63.90%,50.00%,,,,25.00%,75.00%,33.30%,,,,,,,,,,1.35,0.31,49,54,38.8,24.1,20.4,22.4,16.4,6,1,16.7,6,0,0,,,,,,,,,,,,,,,,,,,,,,,,,,,,,,,,,,,59.80%,63.70%,63.60%,70.70%,,,,,,,,,,,,,,,Freeze CCW,0,Take-out CW,77.3
Anson Carmody,79.20%,76.40%,77.80%,76.20%,526,"{""Third"": {""start"": ""2013-03-02"", ""end"": ""2019-03-06"", ""count"": 11}, ""Second"": {""start"": ""2016-03-05"", ""end"": ""2016-03-11"", ""count"": 7}}","{""PEI (Mackenzie)"": {""start"": ""2013-03-02"", ""end"": ""2013-03-07"", ""count"": 6}, ""PE (Casey)"": {""start"": ""2016-03-05"", ""end"": ""2016-03-11"", ""count"": 7}, ""PE"": {""start"": ""2019-03-02"", ""end"": ""2019-03-06"", ""count"": 5}}",Right,1990,"Summerside, PEI","Summerside, PEI","Manager , Simply For Life",,UPEI,92.20%,82.80%,88.00%,86.70%,71.90%,66.40%,72.60%,80.00%,86.30%,81.60%,72.70%,75.80%,96.70%,88.90%,77.40%,72.90%,63.60%,58.30%,,,,,,93.80%,91.70%,85.00%,75.00%,53.60%,62.50%,87.50%,75.00%,,75.00%,,,,,33.30%,0.00%,62.50%,,,,,0.81,0.05,146,111,21.9,32.4,4.5,24,-2.1,20,0,0,2,0,0,,,,,,,,,,,,,,,,,,,,,,,,,,,72.50%,76.50%,,,,,82.90%,85.60%,,,,,68.80%,74.60%,,,,,,,,,,,,,Raise CCW,58.3,Guard CW,88
Anton Hood,71.30%,73.60%,72.50%,60.20%,1008,"{""Lead"": {""start"": ""2017-11-03"", ""end"": ""2017-11-03"", ""count"": 1}, ""Second"": {""start"": ""2018-11-04"", ""end"": ""2018-11-10"", ""count"": 7}, ""Fourth"": {""start"": ""2019-02-17"", ""end"": ""2024-10-31"", ""count"": 31}, ""Third"": {""start"": ""2019-11-02"", ""end"": ""2019-11-02"", ""count"": 1}}","{""New Zealand"": {""start"": ""2017-11-03"", ""end"": ""2019-11-02"", ""count"": 10}, ""NZL (Neilson)"": {""start"": ""2020-02-15"", ""end"": ""2020-02-20"", ""count"": 6}, ""NZL (Hood)"": {""start"": ""2022-10-30"", ""end"": ""2024-10-31"", ""count"": 24}}",Right,,,,,,,80.00%,75.00%,90.00%,78.80%,74.00%,72.40%,8.30%,68.80%,74.20%,80.90%,72.50%,70.50%,79.20%,86.80%,65.90%,64.60%,50.80%,55.80%,75.00%,,45.60%,60.00%,91.70%,,95.00%,50.00%,60.00%,48.20%,0.00%,,67.90%,50.00%,83.30%,83.30%,25.00%,,47.50%,58.30%,50.00%,50.00%,,,50.00%,33.30%,0.86,0.22,274,230,21.9,29.1,14.3,32.1,-10.2,45,4,8.9,12,1,8.3,,,,,,,,,,,,,,,,,,,,,,,,,,,,,,,,,,,62.50%,75.00%,80.90%,77.50%,73.60%,58.80%,71.70%,72.10%,,,75.00%,79.10%,68.80%,65.90%,75.90%,68.50%,,,Freeze CW,8.3,Guard CW,90
Arianna Losano,76.10%,75.90%,76.00%,51.10%,200,"{""Lead"": {""start"": ""2017-03-18"", ""end"": ""2017-03-23"", ""count"": 6}}","{""Italy"": {""start"": ""2017-03-18"", ""end"": ""2017-03-23"", ""count"": 6}}",Right,,,,,,,82.90%,86.70%,62.50%,66.70%,78.70%,68.20%,,,82.10%,82.10%,66.70%,75.00%,50.00%,,,50.00%,,75.00%,25.00%,46.90%,,,0.00%,90.00%,,,91.70%,50.00%,,,,,75.00%,,,,,,,,0.00%,,,,1.07,0.13,45,52,24.4,36.5,11.5,24.4,0,7,0,0,3,0,0,,,,,,,,,,,,,,,,,,,,,,,,,,,,,,,,,,,77.90%,70.80%,,,,,,,,,,,,,,,,,Wick CW,25,Take-out CW,82.1
Arisa Kotani,77.50%,84.80%,81.70%,71.90%,385,"{""Lead"": {""start"": ""2018-03-17"", ""end"": ""2021-10-22"", ""count"": 15}}","{""Japan"": {""start"": ""2018-03-17"", ""end"": ""2019-02-02"", ""count"": 11}, ""Koana"": {""start"": ""2021-10-19"", ""end"": ""2021-10-22"", ""count"": 4}}",Right,,,,,,,87.30%,95.00%,78.60%,72.50%,70.40%,84.60%,37.50%,25.00%,75.00%,60.30%,75.00%,87.50%,,25.00%,,50.00%,50.00%,91.70%,57.50%,65.60%,0.00%,,97.20%,93.80%,,75.00%,91.70%,70.00%,,,,0.00%,,,,,,,,,25.00%,66.70%,,,1.1,0.16,98,88,29.6,33,15.9,24.5,5.1,9,0,0,6,1,16.7,,,,,,,,,,,,,,,,,,,,,,,,,,,,,,,,,,,,,86.00%,61.00%,85.00%,75.00%,,,79.90%,65.60%,,,,,,,,,Promotion CW,0,Raise CCW,91.7
Artur Ali,78.30%,79.20%,78.80%,70.80%,457,"{""Lead"": {""start"": ""2013-02-28"", ""end"": ""2017-02-03"", ""count"": 15}, ""Fourth"": {""start"": ""2015-02-28"", ""end"": ""2015-03-03"", ""count"": 3}, ""Third"": {""start"": ""2019-03-30"", ""end"": ""2019-04-01"", ""count"": 3}}","{""RUS"": {""start"": ""2013-02-28"", ""end"": ""2015-03-03"", ""count"": 14}, ""Russia"": {""start"": ""2016-11-19"", ""end"": ""2019-04-01"", ""count"": 5}, ""RUS (Timofeev)"": {""start"": ""2017-01-30"", ""end"": ""2017-02-03"", ""count"": 2}}",Right,,,,,,,88.90%,86.00%,68.20%,73.60%,79.20%,83.20%,,0.00%,72.50%,87.50%,84.10%,77.90%,90.00%,,50.00%,65.40%,82.10%,40.60%,0.00%,0.00%,25.00%,54.20%,83.30%,64.30%,,,80.00%,80.00%,,,50.00%,,,75.00%,,,,,,50.00%,0.00%,,37.50%,,0.93,0.26,116,110,23.3,33.6,20.9,21.6,1.7,10,0,0,7,1,14.3,,,,,,,,,,,,,,,,,,,,,,,,,,,84.90%,77.20%,,,79.20%,56.70%,71.00%,53.10%,83.30%,87.50%,,,80.80%,74.50%,,,,,,,,,,,,,Freeze CCW,0,Take-out CCW,87.5
Aryn Schmidt,79.20%,75.00%,77.10%,67.40%,202,"{""Second"": {""start"": ""2009-03-07"", ""end"": ""2009-03-12"", ""count"": 6}}","{""SASK (Jordison)"": {""start"": ""2009-03-07"", ""end"": ""2009-03-12"", ""count"": 6}}",Right,1976,"Regina, SK","Regina, SK","Dentist, City View Dental Group",Robert Southey School,"University of Sask, Dentistry",,90.00%,85.70%,90.90%,71.30%,72.20%,72.70%,55.80%,78.90%,73.70%,83.30%,70.50%,88.90%,77.10%,75.00%,75.00%,45.00%,80.00%,,,,,,0.00%,,,68.80%,,,50.00%,25.00%,,,,,62.50%,,,,,,,,,0.98,0.25,46,52,19.6,34.6,17.3,21.7,-2.1,7,0,0,1,0,0,,,,,,,,,,,,,,,,,,,78.10%,75.80%,,,,,,,,,,,,,,,,,,,,,,,,,,,,,,,,,Raise CW,45,Guard CCW,90.9
Ashley Klymchuk,91.70%,87.50%,90.00%,81.90%,229,"{""Lead"": {""start"": ""2020-02-15"", ""end"": ""2020-02-21"", ""count"": 7}}","{""BC (Brown)"": {""start"": ""2020-02-15"", ""end"": ""2020-02-21"", ""count"": 7}}",Right,,,,,,,99.40%,96.90%,87.50%,50.00%,89.50%,79.20%,79.20%,80.00%,92.50%,97.90%,83.30%,93.80%,,75.00%,,75.00%,62.50%,,,50.00%,,,,,50.00%,,95.80%,83.30%,,,,,,,,75.00%,,,,,,33.30%,,,1.21,0.37,53,60,34,35,23.3,17,17,3,1,33.3,7,1,14.3,,,,,,,,,,,,,,,,,,,,,,,,,,,,,,,,,,,,,,,,,90.00%,89.70%,,,,,,,,,,,Guard CCW,50,Take-out CCW,97.9
Ashley Sippala,82.00%,80.60%,81.30%,85.70%,2203,"{""Second"": {""start"": ""2016-02-20"", ""end"": ""2024-02-22"", ""count"": 82}, ""Lead"": {""start"": ""2024-02-16"", ""end"": ""2024-02-21"", ""count"": 3}}","{""NO (McCarville)"": {""start"": ""2016-02-20"", ""end"": ""2024-02-22"", ""count"": 50}, ""McCarville"": {""start"": ""2017-11-07"", ""end"": ""2022-10-19"", ""count"": 35}}",Right,1987,"Thunder Bay, ON","Thunder Bay, ON","Lab Technician , LifeLabs",,,94.20%,94.40%,83.80%,90.20%,76.60%,75.50%,73.80%,70.70%,84.20%,82.00%,80.30%,74.00%,90.00%,87.00%,74.20%,69.80%,71.00%,78.40%,,,,,,83.30%,95.00%,91.70%,69.20%,81.00%,87.50%,,86.10%,91.30%,79.20%,85.00%,90.80%,81.80%,66.70%,75.00%,83.30%,95.80%,,,,,1.02,0.4,520,547,28.8,33.5,28.2,19.6,9.2,36,11,30.6,56,6,10.7,,,,,,,,,,,,,,,,,,,,,,,,,,,,,,,,,78.60%,80.40%,81.20%,84.40%,,,,,74.50%,83.10%,82.70%,81.10%,76.70%,82.60%,83.00%,79.00%,87.20%,78.30%,,,Double CCW,69.8,Guard CCW,90.2
Ashley Thevenot,72.80%,73.40%,73.10%,69.60%,414,"{""Fourth"": {""start"": ""2020-01-18"", ""end"": ""2024-10-04"", ""count"": 11}, ""Third"": {""start"": ""2024-02-16"", ""end"": ""2024-02-21"", ""count"": 6}}","{""SK"": {""start"": ""2020-01-18"", ""end"": ""2020-01-24"", ""count"": 7}, ""Thevenot"": {""start"": ""2024-09-25"", ""end"": ""2024-10-04"", ""count"": 4}, ""SK (Ackerman)"": {""start"": ""2024-02-16"", ""end"": ""2024-02-21"", ""count"": 6}}",Right,1999,,,,,,91.70%,,77.50%,82.10%,67.30%,73.90%,68.80%,84.60%,75.80%,77.70%,72.70%,76.10%,96.90%,91.70%,62.50%,31.70%,82.10%,0.00%,,,,,,,50.00%,87.50%,50.00%,67.90%,25.00%,75.00%,,81.20%,50.00%,62.50%,,,,25.00%,,,,,,,1.14,0.32,96,106,33.3,32.1,20.8,25,8.3,14,4,28.6,7,1,14.3,,,,,,,,,,,,,,,,,,,,,,,,,,,,,,,,,,,,,,,,,65.80%,67.40%,,,,,,,81.80%,75.70%,,,Raise CCW,0,Freeze CCW,84.6
Ashley Williamson,84.90%,87.00%,85.90%,78.10%,195,"{""Lead"": {""start"": ""2016-02-20"", ""end"": ""2016-02-25"", ""count"": 6}}","{""SK (Campbell)"": {""start"": ""2016-02-20"", ""end"": ""2016-02-25"", ""count"": 6}}",Right,,,,,,,94.60%,94.80%,82.10%,93.80%,84.40%,89.70%,79.20%,0.00%,71.90%,87.50%,,87.50%,,,,,66.70%,66.70%,,62.50%,,,,93.80%,,,75.00%,87.50%,,,,50.00%,,,,,,,,,,62.50%,,,1.3,0.21,47,52,34,40.4,19.2,21.3,12.7,2,0,0,5,0,0,,,,,,,,,,,,,,,,,,,,,,,,,,,,,,,,,88.20%,77.90%,,,,,,,,,,,,,,,,,,,Freeze CCW,0,Guard CCW,93.8
Ashton Skrlik,80.80%,82.40%,81.60%,84.00%,645,"{""Third"": {""start"": ""2018-01-13"", ""end"": ""2018-01-19"", ""count"": 7}, ""Lead"": {""start"": ""2022-10-18"", ""end"": ""2024-09-26"", ""count"": 15}, ""Second"": {""start"": ""2024-09-26"", ""end"": ""2025-01-17"", ""count"": 11}}","{""AB"": {""start"": ""2018-01-13"", ""end"": ""2018-01-19"", ""count"": 7}, ""Skrlik"": {""start"": ""2022-10-18"", ""end"": ""2025-01-17"", ""count"": 19}, ""AB (Skrlik)"": {""start"": ""2023-02-17"", ""end"": ""2023-02-23"", ""count"": 6}}",Right,1999,,,,,,88.50%,94.10%,88.20%,76.30%,77.60%,78.20%,81.20%,59.40%,78.90%,85.30%,73.70%,79.30%,99.00%,91.00%,83.30%,81.20%,45.00%,80.00%,95.00%,50.00%,37.50%,,92.50%,86.40%,62.50%,87.50%,75.00%,,91.70%,87.50%,90.00%,,,,96.90%,90.00%,,,,75.00%,,25.00%,,,1.2,0.32,166,149,36.1,38.3,23.5,28.3,7.8,16,5,31.2,23,3,13,,,,,,,,,,,,,,,,,,,,,,,,,,,,,,,,,,,,,74.70%,86.50%,,,,,,,69.80%,71.90%,87.90%,80.50%,75.60%,81.20%,63.10%,75.70%,Promotion CW,37.5,Wick CW,95
Asuka Kanai,80.30%,80.50%,80.40%,83.20%,414,"{""Second"": {""start"": ""2016-03-08"", ""end"": ""2016-03-08"", ""count"": 1}, ""Lead"": {""start"": ""2024-10-27"", ""end"": ""2024-11-01"", ""count"": 6}, ""Third"": {""start"": ""2024-03-16"", ""end"": ""2024-03-22"", ""count"": 7}}","{""Japan"": {""start"": ""2016-03-08"", ""end"": ""2016-03-08"", ""count"": 1}, ""JPN (Ueno)"": {""start"": ""2024-03-16"", ""end"": ""2024-11-01"", ""count"": 13}}",Right,2001,"Kauizawa, JPN","Karuizawa, JPN",Office Worker,,,92.10%,96.90%,82.10%,67.50%,81.80%,77.90%,,,76.30%,86.90%,76.10%,80.00%,84.40%,67.90%,66.70%,72.50%,70.00%,66.70%,83.30%,87.50%,50.00%,78.60%,,,,,65.00%,83.30%,,,,83.30%,,,,,,75.00%,50.00%,62.50%,,87.50%,50.00%,75.00%,1.14,0.24,98,101,33.7,32.7,20.8,21.4,12.3,8,1,12.5,10,2,20,,,,,,,,,,,,,,,,,,,,,,,,,,,,,,,,,75.00%,69.40%,,,,,,,,,,,,,,,83.40%,78.00%,,,Promotion CW,50,Wick CCW,87.5
Audree Dufresne,66.10%,74.10%,70.50%,65.80%,204,"{""Third"": {""start"": ""2013-02-16"", ""end"": ""2013-02-22"", ""count"": 7}}","{""QC (Ross)"": {""start"": ""2013-02-16"", ""end"": ""2013-02-22"", ""count"": 7}}",Right,1983,"Amos, QC","Montreal, QC",Lawyer,,,0.00%,93.80%,82.10%,79.50%,45.40%,72.80%,75.00%,,83.30%,72.10%,62.50%,67.90%,,83.30%,75.00%,62.50%,42.90%,75.00%,,,,,0.00%,91.70%,,,50.00%,75.00%,,,,91.70%,,,,75.00%,,,25.00%,50.00%,,,,,0.76,0.32,51,50,15.7,28,26,27.5,-11.8,6,0,0,3,0,0,,,,,,,,,,,,,,,,,,,,,,,,,,,66.00%,73.70%,,,,,,,,,,,,,,,,,,,,,,,,,Raise CW,42.9,Take-out CW,83.3
Austin Snyder,83.50%,84.00%,83.70%,83.20%,306,"{""Lead"": {""start"": ""2022-03-31"", ""end"": ""2023-03-02"", ""count"": 7}, ""Third"": {""start"": ""2023-03-15"", ""end"": ""2023-09-28"", ""count"": 6}}","{""ON1 (Rooney)"": {""start"": ""2022-03-31"", ""end"": ""2022-04-01"", ""count"": 2}, ""Rooney"": {""start"": ""2022-09-21"", ""end"": ""2022-09-21"", ""count"": 1}, ""Dobson (Hum)"": {""start"": ""2023-03-15"", ""end"": ""2023-03-19"", ""count"": 5}, ""CAN (Rooney)"": {""start"": ""2023-02-26"", ""end"": ""2023-03-02"", ""count"": 4}, ""Dobson"": {""start"": ""2023-09-28"", ""end"": ""2023-09-28"", ""count"": 1}}",Right,2001,,,,,,93.50%,93.40%,78.10%,93.80%,73.50%,80.50%,,75.00%,89.30%,82.80%,71.40%,70.00%,92.30%,93.10%,,84.40%,50.00%,,,,,,75.00%,85.70%,,75.00%,87.50%,68.80%,,,,85.70%,,37.50%,,,,,,,,,,,1.23,0.59,74,76,32.4,23.7,35.5,21.6,10.8,7,1,14.3,14,2,14.3,,,,,,,,,,,,,,,,,,,,,,,,,,,,,,,,,,,,,,,,,,,,,88.00%,93.80%,80.00%,85.20%,,,,,Raise CW,50,Guard CCW,93.8
Ayumi Ogasawara,70.80%,71.50%,71.10%,73.40%,380,"{""Fourth"": {""start"": ""2014-02-11"", ""end"": ""2015-03-19"", ""count"": 13}}","{""JPN"": {""start"": ""2014-02-11"", ""end"": ""2015-03-19"", ""count"": 13}}",Right,1979,"Hokkaido, JPN","Sapporo, JPN",,,,,,75.00%,66.70%,60.40%,68.40%,75.00%,,84.00%,84.40%,75.00%,71.70%,81.20%,84.10%,68.10%,50.00%,65.00%,40.60%,,,58.30%,66.70%,,,,,58.30%,91.70%,,,83.30%,93.80%,,,50.00%,75.00%,58.30%,43.80%,50.00%,,,,50.00%,,1.01,0.3,98,90,31.6,33.3,22.2,26.5,5.1,10,2,20,8,0,0,,,,,,,,,,,,,,,,,,,,,,,,,,,,,71.50%,77.60%,61.80%,72.50%,,,,,,,,,,,,,,,,,,,,,Raise CCW,40.6,Take-out CCW,84.4
B.j. Neufeld,86.30%,86.30%,86.30%,86.60%,1619,"{""Fourth"": {""start"": ""2018-02-04"", ""end"": ""2018-02-04"", ""count"": 1}, ""Third"": {""start"": ""2022-09-21"", ""end"": ""2024-10-05"", ""count"": 85}}","{""M McEwen"": {""start"": ""2018-02-04"", ""end"": ""2018-02-04"", ""count"": 1}, ""Dunstone"": {""start"": ""2022-09-21"", ""end"": ""2024-10-05"", ""count"": 68}, ""MB (Dunstone)"": {""start"": ""2023-03-04"", ""end"": ""2023-03-12"", ""count"": 9}, ""MB-D (Dunstone)"": {""start"": ""2024-03-02"", ""end"": ""2024-03-09"", ""count"": 8}}",Right,1986,"Winnipeg, MB","Winnipeg, MB","Golf Professional, Larters @ St. Andrews",Gimli High School,Red River College,95.50%,96.90%,91.00%,94.30%,80.60%,85.50%,88.20%,78.80%,87.20%,85.60%,87.30%,86.20%,89.00%,98.10%,82.20%,77.40%,86.60%,86.00%,,,,,,,90.80%,96.90%,87.50%,88.80%,80.00%,90.00%,76.80%,92.90%,,91.70%,96.70%,,50.00%,83.30%,66.70%,66.70%,,,,,1.26,0.36,376,412,40.4,32.5,23.1,14.6,25.8,23,5,21.7,50,2,4,,,,,,,,,,,,,,,,,,,,,,,,,,,,,,,,,,,,,78.10%,87.50%,,,,,,,88.20%,86.00%,85.50%,86.20%,85.60%,87.60%,,,Double CCW,77.4,Guard CCW,94.3
Ben Gamble,79.10%,81.90%,80.80%,82.50%,208,"{""Third"": {""start"": ""2003-03-01"", ""end"": ""2003-03-06"", ""count"": 6}}","{""ONT (Cochrane)"": {""start"": ""2003-03-01"", ""end"": ""2003-03-06"", ""count"": 6}}",Right,1989,,,,,,,,80.00%,96.90%,73.90%,78.70%,77.80%,87.50%,76.20%,82.60%,90.60%,78.80%,,86.10%,75.00%,67.50%,75.00%,79.20%,,,,,,,50.00%,,,,,,75.00%,50.00%,,,,,,,50.00%,,,,,,1.22,0.2,46,54,28.3,37,14.8,19.6,8.7,6,3,50,4,0,0,,,,,,,81.50%,80.20%,,,,,,,,,,,,,,,,,,,,,,,,,,,,,,,,,,,,,,,,,,,,,Double CCW,67.5,Guard CCW,96.9
Ben Hebert,89.60%,91.70%,91.20%,79.60%,7380,"{""Lead"": {""start"": ""2006-03-11"", ""end"": ""2025-04-09"", ""count"": 314}, ""Second"": {""start"": ""2011-03-13"", ""end"": ""2019-04-01"", ""count"": 2}}","{""SASK (Simmons)"": {""start"": ""2006-03-11"", ""end"": ""2006-03-16"", ""count"": 6}, ""AB (Martin)"": {""start"": ""2007-03-03"", ""end"": ""2013-03-07"", ""count"": 27}, ""ALTA (Martin)"": {""start"": ""2009-03-07"", ""end"": ""2009-03-15"", ""count"": 8}, ""CAN"": {""start"": ""2010-02-16"", ""end"": ""2010-02-27"", ""count"": 9}, ""Koe"": {""start"": ""2015-12-02"", ""end"": ""2022-05-08"", ""count"": 59}, ""AB (Koe)"": {""start"": ""2016-03-05"", ""end"": ""2022-03-13"", ""count"": 18}, ""Canada"": {""start"": ""2016-04-02"", ""end"": ""2019-04-07"", ""count"": 20}, ""CA (Koe)"": {""start"": ""2017-03-04"", ""end"": ""2020-03-07"", ""count"": 17}, ""Carey"": {""start"": ""2017-08-26"", ""end"": ""2017-08-26"", ""count"": 1}, ""CAN (Koe)"": {""start"": ""2018-02-14"", ""end"": ""2018-02-23"", ""count"": 10}, ""AB"": {""start"": ""2019-03-02"", ""end"": ""2019-03-10"", ""count"": 9}, ""WC2 (Koe)"": {""start"": ""2021-03-05"", ""end"": ""2021-03-14"", ""count"": 9}, ""Bottcher"": {""start"": ""2022-09-21"", ""end"": ""2024-04-12"", ""count"": 60}, ""WC1 (Bottcher)"": {""start"": ""2023-03-03"", ""end"": ""2023-03-12"", ""count"": 10}, ""AB-B (Bottcher)"": {""start"": ""2024-03-02"", ""end"": ""2024-03-10"", ""count"": 9}, ""Jacobs"": {""start"": ""2024-09-26"", ""end"": ""2025-04-09"", ""count"": 25}, ""AB (Jacobs)"": {""start"": ""2025-03-01"", ""end"": ""2025-03-09"", ""count"": 9}, ""CAN (Jacobs)"": {""start"": ""2025-03-29"", ""end"": ""2025-04-06"", ""count"": 9}}",Right,1983,"Regina, SK","Calgary, AB","Marketing Representative, Fugro SESL Geomatics",,,95.70%,95.40%,91.30%,89.90%,88.80%,92.10%,83.70%,87.50%,86.20%,89.40%,77.50%,82.80%,70.00%,75.00%,66.70%,73.30%,86.50%,83.50%,72.30%,72.40%,75.00%,75.00%,94.70%,94.40%,91.70%,91.70%,87.70%,92.90%,90.60%,96.90%,87.50%,82.80%,62.50%,33.30%,,70.80%,0.00%,,,91.70%,65.90%,77.10%,,,1.22,0.29,1830,1795,38.3,39.5,19.6,12.4,25.9,84,23,27.4,229,3,1.3,,,,,,,,,,,,,88.10%,77.50%,93.00%,82.50%,89.00%,75.60%,88.50%,84.30%,86.20%,85.00%,94.10%,81.20%,,,93.10%,76.10%,,,91.00%,81.00%,92.40%,79.90%,92.80%,85.20%,90.30%,78.90%,93.70%,81.40%,93.40%,90.90%,93.60%,78.50%,91.70%,89.60%,93.10%,92.40%,93.30%,86.60%,94.60%,85.00%,Double CW,66.7,Draw CCW,92.1
Ben Richardson,81.30%,82.40%,81.80%,81.80%,873,"{""Second"": {""start"": ""2017-02-16"", ""end"": ""2024-10-05"", ""count"": 29}, ""Third"": {""start"": ""2020-02-15"", ""end"": ""2024-10-05"", ""count"": 9}, ""Lead"": {""start"": ""2023-05-02"", ""end"": ""2023-05-06"", ""count"": 5}}","{""United States"": {""start"": ""2017-02-16"", ""end"": ""2019-02-19"", ""count"": 13}, ""USA (Violette)"": {""start"": ""2020-02-15"", ""end"": ""2020-02-20"", ""count"": 6}, ""Dropkin"": {""start"": ""2023-05-02"", ""end"": ""2023-05-06"", ""count"": 5}, ""Casper"": {""start"": ""2023-10-17"", ""end"": ""2024-10-05"", ""count"": 15}, ""USA (Casper)"": {""start"": ""2023-01-19"", ""end"": ""2023-01-21"", ""count"": 2}}",Right,1998,"Miami, FL","Issaquah, WA",Student,Skyline High School,,91.50%,97.70%,92.30%,87.50%,81.40%,75.70%,80.00%,78.80%,74.70%,81.20%,78.40%,78.80%,87.50%,92.80%,77.10%,77.10%,57.80%,76.70%,0.00%,,70.80%,68.80%,82.10%,,,75.00%,87.50%,83.30%,,66.70%,,,83.30%,58.30%,87.50%,96.90%,75.00%,75.00%,83.30%,,0.00%,,,,1.06,0.31,208,214,33.2,32.2,23.8,19.2,14,16,4,25,21,1,4.8,,,,,,,,,,,,,,,,,,,,,,,,,,,,,,,,,,,79.70%,79.00%,76.60%,68.30%,77.10%,86.20%,76.40%,75.50%,,,,,89.40%,79.30%,88.80%,86.90%,,,Wick CW,0,Guard CW,92.3
Benny Kapp,87.30%,81.40%,84.60%,88.10%,312,"{""Third"": {""start"": ""2024-10-01"", ""end"": ""2025-04-11"", ""count"": 18}}","{""Muskatewitz"": {""start"": ""2024-10-01"", ""end"": ""2025-04-11"", ""count"": 18}}",Right,,,,,,,,,92.60%,,80.20%,72.50%,87.50%,67.90%,88.60%,93.50%,91.30%,75.70%,94.40%,87.50%,86.10%,76.90%,81.20%,83.30%,,,84.10%,77.30%,,,89.30%,,87.50%,,75.00%,,87.50%,87.50%,87.50%,,,87.50%,,87.50%,68.80%,75.00%,,,,,1.12,0.19,74,80,31.1,40,17.5,20.3,10.8,6,1,16.7,3,0,0,,,,,,,,,,,,,,,,,,,,,,,,,,,,,,,,,,,,,,,,,,,,,,,,,86.50%,85.40%,80.00%,85.20%,Freeze CCW,67.9,Take-out CCW,93.5
Benoit Schwarz Van-berkel,83.90%,80.70%,82.40%,78.60%,313,"{""Fourth"": {""start"": ""2024-11-05"", ""end"": ""2025-04-13"", ""count"": 19}}","{""Y. Schwaller"": {""start"": ""2024-11-05"", ""end"": ""2025-04-13"", ""count"": 19}}",Right,1991,,,,,,,,,,83.50%,79.90%,75.00%,68.80%,92.70%,86.00%,80.40%,76.40%,,,70.80%,75.00%,83.30%,79.20%,,,57.50%,68.20%,,,,,86.40%,50.00%,,83.30%,,,,0.00%,,,,0.00%,,87.50%,,,50.00%,,1.19,0.43,73,82,32.9,36.6,25.6,13.7,19.2,5,0,0,11,0,0,,,,,,,,,,,,,,,,,,,,,,,,,,,,,,,,,,,,,,,,,,,,,,,,,73.30%,81.30%,88.50%,82.70%,Promotion CW,57.5,Take-out CW,92.7
Bernadett Biro,61.30%,62.50%,61.90%,43.00%,325,"{""Lead"": {""start"": ""2016-03-07"", ""end"": ""2016-03-12"", ""count"": 2}, ""Fourth"": {""start"": ""2017-02-16"", ""end"": ""2022-11-23"", ""count"": 14}}","{""Hungary"": {""start"": ""2016-03-07"", ""end"": ""2022-11-23"", ""count"": 16}}",Right,,,,,,,87.50%,89.60%,50.00%,,57.10%,59.80%,0.00%,,69.20%,61.40%,63.30%,64.30%,,92.90%,46.70%,50.00%,63.50%,58.30%,,,37.50%,0.00%,,66.70%,0.00%,,31.20%,60.70%,0.00%,,80.00%,56.20%,,0.00%,,,0.00%,50.00%,,0.00%,,,,0.00%,0.85,0.19,89,72,21.3,26.4,12.5,41.6,-20.3,14,1,7.1,2,0,0,,,,,,,,,,,,,,,,,,,,,,,,,,,,,,,,,84.20%,80.00%,52.80%,62.40%,,,,,,,,,56.70%,59.80%,,,,,,,Freeze CW,0,Take-out CW,69.2
Beth Hamilton,72.10%,71.70%,71.90%,68.30%,543,"{""Second"": {""start"": ""2019-02-16"", ""end"": ""2022-02-03"", ""count"": 11}, ""Lead"": {""start"": ""2020-02-15"", ""end"": ""2020-02-19"", ""count"": 5}, ""Third"": {""start"": ""2021-02-20"", ""end"": ""2021-02-25"", ""count"": 6}}","{""NL (Sharpe)"": {""start"": ""2019-02-16"", ""end"": ""2019-02-20"", ""count"": 5}, ""NL (Curtis)"": {""start"": ""2020-02-15"", ""end"": ""2020-02-19"", ""count"": 5}, ""NL (Hill)"": {""start"": ""2021-02-20"", ""end"": ""2022-02-03"", ""count"": 12}}",Right,,,,,,,86.80%,86.00%,86.80%,75.00%,57.30%,71.50%,64.30%,37.50%,75.40%,76.20%,73.30%,60.20%,79.20%,75.00%,62.50%,62.50%,50.00%,45.00%,,0.00%,,,77.50%,90.90%,,58.30%,71.40%,60.70%,,,62.50%,75.00%,75.00%,58.30%,83.30%,,,,,75.00%,,0.00%,,,0.86,0.28,142,121,22.5,36.4,17.4,35.9,-13.4,23,1,4.3,7,1,14.3,,,,,,,,,,,,,,,,,,,,,,,,,,,,,,,,,,,,,,,65.30%,71.20%,81.40%,77.50%,65.10%,68.30%,69.50%,73.40%,,,,,,,Wick CCW,0,Guard CW,86.8
Beth Iskiw,84.20%,81.50%,82.60%,85.80%,504,"{""Third"": {""start"": ""2012-02-18"", ""end"": ""2013-02-24"", ""count"": 16}}","{""AB (Nedohin)"": {""start"": ""2012-02-18"", ""end"": ""2012-02-26"", ""count"": 8}, ""CA (Nedohin)"": {""start"": ""2013-02-16"", ""end"": ""2013-02-24"", ""count"": 8}}",Right,1979,"Truro, NS","Edmonton , CAN","Account Manager, John Wiley & Sons Canada Ltd.",,,91.70%,,82.50%,89.30%,85.80%,81.40%,85.00%,77.80%,84.80%,82.90%,80.70%,76.70%,89.00%,85.80%,69.60%,69.10%,96.40%,78.60%,,,,,87.50%,,,,66.70%,75.00%,,,91.70%,81.20%,75.00%,87.50%,95.80%,63.60%,62.50%,,,,,,,,1.31,0.24,115,132,41.7,42.4,18.9,20,21.7,6,3,50,14,2,14.3,,,,,,,,,,,,,,,,,,,,,,,,,87.00%,84.20%,81.30%,79.50%,,,,,,,,,,,,,,,,,,,,,,,,,Double CCW,69.1,Raise CW,96.4
Beth Peterson,69.00%,74.10%,71.50%,69.40%,417,"{""Fourth"": {""start"": ""2021-02-19"", ""end"": ""2024-10-05"", ""count"": 19}}","{""Peterson"": {""start"": ""2021-10-25"", ""end"": ""2021-10-29"", ""count"": 5}, ""WC3 (Peterson)"": {""start"": ""2021-02-19"", ""end"": ""2021-02-27"", ""count"": 9}, ""B. Peterson"": {""start"": ""2024-10-01"", ""end"": ""2024-10-05"", ""count"": 5}}",Right,1994,,,,,,,37.50%,87.50%,96.90%,69.10%,76.40%,66.70%,,69.40%,75.90%,63.30%,61.80%,,,50.00%,35.00%,0.00%,50.00%,,,,,,37.50%,,,72.20%,64.30%,60.00%,,93.80%,75.00%,62.50%,75.00%,,,,62.50%,0.00%,,,,,,1.15,0.33,101,106,30.7,34,19.8,29.7,1,11,4,36.4,8,0,0,,,,,,,,,,,,,,,,,,,,,,,,,,,,,,,,,,,,,,,,,,,72.60%,67.00%,,,,,80.60%,77.10%,,,Raise CW,0,Guard CCW,96.9
Bill Johnson,78.40%,83.90%,81.10%,82.70%,205,"{""Lead"": {""start"": ""2006-03-11"", ""end"": ""2006-03-16"", ""count"": 6}}","{""B.C. (Windsor)"": {""start"": ""2006-03-11"", ""end"": ""2006-03-16"", ""count"": 6}}",Right,1963,"Killarney, MB",,,,,88.10%,91.00%,92.90%,93.80%,71.90%,81.20%,81.20%,87.50%,86.40%,75.00%,,50.00%,75.00%,,,,67.90%,87.50%,75.00%,0.00%,,,,,,,91.70%,87.50%,,,,,,,,,,,,,,0.00%,,,0.89,0.23,56,44,25,34.1,20.5,26.8,-1.8,5,0,0,3,0,0,,,,,,,,,,,,,82.60%,76.50%,,,,,,,,,,,,,,,,,,,,,,,,,,,,,,,,,,,,,,,Wick CCW,0,Guard CCW,93.8
Binia Feltscher,73.70%,77.40%,75.60%,67.10%,837,"{""Fourth"": {""start"": ""2014-11-22"", ""end"": ""2018-03-23"", ""count"": 28}}","{""SUI"": {""start"": ""2014-11-22"", ""end"": ""2014-11-29"", ""count"": 7}, ""Switzerland"": {""start"": ""2016-11-19"", ""end"": ""2018-03-23"", ""count"": 13}, ""SUI (Feltscher)"": {""start"": ""2016-03-19"", ""end"": ""2016-03-27"", ""count"": 8}}",Right,1978,"Chur, SUI","Flims, SUI",Mother and full time curler,,,75.00%,,83.70%,95.80%,65.20%,73.10%,63.60%,66.70%,83.60%,87.60%,75.60%,82.20%,95.80%,84.30%,56.20%,55.20%,63.90%,43.80%,68.80%,37.50%,,72.90%,,,83.30%,,85.30%,88.60%,12.50%,,92.30%,80.80%,,68.80%,,,25.00%,0.00%,,0.00%,58.30%,,,12.50%,1.05,0.34,212,206,28.8,39.3,22.3,20.3,8.5,18,5,27.8,19,1,5.3,,,,,,,,,,,,,,,,,,,,,,,,,,,,,73.80%,79.80%,,,72.60%,79.60%,,,68.90%,73.40%,,,,,,,,,,,,,,,Wick CCW,37.5,Guard CCW,95.8
Blaine De Jager,81.50%,75.80%,78.90%,77.50%,390,"{""Third"": {""start"": ""2013-02-16"", ""end"": ""2013-02-22"", ""count"": 7}, ""Lead"": {""start"": ""2017-02-18"", ""end"": ""2017-02-23"", ""count"": 6}}","{""AB (Moore)"": {""start"": ""2013-02-16"", ""end"": ""2013-02-22"", ""count"": 7}, ""BC (Mallett)"": {""start"": ""2017-02-18"", ""end"": ""2017-02-23"", ""count"": 6}}",Right,1981,,"Prince George, BC","MOA / Admitting Clerk, P.G. Regional Hospital",,,92.30%,95.00%,85.00%,77.50%,82.40%,70.80%,80.00%,75.00%,70.70%,79.70%,63.20%,55.00%,92.90%,82.50%,66.70%,59.40%,75.00%,58.30%,,,,,92.50%,95.80%,90.00%,87.50%,71.90%,62.50%,,,,,50.00%,25.00%,,,,,,,,,,,0.81,0.17,109,84,21.1,39.3,10.7,31.2,-10.1,17,2,11.8,4,3,75,,,,,,,,,,,,,,,,,,,,,,,,,,,72.30%,71.40%,,,,,,,88.80%,72.70%,,,,,,,,,,,,,,,,,Hit-roll CCW,55,Guard CW,85
Blair Haswell,86.60%,91.00%,88.60%,86.70%,783,"{""Second"": {""start"": ""2020-02-15"", ""end"": ""2020-02-22"", ""count"": 8}, ""Lead"": {""start"": ""2023-01-19"", ""end"": ""2024-11-29"", ""count"": 37}}","{""SCO (Craik)"": {""start"": ""2020-02-15"", ""end"": ""2020-02-22"", ""count"": 8}, ""Craik"": {""start"": ""2023-10-17"", ""end"": ""2024-11-29"", ""count"": 35}, ""GBR (Craik)"": {""start"": ""2023-01-19"", ""end"": ""2023-01-21"", ""count"": 2}}",Right,,,,,,,93.60%,95.10%,89.50%,93.80%,82.20%,90.80%,81.50%,96.90%,80.60%,88.90%,83.30%,85.50%,83.30%,95.80%,87.50%,77.10%,87.50%,93.80%,,58.30%,87.50%,37.50%,84.60%,95.50%,91.70%,,78.10%,95.30%,75.00%,,91.70%,,,,68.80%,,83.30%,,,,,50.00%,,,1.04,0.28,185,195,31.9,30.3,19.5,19.5,12.4,21,1,4.8,16,0,0,,,,,,,,,,,,,,,,,,,,,,,,,,,,,,,,,,,,,,,,,75.90%,86.70%,,,,,92.10%,86.40%,91.50%,76.90%,,,Promotion CCW,37.5,Freeze CCW,96.9
Blake Macdonald,83.50%,86.40%,85.20%,84.80%,246,"{""Third"": {""start"": ""2010-03-06"", ""end"": ""2012-03-07"", ""count"": 9}, ""Second"": {""start"": ""2012-03-04"", ""end"": ""2012-03-04"", ""count"": 1}}","{""AB (Koe)"": {""start"": ""2010-03-06"", ""end"": ""2010-03-14"", ""count"": 8}, ""Alberta (Koe)"": {""start"": ""2012-03-04"", ""end"": ""2012-03-07"", ""count"": 2}}",Right,1976,"Cold Lake, AB","St Albert, AB","VP Sales and Operations, ClubFit",,,,,81.20%,83.30%,79.70%,82.40%,90.00%,93.20%,78.20%,88.10%,88.50%,87.50%,97.20%,95.20%,76.90%,72.50%,68.80%,41.70%,,,,,,,,,75.00%,75.00%,,,79.20%,,75.00%,,87.50%,96.40%,,75.00%,,,,,,,1.33,0.4,57,60,47.4,43.3,25,15.8,31.6,1,0,0,10,0,0,,,,,,,,,,,,,,,,,,,,,84.60%,85.80%,,,,75.00%,,,,,,,,,,,,,,,,,,,,,,,,,,,Raise CCW,41.7,Freeze CCW,93.2
Bob Scales,80.60%,82.40%,81.50%,85.60%,214,"{""Second"": {""start"": ""2003-03-01"", ""end"": ""2003-03-06"", ""count"": 6}}","{""MAN (Bubbs)"": {""start"": ""2003-03-01"", ""end"": ""2003-03-06"", ""count"": 6}}",Right,1960,"Winnipeg, MB",,,,,89.60%,95.00%,92.50%,96.90%,63.20%,77.60%,71.40%,70.00%,91.90%,81.70%,77.80%,79.20%,68.80%,90.90%,,75.00%,60.00%,80.00%,,,,,91.70%,,91.70%,,75.00%,,83.30%,,75.00%,,,50.00%,,,,,,75.00%,,,,,0.82,0.15,56,47,19.6,46.8,12.8,19.6,0,6,1,16.7,1,0,0,,,,,,,80.00%,82.80%,,,,,,,,,,,,,,,,,,,,,,,,,,,,,,,,,,,,,,,,,,,,,Raise CW,60,Guard CCW,96.9
Bob Ursel,84.80%,82.30%,83.70%,81.70%,472,"{""Third"": {""start"": ""2003-03-01"", ""end"": ""2008-03-14"", ""count"": 15}}","{""B.C (Ryan)"": {""start"": ""2003-03-01"", ""end"": ""2003-03-08"", ""count"": 8}, ""B.C. (Ursel)"": {""start"": ""2008-03-08"", ""end"": ""2008-03-14"", ""count"": 7}}",Right,1965,"Winnipeg, MB","Kelowna, BC","Police Officer, RCMP",Westwood Collegiate,University of Manitoba,,,84.20%,90.60%,81.70%,78.80%,80.70%,70.80%,88.70%,89.80%,82.40%,85.60%,,88.90%,63.50%,65.00%,88.00%,63.60%,,,,,,,75.00%,,25.00%,75.00%,83.30%,87.50%,,75.00%,91.70%,,,88.90%,75.00%,25.00%,87.50%,,,,,,1,0.32,121,108,31.4,38.9,24.1,24.8,6.6,9,2,22.2,12,0,0,,,,,,,79.60%,83.10%,,,,,,,,,82.60%,87.40%,,,,,,,,,,,,,,,,,,,,,,,,,,,,,,,,,,,Double CW,63.5,Guard CCW,90.6
Bobby Lammie,85.30%,84.10%,84.70%,83.80%,4702,"{""Third"": {""start"": ""2016-03-07"", ""end"": ""2023-12-15"", ""count"": 11}, ""Second"": {""start"": ""2018-03-31"", ""end"": ""2025-04-13"", ""count"": 210}, ""Lead"": {""start"": ""2021-11-04"", ""end"": ""2021-11-07"", ""count"": 3}}","{""SCO (Mouat)"": {""start"": ""2016-03-07"", ""end"": ""2025-04-06"", ""count"": 54}, ""GBR (Mouat)"": {""start"": ""2017-01-30"", ""end"": ""2022-02-19"", ""count"": 11}, ""Scotland"": {""start"": ""2018-09-13"", ""end"": ""2022-11-26"", ""count"": 45}, ""Mouat"": {""start"": ""2021-04-15"", ""end"": ""2025-04-13"", ""count"": 106}}",Right,1997,,"Stranraer, SCO",,,,94.40%,93.00%,89.70%,92.70%,83.90%,81.40%,82.60%,78.40%,85.60%,86.40%,83.90%,82.10%,93.40%,92.60%,79.40%,76.50%,78.10%,79.00%,75.00%,75.00%,73.60%,77.10%,91.20%,95.80%,95.30%,70.00%,85.20%,87.50%,68.80%,78.60%,90.20%,85.20%,92.50%,96.90%,94.70%,94.80%,87.90%,77.50%,78.30%,82.50%,50.00%,,75.00%,81.20%,1.32,0.36,1102,1169,41.3,38.1,24.5,12.7,28.6,54,13,24.1,175,9,5.1,,,,,,,,,,,,,,,,,,,,,,,,,,,,,,,,,98.40%,76.00%,71.20%,87.50%,84.00%,86.10%,92.00%,84.10%,,,85.50%,84.00%,83.20%,82.30%,84.00%,83.50%,87.70%,85.30%,84.50%,87.00%,Promotion CW,73.6,Guard CCW,92.7
Brad Chorostkowski,78.90%,79.60%,79.20%,80.90%,2223,"{""Second"": {""start"": ""2001-03-03"", ""end"": ""2018-03-09"", ""count"": 59}, ""Lead"": {""start"": ""2006-03-11"", ""end"": ""2007-03-08"", ""count"": 12}, ""Third"": {""start"": ""2011-03-09"", ""end"": ""2011-03-09"", ""count"": 1}}","{""YT/NWT (Moss)"": {""start"": ""2001-03-03"", ""end"": ""2001-03-08"", ""count"": 6}, ""NWTY (Koe)"": {""start"": ""2006-03-11"", ""end"": ""2006-03-16"", ""count"": 6}, ""NWT/Yukon (Koe)"": {""start"": ""2007-03-03"", ""end"": ""2007-03-08"", ""count"": 6}, ""NWTY  (Koe)"": {""start"": ""2009-03-07"", ""end"": ""2009-03-12"", ""count"": 6}, ""NT/Y (Koe)"": {""start"": ""2010-03-06"", ""end"": ""2010-03-11"", ""count"": 6}, ""NT/YT (Koe)"": {""start"": ""2011-03-05"", ""end"": ""2012-03-11"", ""count"": 13}, ""NT/NY (Koe)"": {""start"": ""2013-03-02"", ""end"": ""2013-03-07"", ""count"": 6}, ""NT (Koe)"": {""start"": ""2016-03-03"", ""end"": ""2017-03-10"", ""count"": 16}, ""NT"": {""start"": ""2018-03-03"", ""end"": ""2018-03-09"", ""count"": 6}}",Right,1973,"Yellowknife, NT",,,,,91.50%,95.40%,87.60%,87.00%,76.70%,73.60%,69.60%,73.50%,76.40%,80.80%,72.50%,76.10%,88.90%,86.60%,65.60%,68.00%,68.50%,71.90%,37.50%,31.20%,,,93.10%,95.50%,96.20%,95.00%,66.70%,71.60%,68.80%,63.90%,67.90%,91.70%,91.70%,70.80%,91.30%,91.10%,,,92.90%,63.60%,,25.00%,,,0.98,0.19,558,531,26.5,35.4,15.8,23.3,3.2,68,9,13.2,34,2,5.9,,,79.40%,72.60%,,,,,,,,,86.00%,81.10%,84.10%,71.80%,,,75.00%,83.60%,76.20%,75.70%,74.40%,73.00%,74.10%,76.70%,77.60%,81.20%,,,,,85.30%,81.40%,84.30%,74.80%,80.40%,77.40%,,,,,,,,,,,,,,,Wick CCW,31.2,Guard CW,87.6
Brad Gushue,85.50%,86.80%,86.20%,84.40%,8938,"{""Fourth"": {""start"": ""2003-03-01"", ""end"": ""2025-04-11"", ""count"": 375}}","{""NL (Gushue)"": {""start"": ""2003-03-01"", ""end"": ""2020-03-08"", ""count"": 87}, ""CAN (Gushue)"": {""start"": ""2006-02-22"", ""end"": ""2025-03-09"", ""count"": 76}, ""Gushue"": {""start"": ""2015-12-02"", ""end"": ""2025-04-11"", ""count"": 150}, ""CA (Gushue)"": {""start"": ""2017-04-01"", ""end"": ""2024-03-10"", ""count"": 53}, ""WC1 (Gushue)"": {""start"": ""2022-03-05"", ""end"": ""2022-03-13"", ""count"": 9}}",Right,1980,"St. John's, NL","St. John's, NL",Business Owner,,,,86.50%,93.80%,92.90%,85.50%,85.80%,83.90%,80.80%,89.50%,90.70%,80.50%,83.10%,95.40%,97.00%,72.30%,78.40%,76.00%,78.30%,50.00%,75.00%,78.90%,71.40%,,96.40%,93.30%,92.90%,82.70%,85.30%,81.70%,78.30%,92.40%,90.30%,82.50%,85.90%,96.30%,98.70%,69.30%,73.30%,75.80%,74.20%,,75.00%,80.00%,68.80%,1.33,0.32,2087,2332,41.8,39.1,22.2,10.6,31.2,90,24,26.7,307,11,3.6,,,,,,,81.50%,80.60%,84.50%,83.00%,,,65.60%,88.90%,82.20%,78.90%,85.70%,78.40%,89.60%,82.60%,86.00%,82.40%,76.80%,84.30%,81.10%,74.60%,88.40%,89.60%,,,80.60%,91.40%,88.90%,91.40%,91.00%,88.80%,88.00%,88.10%,86.80%,82.90%,93.20%,88.90%,85.40%,86.50%,85.50%,85.40%,88.80%,88.90%,88.20%,86.70%,84.40%,85.00%,Wick CW,50,Guard CW,93.8
Brad Jacobs,82.90%,83.90%,83.50%,84.10%,6129,"{""Fourth"": {""start"": ""2007-03-03"", ""end"": ""2025-04-12"", ""count"": 230}, ""Lead"": {""start"": ""2008-03-13"", ""end"": ""2008-03-13"", ""count"": 1}, ""Third"": {""start"": ""2023-01-10"", ""end"": ""2023-11-10"", ""count"": 26}, ""Second"": {""start"": ""2023-04-11"", ""end"": ""2023-04-14"", ""count"": 4}}","{""N.Ont (Harnden)"": {""start"": ""2007-03-03"", ""end"": ""2008-03-13"", ""count"": 8}, ""NO (Jacobs)"": {""start"": ""2010-03-06"", ""end"": ""2022-03-11"", ""count"": 55}, ""N.Ont (Jacobs)"": {""start"": ""2011-03-05"", ""end"": ""2011-03-10"", ""count"": 6}, ""N. Ont (Jacobs)"": {""start"": ""2012-03-03"", ""end"": ""2012-03-08"", ""count"": 6}, ""CAN"": {""start"": ""2014-02-10"", ""end"": ""2014-02-21"", ""count"": 9}, ""Jacobs"": {""start"": ""2015-12-02"", ""end"": ""2025-04-12"", ""count"": 96}, ""NO"": {""start"": ""2018-03-03"", ""end"": ""2019-03-10"", ""count"": 17}, ""Carruthers"": {""start"": ""2023-01-10"", ""end"": ""2024-01-19"", ""count"": 35}, ""MB-C (Carruthers)"": {""start"": ""2024-03-02"", ""end"": ""2024-03-08"", ""count"": 6}, ""AB (Jacobs)"": {""start"": ""2025-03-01"", ""end"": ""2025-03-09"", ""count"": 9}, ""CAN (Jacobs)"": {""start"": ""2025-03-29"", ""end"": ""2025-04-06"", ""count"": 9}}",Right,1985,"Sault Ste. Marie, ON","Sault Ste. Marie, ON",,Sir James Dunn,Algoma University,83.30%,,90.20%,91.50%,83.40%,81.20%,79.80%,83.10%,85.50%,87.80%,80.50%,81.50%,95.50%,97.20%,74.60%,72.70%,74.00%,75.40%,,,71.70%,63.50%,,,92.70%,87.00%,86.00%,79.70%,71.20%,72.70%,87.90%,86.60%,75.80%,75.00%,87.50%,97.70%,90.20%,74.20%,81.50%,82.80%,,,65.60%,87.50%,1.16,0.28,1494,1516,35.8,36.1,20.4,15.1,20.7,91,16,17.6,166,5,3,,,,,,,,,,,,,,,74.40%,72.60%,84.60%,76.70%,,,79.70%,76.20%,80.60%,83.50%,81.40%,73.80%,77.50%,89.00%,88.10%,82.00%,84.10%,82.10%,85.90%,88.70%,75.60%,81.90%,81.40%,85.10%,85.00%,84.40%,86.90%,85.30%,84.90%,83.70%,81.40%,82.00%,88.30%,81.90%,82.80%,83.70%,90.10%,88.20%,Promotion CCW,63.5,Guard CCW,91.5
Braden Calvert,80.20%,76.90%,78.80%,76.90%,473,"{""Fourth"": {""start"": ""2015-02-28"", ""end"": ""2022-09-22"", ""count"": 21}}","{""CAN"": {""start"": ""2015-02-28"", ""end"": ""2015-03-08"", ""count"": 7}, ""MB (Calvert)"": {""start"": ""2016-11-14"", ""end"": ""2016-11-19"", ""count"": 6}, ""Calvert"": {""start"": ""2021-10-26"", ""end"": ""2022-09-22"", ""count"": 8}}",Right,1995,,,,,,,,77.50%,89.60%,81.80%,75.00%,78.60%,71.40%,82.60%,76.90%,72.50%,78.60%,98.60%,98.30%,61.80%,64.30%,60.00%,54.20%,50.00%,,,50.00%,,,83.30%,,87.50%,50.00%,80.00%,,66.70%,87.50%,50.00%,50.00%,93.80%,,62.50%,0.00%,,,50.00%,,,,1.15,0.35,103,129,37.9,23.3,23.3,22.3,15.6,8,2,25,12,0,0,,,,,,,,,,,,,,,,,,,,,,,,,,,,,,,75.00%,84.20%,81.80%,79.50%,,,,,,,,,77.90%,76.00%,80.00%,45.50%,,,,,,,Wick CW,50,Guard CCW,89.6
Brady Kendel,80.90%,81.20%,81.10%,81.60%,393,"{""Second"": {""start"": ""2016-01-23"", ""end"": ""2016-01-29"", ""count"": 7}, ""Third"": {""start"": ""2016-01-23"", ""end"": ""2016-01-29"", ""count"": 7}, ""Lead"": {""start"": ""2022-10-18"", ""end"": ""2022-10-18"", ""count"": 1}}","{""SK"": {""start"": ""2016-01-23"", ""end"": ""2016-01-29"", ""count"": 7}, ""Hartung"": {""start"": ""2022-10-18"", ""end"": ""2022-10-18"", ""count"": 1}}",Right,1994,,,,,,84.70%,82.10%,78.30%,89.30%,70.40%,80.50%,68.20%,79.20%,90.00%,77.90%,83.00%,78.80%,96.90%,94.40%,66.70%,91.70%,66.70%,87.50%,,,,,75.00%,80.00%,,,62.50%,75.00%,50.00%,75.00%,,,,,,,,,25.00%,,,,,,1.02,0.33,55,45,25.5,40,20,16.4,9.1,6,0,0,5,0,0,,,,,,,,,,,,,,,,,,,,,,,,,,,,,,,,,76.60%,83.70%,,,,,,,,,,,88.50%,100.00%,,,,,,,Double CW,66.7,Double CCW,91.7
Brady Scharback,77.70%,76.30%,77.00%,75.20%,199,"{""Fourth"": {""start"": ""2016-11-13"", ""end"": ""2016-11-19"", ""count"": 7}, ""Second"": {""start"": ""2022-10-18"", ""end"": ""2022-10-18"", ""count"": 1}}","{""SK (Scharback)"": {""start"": ""2016-11-13"", ""end"": ""2016-11-19"", ""count"": 7}, ""Hartung"": {""start"": ""2022-10-18"", ""end"": ""2022-10-18"", ""count"": 1}}",Right,,,,,,,,,62.50%,75.00%,63.90%,62.90%,93.80%,58.30%,83.10%,85.50%,75.00%,71.90%,,,75.00%,58.30%,87.50%,93.80%,,,,,,,75.00%,,91.70%,56.20%,,50.00%,90.00%,85.00%,41.70%,,,,,,87.50%,,,,,,1.09,0.25,53,44,30.2,38.6,20.5,9.4,20.8,4,0,0,6,0,0,,,,,,,,,,,,,,,,,,,,,,,,,,,,,,,,,65.40%,84.00%,,,,,,,,,,,70.00%,77.80%,,,,,,,Freeze CCW,58.3,Freeze CW,93.8
Brady St. Louis,73.20%,75.30%,74.50%,67.10%,262,"{""Third"": {""start"": ""2016-01-28"", ""end"": ""2021-03-10"", ""count"": 6}, ""Lead"": {""start"": ""2018-03-24"", ""end"": ""2018-03-28"", ""count"": 5}, ""Fourth"": {""start"": ""2021-03-10"", ""end"": ""2021-03-10"", ""count"": 1}}","{""NT"": {""start"": ""2016-01-28"", ""end"": ""2016-01-28"", ""count"": 1}, ""FAN"": {""start"": ""2018-03-24"", ""end"": ""2018-03-28"", ""count"": 5}, ""NU (Mackey)"": {""start"": ""2021-03-05"", ""end"": ""2021-03-10"", ""count"": 5}}",Right,,,,,,,80.60%,78.70%,75.00%,77.80%,72.70%,75.30%,58.30%,66.70%,71.90%,72.30%,56.20%,60.00%,,85.70%,,79.20%,75.00%,66.70%,,,,,80.00%,50.00%,,,33.30%,77.80%,,50.00%,,62.50%,,,,,,50.00%,,,,,,,0.82,0.41,71,58,19.7,25.9,29.3,33.8,-14.1,10,0,0,7,1,14.3,,,,,,,,,,,,,,,,,,,,,,,,,,,,,,,,,42.50%,50.00%,,,82.10%,76.10%,,,,,59.30%,74.10%,,,,,,,,,Hit-roll CW,56.2,Double CCW,79.2
Braeden Moskowy,83.80%,85.20%,84.50%,87.90%,2226,"{""Third"": {""start"": ""2013-03-02"", ""end"": ""2022-04-16"", ""count"": 87}}","{""SK (Virtue)"": {""start"": ""2013-03-02"", ""end"": ""2013-03-07"", ""count"": 6}, ""Carruthers"": {""start"": ""2015-12-02"", ""end"": ""2017-12-08"", ""count"": 16}, ""MB"": {""start"": ""2018-03-03"", ""end"": ""2018-03-09"", ""count"": 7}, ""Dunstone"": {""start"": ""2018-12-05"", ""end"": ""2022-04-16"", ""count"": 22}, ""R. Carruthers"": {""start"": ""2018-02-04"", ""end"": ""2018-02-04"", ""count"": 1}, ""Canada 1"": {""start"": ""2019-05-08"", ""end"": ""2019-05-11"", ""count"": 4}, ""Canada"": {""start"": ""2019-01-30"", ""end"": ""2019-02-03"", ""count"": 5}, ""SK (Dunstone)"": {""start"": ""2020-02-29"", ""end"": ""2021-03-14"", ""count"": 18}, ""WC2 (Dunstone)"": {""start"": ""2022-03-04"", ""end"": ""2022-03-11"", ""count"": 8}}",Right,1990,"Regina, SK","Regina, SK",Student,Robert Usher Collegiate,Athabasca University,85.00%,95.00%,90.80%,94.80%,79.90%,81.10%,78.30%,83.60%,86.20%,86.50%,79.70%,79.20%,96.70%,96.50%,72.20%,75.50%,83.00%,80.00%,50.00%,,62.50%,83.30%,95.00%,,95.50%,95.00%,76.70%,92.10%,,87.50%,79.20%,84.70%,70.50%,78.10%,96.40%,96.20%,62.50%,87.50%,93.80%,91.70%,,,,,1.07,0.24,557,525,33.4,35.2,17.3,18,15.4,46,12,26.1,47,2,4.3,,,,,,,,,,,,,,,,,,,,,,,,,,,82.30%,86.00%,,,88.70%,84.60%,92.10%,86.00%,86.50%,86.40%,82.90%,80.90%,77.50%,85.50%,81.60%,86.30%,85.50%,85.90%,88.20%,81.10%,,,,,,,Wick CW,50,Guard CCW,94.8
Breanne Burgoyne,69.80%,72.40%,71.30%,76.40%,376,"{""Second"": {""start"": ""2017-01-21"", ""end"": ""2018-01-19"", ""count"": 13}, ""Third"": {""start"": ""2017-01-27"", ""end"": ""2017-01-27"", ""count"": 1}}","{""PE (Lenentine)"": {""start"": ""2017-01-21"", ""end"": ""2017-01-27"", ""count"": 7}, ""PE"": {""start"": ""2018-01-13"", ""end"": ""2018-01-19"", ""count"": 7}}",Right,,,,,,,85.30%,82.90%,65.60%,76.70%,61.10%,69.70%,41.70%,67.50%,71.20%,77.50%,59.60%,63.90%,90.00%,79.20%,70.00%,37.50%,75.00%,50.00%,,,,,91.70%,83.30%,,75.00%,68.80%,62.50%,50.00%,,,,,91.70%,,,75.00%,25.00%,,0.00%,,,,,0.95,0.46,94,85,23.4,34.1,27.1,20.2,3.2,11,3,27.3,6,0,0,,,,,,,,,,,,,,,,,,,,,,,,,,,,,,,,,,,68.70%,71.50%,71.50%,73.80%,,,,,,,,,,,,,,,Double CCW,37.5,Take-out CCW,77.5
Breanne Knapp,81.70%,79.00%,80.40%,77.40%,612,"{""Lead"": {""start"": ""2011-02-20"", ""end"": ""2021-10-31"", ""count"": 18}, ""Third"": {""start"": ""2017-11-06"", ""end"": ""2017-11-12"", ""count"": 7}}","{""MB (Overton...)"": {""start"": ""2011-02-20"", ""end"": ""2011-02-20"", ""count"": 1}, ""Meilleur"": {""start"": ""2017-11-06"", ""end"": ""2017-11-12"", ""count"": 7}, ""Carey"": {""start"": ""2018-12-05"", ""end"": ""2018-12-08"", ""count"": 3}, ""Anderson"": {""start"": ""2021-10-25"", ""end"": ""2021-10-31"", ""count"": 7}, ""SK (Anderson)"": {""start"": ""2021-02-20"", ""end"": ""2021-02-27"", ""count"": 7}}",Left,1990,"Winnipeg, MB","Winnipeg, MB","Student, University of Manitoba",,University of Manitoba,88.90%,91.20%,90.90%,78.30%,81.40%,80.80%,69.40%,73.30%,77.00%,69.20%,76.70%,75.00%,73.10%,87.50%,75.00%,0.00%,90.00%,75.00%,54.50%,25.00%,,,89.70%,90.40%,87.50%,,90.00%,82.10%,,,,91.70%,,50.00%,75.00%,75.00%,,,,,91.70%,6.20%,,,1,0.43,145,151,24.8,31.8,29.8,24.8,0,14,2,14.3,15,2,13.3,,,,,,,,,,,,,,,,,,,,,,,87.50%,100.00%,,,,,,,,,,,83.70%,75.50%,80.00%,81.70%,,,,,85.20%,66.30%,,,,,,,,,Double CCW,0,Guard CW,90.9
Brenda Nicholls,83.80%,78.30%,81.00%,90.40%,441,"{""Third"": {""start"": ""2012-02-18"", ""end"": ""2016-02-26"", ""count"": 14}}","{""QC (Larouche)"": {""start"": ""2012-02-18"", ""end"": ""2016-02-26"", ""count"": 14}}",Right,1972,"Quebec, QC","Quebec, QC","Customer Service Manager, Exfo",,,,65.00%,86.80%,88.60%,79.00%,70.80%,82.50%,68.30%,88.80%,88.70%,79.50%,78.70%,88.20%,91.70%,82.50%,70.70%,85.70%,52.80%,,,,,,,87.50%,91.70%,91.70%,68.80%,,62.50%,,,87.50%,,,,,,,66.70%,,,,,0.95,0.31,106,109,24.5,35.8,22,22.6,1.9,6,1,16.7,8,1,12.5,,,,,,,,,,,,,,,,,,,,,,,,,79.30%,82.80%,,,,,,,75.60%,84.10%,,,,,,,,,,,,,,,,,,,Raise CCW,52.8,Take-out CW,88.8
Brendan Bilawka,83.90%,87.60%,85.60%,92.60%,490,"{""Lead"": {""start"": ""2017-01-21"", ""end"": ""2019-02-10"", ""count"": 17}}","{""MB (Ryan)"": {""start"": ""2017-01-21"", ""end"": ""2017-01-27"", ""count"": 7}, ""MB"": {""start"": ""2018-01-13"", ""end"": ""2018-01-20"", ""count"": 8}, ""JT Ryan"": {""start"": ""2018-02-04"", ""end"": ""2018-02-04"", ""count"": 1}, ""W. Lyburn"": {""start"": ""2019-02-10"", ""end"": ""2019-02-10"", ""count"": 1}}",Right,1997,,,,,,94.20%,97.50%,90.40%,77.30%,82.70%,86.80%,70.60%,62.50%,75.80%,82.60%,75.00%,72.70%,,,,,,,,,,,78.10%,,,,82.40%,95.80%,75.00%,,87.50%,,,,,,,,,,,,,,1.12,0.34,114,122,36.8,29.5,24.6,21.9,14.9,7,5,71.4,13,0,0,,,,,,,,,,,,,,,,,,,,,,,,,,,,,,,,,,,86.30%,75.80%,86.90%,79.40%,89.80%,84.40%,,,,,,,,,,,,,Freeze CCW,62.5,Guard CW,90.4
Brendan Bottcher,84.50%,83.60%,84.10%,82.90%,5082,"{""Fourth"": {""start"": ""2017-03-04"", ""end"": ""2024-04-12"", ""count"": 196}, ""Second"": {""start"": ""2024-10-27"", ""end"": ""2025-04-11"", ""count"": 34}, ""Third"": {""start"": ""2025-03-05"", ""end"": ""2025-04-08"", ""count"": 2}}","{""AB (Bottcher)"": {""start"": ""2017-03-04"", ""end"": ""2021-03-14"", ""count"": 33}, ""Bottcher"": {""start"": ""2017-11-07"", ""end"": ""2024-04-12"", ""count"": 117}, ""WC (Bottcher)"": {""start"": ""2019-03-02"", ""end"": ""2019-03-10"", ""count"": 9}, ""Canada"": {""start"": ""2021-04-01"", ""end"": ""2021-04-09"", ""count"": 9}, ""CA (Bottcher)"": {""start"": ""2022-03-04"", ""end"": ""2022-03-13"", ""count"": 9}, ""WC1 (Bottcher)"": {""start"": ""2023-03-03"", ""end"": ""2023-03-12"", ""count"": 10}, ""AB-B (Bottcher)"": {""start"": ""2024-03-02"", ""end"": ""2024-03-10"", ""count"": 9}, ""Gushue"": {""start"": ""2024-11-05"", ""end"": ""2025-04-11"", ""count"": 19}, ""CAN (Gushue)"": {""start"": ""2024-10-27"", ""end"": ""2025-03-09"", ""count"": 16}}",Right,,,,,,,85.70%,91.70%,90.00%,90.90%,84.30%,83.20%,79.50%,73.60%,85.60%,85.20%,81.30%,82.20%,97.40%,98.00%,79.60%,70.40%,75.60%,79.40%,,,68.80%,71.60%,85.00%,,89.30%,91.20%,81.90%,81.20%,81.20%,71.70%,88.10%,90.20%,84.30%,81.60%,94.60%,94.50%,59.10%,61.70%,64.60%,75.00%,,,,,1.17,0.29,1248,1270,35.8,35.2,20.3,12.8,23,70,12,17.1,142,9,6.3,,,,,,,,,,,,,,,,,,,,,,,,,,,,,,,,,,,79.90%,81.60%,82.00%,83.80%,78.80%,83.10%,82.90%,87.80%,83.50%,84.00%,85.70%,83.20%,87.30%,85.20%,86.30%,84.80%,85.10%,85.90%,Promotion CW,68.8,Guard CCW,90.9
Brendan Maccuish,77.00%,85.50%,82.00%,74.50%,219,"{""Lead"": {""start"": ""2013-02-28"", ""end"": ""2013-03-10"", ""count"": 10}}","{""CAN"": {""start"": ""2013-02-28"", ""end"": ""2013-03-10"", ""count"": 10}}",Right,1994,"Winnipeg, MB",,,,,95.00%,92.60%,87.50%,56.20%,73.80%,84.80%,,,80.80%,93.80%,68.80%,66.70%,75.00%,,50.00%,,75.00%,87.50%,25.00%,,,,,,,,81.20%,65.00%,,,,,,,75.00%,,,,,75.00%,0.00%,,,,1.08,0.15,60,48,36.7,41.7,12.5,16.7,20,2,0,0,8,1,12.5,,,,,,,,,,,,,,,,,,,,,,,,,,,83.60%,76.10%,,,,,,,,,,,,,,,,,,,,,,,,,Wick CW,25,Take-out CCW,93.8
Brennen Jones,81.70%,79.50%,80.70%,85.80%,426,"{""Second"": {""start"": ""2011-03-05"", ""end"": ""2011-03-10"", ""count"": 6}, ""Third"": {""start"": ""2011-03-09"", ""end"": ""2023-05-05"", ""count"": 11}}","{""Sask (Laycock)"": {""start"": ""2011-03-05"", ""end"": ""2011-03-10"", ""count"": 6}, ""SK (Knapp)"": {""start"": ""2023-03-04"", ""end"": ""2023-03-09"", ""count"": 6}, ""Knapp"": {""start"": ""2023-05-02"", ""end"": ""2023-05-05"", ""count"": 4}}",Right,1988,"Weyburn, SK","Regina, SK",,,,,86.10%,91.20%,96.20%,78.90%,70.20%,71.70%,71.70%,87.50%,82.10%,73.20%,66.00%,90.40%,97.20%,63.30%,73.70%,85.30%,75.00%,,,,,,,81.20%,,87.50%,83.30%,58.30%,,75.00%,,66.70%,66.70%,92.90%,,,75.00%,,,,,,,0.85,0.24,98,111,15.3,30.6,20.7,25.5,-10.2,13,1,7.7,7,3,42.9,,,,,,,,,,,,,,,,,,,,,,,84.30%,84.90%,,,,,,,,,,,,,,,,,,,,,,,74.70%,77.70%,,,,,Double CW,63.3,Guard CCW,96.2
Brent Laing,87.70%,87.90%,87.80%,81.30%,5288,"{""Lead"": {""start"": ""2002-03-09"", ""end"": ""2022-09-22"", ""count"": 58}, ""Second"": {""start"": ""2006-03-11"", ""end"": ""2025-03-04"", ""count"": 143}}","{""ON (Morris)"": {""start"": ""2002-03-09"", ""end"": ""2002-03-17"", ""count"": 9}, ""ONT (Howard)"": {""start"": ""2006-03-11"", ""end"": ""2006-03-19"", ""count"": 8}, ""ON (Howard)"": {""start"": ""2007-03-03"", ""end"": ""2013-03-10"", ""count"": 49}, ""ONT (G.Howard)"": {""start"": ""2009-03-07"", ""end"": ""2009-03-14"", ""count"": 8}, ""Koe"": {""start"": ""2015-12-02"", ""end"": ""2017-12-10"", ""count"": 16}, ""AB (Koe)"": {""start"": ""2016-03-05"", ""end"": ""2016-03-13"", ""count"": 8}, ""Canada"": {""start"": ""2016-04-02"", ""end"": ""2016-04-10"", ""count"": 8}, ""CA (Koe)"": {""start"": ""2017-03-04"", ""end"": ""2017-03-12"", ""count"": 9}, ""Epping"": {""start"": ""2017-08-26"", ""end"": ""2022-05-07"", ""count"": 40}, ""CAN (Koe)"": {""start"": ""2018-02-14"", ""end"": ""2018-02-23"", ""count"": 10}, ""ON (Epping)"": {""start"": ""2020-02-29"", ""end"": ""2021-03-13"", ""count"": 15}, ""McEwen"": {""start"": ""2022-09-22"", ""end"": ""2022-10-18"", ""count"": 6}, ""ON (McEwen)"": {""start"": ""2023-03-03"", ""end"": ""2023-03-11"", ""count"": 9}, ""SK (McEwen)"": {""start"": ""2025-03-04"", ""end"": ""2025-03-04"", ""count"": 1}}",Right,1979,"Meaford, ON","Horseshoe Valley, ON","Operations Manager, Weed Man - Collingwood/Barrie",Georgian Bay Secondary School,Wilfrid Laurier University,94.40%,95.50%,92.20%,92.00%,86.20%,86.10%,80.60%,83.90%,88.10%,88.90%,82.90%,82.20%,92.90%,93.50%,76.30%,77.90%,81.30%,83.20%,54.20%,75.00%,78.80%,77.10%,96.20%,95.90%,95.30%,95.50%,88.60%,86.10%,76.90%,75.00%,86.20%,93.20%,,77.10%,92.90%,93.30%,75.00%,83.30%,62.50%,86.50%,8.30%,70.00%,50.00%,,1.22,0.3,1239,1314,37.9,36.5,20.5,15,22.9,78,16,20.5,151,3,2,,,,,86.80%,84.20%,,,,,,,82.70%,84.10%,84.40%,84.10%,86.00%,87.90%,82.70%,86.60%,85.70%,88.30%,86.20%,87.60%,89.20%,87.50%,91.20%,92.50%,,,91.40%,86.60%,90.90%,90.60%,88.20%,87.00%,83.10%,84.70%,93.40%,81.50%,93.10%,79.50%,91.30%,74.50%,84.10%,89.00%,86.80%,86.40%,,,100.00%,87.50%,Wick CW,54.2,Guard CW,92.2
Brent Pierce,80.40%,80.10%,80.30%,74.60%,328,"{""Third"": {""start"": ""2009-03-07"", ""end"": ""2009-03-12"", ""count"": 6}, ""Fourth"": {""start"": ""2022-03-05"", ""end"": ""2022-03-10"", ""count"": 5}}","{""BC (Geal)"": {""start"": ""2009-03-07"", ""end"": ""2009-03-12"", ""count"": 6}, ""BC (Pierce)"": {""start"": ""2022-03-05"", ""end"": ""2022-03-10"", ""count"": 5}}",Right,1969,"New Westminster, BC","New Westminster, BC","Sales & Inventory Manager, Westerra Equipment LP",,,,,93.80%,87.50%,81.00%,87.70%,75.00%,68.80%,81.50%,78.50%,73.10%,80.00%,95.00%,87.50%,68.80%,59.70%,85.00%,,,,,,,,91.70%,,94.40%,90.00%,,37.50%,,81.20%,,0.00%,75.00%,0.00%,,,,,,,,,1.32,0.23,76,81,39.5,43.2,17.3,21.1,18.4,8,0,0,10,1,10,,,,,,,,,,,,,,,,,,,77.10%,81.20%,,,,,,,,,,,,,,,,,,,,,,,,,89.10%,71.00%,,,,,,,Double CCW,59.7,Guard CW,93.8
Brett Gallant,85.90%,88.30%,87.20%,86.00%,6653,"{""Fourth"": {""start"": ""2009-03-14"", ""end"": ""2009-03-15"", ""count"": 2}, ""Third"": {""start"": ""2013-03-02"", ""end"": ""2022-03-13"", ""count"": 13}, ""Second"": {""start"": ""2015-12-02"", ""end"": ""2025-04-09"", ""count"": 279}, ""Lead"": {""start"": ""2022-04-07"", ""end"": ""2022-04-07"", ""count"": 1}}","{""CAN"": {""start"": ""2009-03-14"", ""end"": ""2009-03-15"", ""count"": 2}, ""NL (Gushue)"": {""start"": ""2013-03-02"", ""end"": ""2020-03-08"", ""count"": 32}, ""Gushue"": {""start"": ""2015-12-02"", ""end"": ""2022-05-08"", ""count"": 60}, ""CA (Gushue)"": {""start"": ""2017-04-01"", ""end"": ""2021-03-13"", ""count"": 34}, ""Jacobs"": {""start"": ""2017-08-25"", ""end"": ""2025-04-09"", ""count"": 27}, ""CAN (Gushue)"": {""start"": ""2018-03-31"", ""end"": ""2022-04-10"", ""count"": 27}, ""WC1 (Gushue)"": {""start"": ""2022-03-05"", ""end"": ""2022-03-13"", ""count"": 9}, ""Bottcher"": {""start"": ""2022-09-21"", ""end"": ""2024-04-12"", ""count"": 60}, ""WC1 (Bottcher)"": {""start"": ""2023-03-03"", ""end"": ""2023-03-12"", ""count"": 10}, ""AB-B (Bottcher)"": {""start"": ""2024-03-02"", ""end"": ""2024-03-10"", ""count"": 9}, ""AB (Jacobs)"": {""start"": ""2025-03-01"", ""end"": ""2025-03-09"", ""count"": 9}, ""CAN (Jacobs)"": {""start"": ""2025-03-29"", ""end"": ""2025-04-06"", ""count"": 9}}",Right,1990,"Charlottetown, PEI","St. John's, NL","Manager, Menchie's Frozen Yogurt",Colonel Gray Senior High School,Memorial University,94.70%,95.30%,92.40%,94.70%,85.30%,86.30%,82.00%,83.40%,86.30%,89.30%,79.60%,84.50%,92.30%,95.20%,80.40%,78.90%,78.90%,83.70%,75.00%,78.60%,73.80%,69.90%,98.80%,97.40%,95.50%,97.90%,87.50%,84.30%,80.90%,81.00%,86.40%,89.40%,84.70%,85.30%,93.50%,97.50%,89.30%,77.80%,75.00%,93.80%,,50.00%,,75.00%,1.26,0.29,1582,1638,39.7,40,20.3,10.3,29.4,61,14,23,216,4,1.9,,,,,,,,,,,,,,,,,,,60.70%,67.00%,,,,,,,83.70%,86.60%,,,84.30%,83.10%,91.20%,89.10%,85.30%,89.60%,86.00%,87.50%,91.10%,87.60%,85.90%,88.30%,86.10%,85.00%,87.10%,83.20%,89.80%,88.10%,88.00%,88.00%,92.00%,89.50%,Promotion CCW,69.9,Guard CCW,94.7
Brett Sargon,71.70%,76.70%,74.40%,73.70%,660,"{""Second"": {""start"": ""2017-11-03"", ""end"": ""2024-04-05"", ""count"": 22}, ""Third"": {""start"": ""2024-10-27"", ""end"": ""2024-10-27"", ""count"": 1}, ""Lead"": {""start"": ""2024-10-27"", ""end"": ""2024-10-31"", ""count"": 5}}","{""New Zealand"": {""start"": ""2017-11-03"", ""end"": ""2019-11-02"", ""count"": 3}, ""NZL (Hood)"": {""start"": ""2022-10-30"", ""end"": ""2024-10-31"", ""count"": 24}}",Right,,,,,,,57.50%,88.00%,84.30%,81.80%,75.80%,78.10%,,,68.20%,79.20%,76.10%,65.30%,78.60%,85.60%,59.10%,68.00%,63.30%,70.20%,0.00%,87.50%,59.10%,55.00%,0.00%,95.00%,83.30%,65.60%,77.90%,71.20%,,,,58.30%,87.50%,,,75.00%,,50.00%,87.50%,66.70%,,87.50%,,,0.8,0.16,184,142,20.7,26.1,9.2,31.5,-10.8,34,3,8.8,5,0,0,,,,,,,,,,,,,,,,,,,,,,,,,,,,,,,,,,,72.10%,80.80%,,,64.30%,75.00%,,,,,79.60%,72.20%,77.60%,64.90%,79.20%,71.80%,,,Wick CW,0,Wick CCW,87.5
Brette Richards,78.40%,73.10%,75.60%,75.80%,200,"{""Second"": {""start"": ""2017-02-18"", ""end"": ""2017-02-23"", ""count"": 6}}","{""BC (Mallett)"": {""start"": ""2017-02-18"", ""end"": ""2017-02-23"", ""count"": 6}}",Right,1983,,,,,,89.30%,94.20%,89.30%,75.00%,66.00%,68.50%,67.90%,80.00%,82.90%,76.70%,77.30%,68.40%,93.80%,50.00%,75.00%,63.90%,75.00%,83.30%,,,,,,95.00%,75.00%,,62.50%,,50.00%,,,,,,,,,,0.00%,,,,,,0.8,0.21,51,48,23.5,33.3,12.5,37.3,-13.8,9,1,11.1,1,1,100,,,,,,,,,,,,,,,,,,,,,,,,,,,,,,,,,,,75.20%,76.00%,,,,,,,,,,,,,,,,,Double CCW,63.9,Guard CW,89.3
Brian Windsor,71.50%,73.70%,72.50%,89.20%,204,"{""Fourth"": {""start"": ""2006-03-11"", ""end"": ""2006-03-16"", ""count"": 6}}","{""B.C. (Windsor)"": {""start"": ""2006-03-11"", ""end"": ""2006-03-16"", ""count"": 6}}",Right,1959,"Turtleford, SK",,,,,,,70.80%,58.30%,71.90%,62.90%,77.80%,85.00%,62.80%,88.60%,86.10%,50.00%,,,66.70%,50.00%,71.40%,55.00%,,,,,,,,,,,66.70%,,50.00%,,,,,,,,75.00%,,,,,,0.89,0.22,57,45,24.6,33.3,20,26.3,-1.7,5,0,0,3,0,0,,,,,,,,,,,,,70.50%,74.30%,,,,,,,,,,,,,,,,,,,,,,,,,,,,,,,,,,,,,,,Hit-roll CCW,50,Take-out CCW,88.6
Briane Harris,88.20%,89.60%,88.70%,88.50%,1671,"{""Lead"": {""start"": ""2022-09-21"", ""end"": ""2024-01-20"", ""count"": 79}}","{""Einarson"": {""start"": ""2022-09-21"", ""end"": ""2024-01-20"", ""count"": 54}, ""Canada"": {""start"": ""2022-10-30"", ""end"": ""2022-11-05"", ""count"": 7}, ""CA (Einarson)"": {""start"": ""2023-02-17"", ""end"": ""2023-02-26"", ""count"": 9}, ""CAN (Einarson)"": {""start"": ""2023-03-18"", ""end"": ""2023-03-26"", ""count"": 9}}",Right,1992,"Winnipeg, MB",,,,,93.50%,94.50%,89.50%,95.00%,86.60%,88.00%,74.20%,84.50%,85.70%,84.80%,86.80%,83.80%,,,50.00%,,75.00%,90.60%,68.80%,70.80%,,75.00%,96.60%,94.30%,96.40%,,86.90%,88.20%,87.50%,,87.50%,,,,,,,,,,37.50%,75.00%,,,1.34,0.44,380,427,42.4,34.7,28.1,16.1,26.3,30,9,30,54,3,5.6,,,,,,,,,,,,,,,,,,,,,,,,,,,,,,,,,,,,,,,,,,,,,88.70%,81.00%,89.80%,83.60%,93.30%,89.60%,,,Double CW,50,Guard CCW,95
Bridget Becker,65.80%,66.00%,65.90%,75.50%,521,"{""Fourth"": {""start"": ""2017-11-04"", ""end"": ""2024-03-21"", ""count"": 7}, ""Lead"": {""start"": ""2022-10-30"", ""end"": ""2022-11-03"", ""count"": 5}, ""Second"": {""start"": ""2022-11-04"", ""end"": ""2024-03-22"", ""count"": 12}}","{""New Zealand"": {""start"": ""2017-11-04"", ""end"": ""2022-11-04"", ""count"": 8}, ""NZL (Becker)"": {""start"": ""2023-03-18"", ""end"": ""2023-03-24"", ""count"": 7}, ""NZL (Smith)"": {""start"": ""2024-03-16"", ""end"": ""2024-03-22"", ""count"": 7}}",Right,,,,,,,89.80%,69.80%,78.10%,78.60%,67.90%,63.50%,75.00%,,63.90%,67.20%,62.50%,76.40%,66.70%,97.20%,53.80%,40.00%,52.50%,71.20%,,,27.80%,45.00%,90.00%,78.10%,75.00%,75.00%,56.60%,56.20%,,,33.30%,91.70%,75.00%,,,,50.00%,,,,,,,,0.79,0.32,131,127,19.1,24.4,22,39.7,-20.6,28,5,17.9,6,2,33.3,,,,,,,,,,,,,,,,,,,,,,,,,,,,,,,,,,,57.70%,50.00%,,,,,,,,,77.40%,70.40%,61.30%,63.10%,67.40%,62.60%,,,Promotion CW,27.8,Guard CCW,78.6
Brigitte Comeau,75.00%,74.70%,74.90%,83.40%,758,"{""Second"": {""start"": ""2016-01-23"", ""end"": ""2019-01-25"", ""count"": 28}}","{""NB"": {""start"": ""2016-01-23"", ""end"": ""2019-01-25"", ""count"": 23}, ""NB (Comeau)"": {""start"": ""2017-04-18"", ""end"": ""2017-04-22"", ""count"": 5}}",Right,,,,,,,85.40%,84.80%,82.70%,82.80%,69.00%,59.30%,59.60%,67.50%,73.60%,83.60%,67.40%,70.10%,93.30%,80.40%,65.00%,,81.20%,75.00%,,,,,95.80%,89.30%,95.00%,,52.50%,52.50%,,,75.00%,90.90%,62.50%,,97.50%,73.10%,,,,,,,,,1.06,0.57,182,183,32.4,31.1,33.9,23.1,9.3,14,2,14.3,20,0,0,,,,,,,,,,,,,,,,,,,,,,,,,,,,,,,,,62.40%,78.50%,75.40%,80.70%,70.80%,76.30%,72.60%,80.20%,,,,,,,,,,,,,Draw CCW,59.3,Take-out CCW,83.6
Brigitte Macphail,60.10%,59.70%,59.90%,53.40%,275,"{""Fourth"": {""start"": ""2022-01-28"", ""end"": ""2023-02-23"", ""count"": 12}}","{""NU (MacPhail)"": {""start"": ""2022-01-28"", ""end"": ""2023-02-23"", ""count"": 12}}",Right,,,,,,,,,91.70%,65.00%,56.60%,54.90%,25.00%,15.00%,64.90%,67.20%,52.10%,63.30%,,75.00%,75.00%,56.70%,33.30%,75.00%,,,,,,,,75.00%,39.30%,55.00%,50.00%,,81.20%,83.30%,0.00%,,,,50.00%,0.00%,,,,,,,0.64,0.17,75,63,13.3,19,14.3,44,-30.7,15,2,13.3,1,1,100,,,,,,,,,,,,,,,,,,,,,,,,,,,,,,,,,,,,,,,,,,,,,48.90%,66.40%,61.90%,62.20%,,,,,Freeze CCW,15,Guard CW,91.7
Brittany Tran,80.90%,76.50%,79.00%,80.30%,779,"{""Second"": {""start"": ""2019-02-16"", ""end"": ""2024-11-30"", ""count"": 10}, ""Lead"": {""start"": ""2021-02-19"", ""end"": ""2021-02-27"", ""count"": 9}, ""Third"": {""start"": ""2022-10-19"", ""end"": ""2024-10-04"", ""count"": 16}}","{""NT (Galusha)"": {""start"": ""2019-02-16"", ""end"": ""2019-02-20"", ""count"": 5}, ""WC3 (Peterson)"": {""start"": ""2021-02-19"", ""end"": ""2021-02-27"", ""count"": 9}, ""Skrlik"": {""start"": ""2022-10-18"", ""end"": ""2023-10-20"", ""count"": 8}, ""AB (Skrlik)"": {""start"": ""2023-02-17"", ""end"": ""2023-02-23"", ""count"": 6}, ""Einarson"": {""start"": ""2024-11-26"", ""end"": ""2024-11-30"", ""count"": 4}, ""Thevenot"": {""start"": ""2024-10-01"", ""end"": ""2024-10-04"", ""count"": 3}}",Right,1993,,,,,,84.10%,84.30%,84.80%,87.50%,78.30%,72.60%,73.20%,70.50%,84.60%,73.80%,78.50%,77.60%,88.60%,81.80%,69.60%,79.20%,58.30%,43.80%,,,,66.70%,85.70%,,92.90%,92.90%,68.30%,68.80%,,,,80.00%,62.50%,,75.00%,87.50%,83.30%,,62.50%,50.00%,,,,75.00%,1.28,0.31,176,203,37.5,33.5,19.2,26.7,10.8,18,6,33.3,21,3,14.3,,,,,,,,,,,,,,,,,,,,,,,,,,,,,,,,,,,,,,,73.80%,76.10%,,,83.10%,70.70%,63.60%,65.50%,78.10%,80.70%,75.00%,83.20%,,,Raise CCW,43.8,Guard CCW,87.5
Brock Virtue,80.20%,81.10%,80.70%,95.40%,211,"{""Fourth"": {""start"": ""2013-03-02"", ""end"": ""2013-03-07"", ""count"": 6}}","{""SK (Virtue)"": {""start"": ""2013-03-02"", ""end"": ""2013-03-07"", ""count"": 6}}",Right,1986,"Lethbridge, AB","Regina, SK","Business owner, Earthstone Concrete Countertops",Lethbridge Collegiate Institute,University of Lethbridge,,,,90.60%,82.30%,77.70%,,,81.70%,82.50%,81.20%,86.40%,,96.40%,39.30%,61.50%,75.00%,,,,,,,,,,70.00%,,,,,,,,,75.00%,,,,,,,,,0.94,0.23,53,52,26.4,38.5,23.1,22.6,3.8,5,1,20,4,0,0,,,,,,,,,,,,,,,,,,,,,,,,,,,82.10%,79.60%,,,,,,,,,,,,,,,,,,,,,,,,,Double CW,39.3,Guard CCW,90.6
Bronwen Webster,81.80%,80.90%,81.50%,81.80%,216,"{""Second"": {""start"": ""2011-02-19"", ""end"": ""2011-02-24"", ""count"": 6}}","{""AB (Kleibrink)"": {""start"": ""2011-02-19"", ""end"": ""2011-02-24"", ""count"": 6}}",Right,1978,"Calgary, AB","Calgary, AB","Director, Business Development, CMA Alberta",William Aberhart,University of Calgary,,,88.20%,95.00%,81.20%,78.30%,67.90%,71.90%,81.50%,82.10%,76.90%,69.40%,94.20%,95.60%,58.30%,62.50%,59.40%,62.50%,,,,,,,91.70%,,,,50.00%,,,66.70%,,,80.00%,,50.00%,,25.00%,,,,,,1.12,0.32,52,53,32.7,49.1,20.8,15.4,17.3,3,2,66.7,4,0,0,,,,,,,,,,,,,,,,,,,,,,,82.10%,81.10%,,,,,,,,,,,,,,,,,,,,,,,,,,,,,Double CW,58.3,Guard CCW,95
Brooks Roche,81.60%,77.40%,79.50%,83.10%,344,"{""Lead"": {""start"": ""2017-01-21"", ""end"": ""2017-01-27"", ""count"": 6}, ""Second"": {""start"": ""2017-03-18"", ""end"": ""2017-03-22"", ""count"": 5}}","{""PE (Smith)"": {""start"": ""2017-01-21"", ""end"": ""2017-01-27"", ""count"": 6}, ""UPEI (Gallant)"": {""start"": ""2017-03-18"", ""end"": ""2017-03-22"", ""count"": 5}}",Right,,,,,,,93.30%,86.80%,77.30%,96.40%,77.70%,67.80%,69.40%,71.40%,93.80%,86.00%,75.00%,62.50%,78.60%,76.40%,,50.00%,87.50%,91.70%,16.70%,,,,,81.20%,81.20%,,64.30%,75.00%,75.00%,,,87.50%,,,70.00%,80.00%,,,,,,,,,0.92,0.35,84,85,25,25.9,22.4,27.4,-2.4,8,1,12.5,6,0,0,,,,,,,,,,,,,,,,,,,,,,,,,,,,,,,,,,,78.90%,80.50%,,,,,,,,,,,,,,,,,Wick CW,16.7,Guard CCW,96.4
Bruce Korte,79.70%,79.30%,79.50%,86.60%,589,"{""Fourth"": {""start"": ""2004-03-06"", ""end"": ""2015-11-14"", ""count"": 13}, ""Third"": {""start"": ""2010-03-06"", ""end"": ""2010-03-11"", ""count"": 6}}","{""SK (Korte)"": {""start"": ""2004-03-06"", ""end"": ""2015-11-14"", ""count"": 13}, ""SK (McKee)"": {""start"": ""2010-03-06"", ""end"": ""2010-03-11"", ""count"": 6}}",Left,1967,"Muenster, SK","Saskatoon, SK",,,,,,80.70%,77.80%,78.30%,70.30%,67.70%,76.70%,83.70%,83.80%,77.00%,76.40%,,93.50%,70.30%,77.50%,72.10%,71.90%,,,,,,,,89.30%,87.50%,50.00%,93.80%,87.50%,97.20%,72.20%,75.00%,50.00%,,,,,90.00%,93.80%,,,,,1.2,0.23,144,146,35.4,41.8,19.2,17.4,18,15,6,40,13,1,7.7,,,,,,,,,74.10%,82.50%,,,,,,,,,,,75.90%,85.30%,,,,,,,,,75.40%,80.00%,,,,,,,,,,,,,,,,,,,,,Freeze CW,67.7,Take-out CCW,83.8
Bruce Lohnes,74.60%,81.40%,78.40%,83.90%,925,"{""Third"": {""start"": ""2003-03-01"", ""end"": ""2009-03-12"", ""count"": 30}}","{""N.S.(Dacey)"": {""start"": ""2003-03-01"", ""end"": ""2003-03-09"", ""count"": 9}, ""NS (Dacey)"": {""start"": ""2004-03-06"", ""end"": ""2004-03-13"", ""count"": 8}, ""N.S (Dacey)"": {""start"": ""2006-03-11"", ""end"": ""2006-03-18"", ""count"": 7}, ""N.S.  (Dacey)"": {""start"": ""2009-03-07"", ""end"": ""2009-03-12"", ""count"": 6}}",Right,1958,"Sydney, NS","Vaughn, NS",Retired,CEC,MFRS,86.10%,72.20%,85.60%,93.80%,66.80%,75.30%,65.50%,66.90%,78.20%,84.00%,78.70%,80.50%,75.00%,92.60%,70.80%,79.10%,88.20%,76.70%,,,,,75.00%,75.00%,,,67.90%,75.00%,58.30%,75.00%,87.50%,92.20%,,90.00%,95.00%,96.40%,62.50%,,91.70%,85.00%,,,,,1.16,0.25,228,221,33.3,38.9,15.8,21.1,12.2,23,3,13,19,0,0,,,,,,,72.00%,80.40%,77.70%,85.60%,,,64.60%,86.00%,,,,,73.90%,70.70%,,,,,,,,,,,,,,,,,,,,,,,,,,,,,,,,,Freeze CW,65.5,Guard CCW,93.8
Bruce Mouat,84.50%,84.50%,84.50%,88.50%,4743,"{""Fourth"": {""start"": ""2015-03-01"", ""end"": ""2025-04-13"", ""count"": 221}}","{""SCO"": {""start"": ""2015-03-01"", ""end"": ""2015-03-08"", ""count"": 4}, ""SCO (Mouat)"": {""start"": ""2016-03-07"", ""end"": ""2025-04-06"", ""count"": 54}, ""GBR (Mouat)"": {""start"": ""2017-01-30"", ""end"": ""2022-02-19"", ""count"": 11}, ""Scotland"": {""start"": ""2018-09-13"", ""end"": ""2022-11-26"", ""count"": 45}, ""Mouat"": {""start"": ""2021-04-15"", ""end"": ""2025-04-13"", ""count"": 107}}",Right,1994,"Edinburgh, SCO",,,,,83.30%,,95.50%,94.80%,83.30%,84.10%,78.60%,80.40%,89.90%,89.20%,84.10%,82.50%,94.40%,95.70%,77.90%,76.30%,76.40%,80.30%,66.70%,75.00%,67.60%,68.90%,,,95.00%,96.20%,80.20%,88.50%,,84.40%,94.70%,90.80%,88.80%,86.00%,,,74.10%,65.30%,89.70%,87.50%,,,75.00%,73.30%,1.31,0.36,1135,1211,41.1,37.8,24.6,12.9,28.2,58,13,22.4,178,9,5.1,,,,,,,,,,,,,,,,,,,,,,,,,,,,,,,82.90%,74.50%,94.20%,76.90%,79.00%,69.10%,79.90%,78.80%,84.40%,83.20%,,,84.30%,86.20%,87.50%,85.40%,83.90%,82.20%,86.60%,87.30%,86.10%,87.20%,Wick CW,66.7,Guard CW,95.5
Bryan Burgess,78.30%,80.90%,79.70%,81.20%,197,"{""Third"": {""start"": ""2001-03-03"", ""end"": ""2001-03-08"", ""count"": 6}}","{""N.Ont (Hackner)"": {""start"": ""2001-03-03"", ""end"": ""2001-03-08"", ""count"": 6}}",Right,,,,,,,,50.00%,90.40%,75.00%,63.90%,66.70%,82.50%,82.70%,86.10%,87.90%,69.20%,80.40%,82.10%,87.50%,66.70%,61.10%,75.00%,85.00%,,,,,,,,,50.00%,75.00%,50.00%,75.00%,,62.50%,,,,,,,,,,,,,0.92,0.21,49,47,22.4,40.4,17,26.5,-4.1,5,0,0,5,1,20,,,76.80%,81.30%,,,,,,,,,,,,,,,,,,,,,,,,,,,,,,,,,,,,,,,,,,,,,,,,,Double CCW,61.1,Guard CW,90.4
Bryan Cochrane,77.60%,77.60%,77.60%,90.70%,328,"{""Fourth"": {""start"": ""2003-03-01"", ""end"": ""2020-03-04"", ""count"": 11}}","{""ONT (Cochrane)"": {""start"": ""2003-03-01"", ""end"": ""2003-03-06"", ""count"": 6}, ""PE (Cochrane)"": {""start"": ""2020-02-29"", ""end"": ""2020-03-04"", ""count"": 5}}",Right,1957,"Winchester, ON","Russell, ON",,,,,,79.20%,96.40%,75.00%,76.90%,75.00%,70.80%,83.30%,79.80%,71.70%,73.40%,,,75.00%,58.30%,66.70%,73.70%,,,,,,,50.00%,95.80%,91.70%,90.00%,,,75.00%,83.30%,,87.50%,,,,,,87.50%,,,,,1.19,0.23,75,88,30.7,30.7,17,20,10.7,10,4,40,6,0,0,,,,,,,79.20%,76.90%,,,,,,,,,,,,,,,,,,,,,,,,,,,,,,,,,75.80%,78.50%,,,,,,,,,,,Double CCW,58.3,Guard CCW,96.4
Caleb Boorse,84.20%,85.20%,84.70%,92.10%,528,"{""Lead"": {""start"": ""2016-01-23"", ""end"": ""2018-01-19"", ""count"": 19}}","{""AB"": {""start"": ""2016-01-23"", ""end"": ""2018-01-19"", ""count"": 14}, ""UofA (Scoffin)"": {""start"": ""2017-03-18"", ""end"": ""2017-03-22"", ""count"": 5}}",Right,,,,,,,94.40%,93.10%,75.00%,92.50%,80.00%,80.80%,84.40%,86.40%,84.60%,87.90%,80.40%,78.60%,,,,50.00%,75.00%,83.30%,,50.00%,,,85.00%,,,,72.90%,84.40%,87.50%,75.00%,,,,,,,,,,,,,,,1.16,0.5,125,137,32.8,34.3,27.7,19.2,13.6,9,1,11.1,14,0,0,,,,,,,,,,,,,,,,,,,,,,,,,,,,,,,,,82.70%,77.70%,79.30%,84.00%,90.50%,89.30%,,,,,,,,,,,,,,,Double CCW,50,Guard CCW,92.5
Caleb Flaxey,81.10%,87.90%,85.90%,77.80%,414,"{""Lead"": {""start"": ""2008-03-08"", ""end"": ""2010-03-13"", ""count"": 14}}","{""N.Ont (Harnden)"": {""start"": ""2008-03-08"", ""end"": ""2008-03-13"", ""count"": 6}, ""NO (Jacobs)"": {""start"": ""2010-03-06"", ""end"": ""2010-03-13"", ""count"": 8}}",Right,1983,"Scarborough, ON","Mississauga, ON","Project Manager, Essilor Canada Ltd.",Sir James Dunn,Missouri Valley College,90.40%,95.20%,,87.50%,81.00%,86.40%,63.20%,80.40%,78.60%,81.90%,75.00%,45.80%,,,,,,90.00%,,,,,,92.50%,,,90.00%,92.50%,50.00%,75.00%,,,,0.00%,,,,,,,,,,,1.08,0.31,107,100,33.6,37,24,23.4,10.2,8,1,12.5,12,1,8.3,,,,,,,,,,,,,,,,,87.20%,76.10%,,,86.80%,81.20%,,,,,,,,,,,,,,,,,,,,,,,,,,,,,,,Hit-roll CCW,45.8,Raise CCW,90
Calissa Daly,76.90%,78.70%,77.70%,76.20%,756,"{""Second"": {""start"": ""2019-01-19"", ""end"": ""2025-01-18"", ""count"": 33}, ""Lead"": {""start"": ""2022-09-21"", ""end"": ""2022-09-23"", ""count"": 2}}","{""ON"": {""start"": ""2019-01-19"", ""end"": ""2019-01-24"", ""count"": 6}, ""NO"": {""start"": ""2020-01-18"", ""end"": ""2020-01-23"", ""count"": 6}, ""Sturmay"": {""start"": ""2022-09-21"", ""end"": ""2022-09-23"", ""count"": 2}, ""Inglis"": {""start"": ""2023-09-27"", ""end"": ""2025-01-18"", ""count"": 15}, ""ON (Inglis)"": {""start"": ""2024-02-17"", ""end"": ""2024-02-22"", ""count"": 6}}",Right,1999,"Ottawa, ON",,,,Acadia University,91.70%,83.90%,84.80%,84.50%,74.30%,76.00%,66.70%,55.60%,75.50%,81.00%,70.60%,76.60%,85.60%,86.40%,87.50%,62.50%,66.10%,82.50%,,37.50%,71.90%,75.00%,,83.30%,91.70%,82.10%,75.00%,82.10%,50.00%,50.00%,83.30%,78.60%,50.00%,75.00%,79.20%,83.30%,,,56.20%,,,,,,1.04,0.45,196,156,30.6,30.8,28.2,27.6,3,21,4,19,19,3,15.8,,,,,,,,,,,,,,,,,,,,,,,,,,,,,,,,,,,,,,,73.40%,81.60%,80.40%,82.70%,,,78.70%,75.00%,81.20%,72.70%,75.00%,77.50%,81.50%,73.50%,Wick CCW,37.5,Double CW,87.5
Callan Hamon,80.70%,80.10%,80.40%,91.30%,204,"{""Second"": {""start"": ""2016-02-20"", ""end"": ""2016-02-25"", ""count"": 6}}","{""SK (Campbell)"": {""start"": ""2016-02-20"", ""end"": ""2016-02-25"", ""count"": 6}}",Right,,,,,,,95.00%,91.70%,75.00%,85.70%,80.30%,73.20%,53.60%,66.70%,89.40%,84.60%,90.60%,75.00%,79.50%,80.20%,62.50%,,50.00%,12.50%,,,,,,,50.00%,,,,,,,,,,87.50%,84.40%,,,,,,,,,1.29,0.21,48,52,33.3,40.4,19.2,20.8,12.5,2,0,0,5,0,0,,,,,,,,,,,,,,,,,,,,,,,,,,,,,,,,,77.50%,81.90%,,,,,,,,,,,,,,,,,,,Raise CCW,12.5,Hit-roll CW,90.6
Cameron Bryce,78.30%,76.60%,77.50%,74.20%,408,"{""Fourth"": {""start"": ""2017-02-16"", ""end"": ""2024-10-04"", ""count"": 22}}","{""Scotland"": {""start"": ""2017-02-16"", ""end"": ""2017-02-26"", ""count"": 10}, ""Bryce"": {""start"": ""2023-10-17"", ""end"": ""2024-10-04"", ""count"": 12}}",Right,,,,,,,,,72.20%,88.60%,76.00%,79.20%,90.60%,67.90%,81.60%,76.90%,79.40%,90.50%,95.00%,70.50%,79.70%,68.00%,60.00%,57.10%,0.00%,,50.00%,33.30%,,,50.00%,,75.00%,75.00%,,37.50%,83.30%,58.30%,,,,,,25.00%,58.30%,50.00%,,,,,1.07,0.36,98,101,33.7,30.7,26.7,24.5,9.2,10,2,20,9,0,0,,,,,,,,,,,,,,,,,,,,,,,,,,,,,,,,,,,78.10%,75.30%,,,,,,,,,,,81.20%,79.50%,75.00%,76.60%,,,Wick CW,0,Freeze CW,90.6
Cameron Smith,82.50%,89.30%,88.20%,83.10%,579,"{""Lead"": {""start"": ""2013-02-28"", ""end"": ""2018-02-22"", ""count"": 25}}","{""SCO"": {""start"": ""2013-02-28"", ""end"": ""2013-03-10"", ""count"": 9}, ""Scotland"": {""start"": ""2017-11-18"", ""end"": ""2017-11-25"", ""count"": 7}, ""GBR (Smith)"": {""start"": ""2018-02-14"", ""end"": ""2018-02-22"", ""count"": 9}}",Right,,,,,,,,95.90%,,64.00%,82.40%,90.10%,,,75.00%,87.90%,50.00%,75.00%,,,,75.00%,41.70%,85.70%,68.80%,68.20%,,,,93.50%,,,,86.50%,,,,,,62.50%,,,,,,,50.00%,72.20%,,,1.11,0.3,140,149,35,30.2,20.1,13.6,21.4,10,4,40,14,1,7.1,,,,,,,,,,,,,,,,,,,,,,,,,,,88.50%,78.30%,,,,,,,92.20%,82.30%,89.00%,70.00%,,,,,,,,,,,,,,,Raise CW,41.7,Draw CCW,90.1
Camilla Jensen,76.50%,78.60%,77.70%,62.90%,393,"{""Lead"": {""start"": ""2010-02-16"", ""end"": ""2010-02-23"", ""count"": 8}, ""Second"": {""start"": ""2018-03-17"", ""end"": ""2018-03-21"", ""count"": 5}, ""Third"": {""start"": ""2018-03-21"", ""end"": ""2018-03-23"", ""count"": 3}}","{""DEN (Dupont)"": {""start"": ""2010-02-16"", ""end"": ""2010-02-23"", ""count"": 8}, ""Denmark"": {""start"": ""2018-03-17"", ""end"": ""2018-03-23"", ""count"": 7}}",Right,,,,,,,95.50%,89.30%,50.00%,73.40%,71.40%,76.90%,25.00%,87.50%,80.20%,91.40%,80.00%,86.10%,87.50%,77.80%,72.40%,55.60%,75.00%,50.00%,62.50%,25.00%,70.00%,62.50%,83.30%,93.80%,,,77.80%,70.80%,,,50.00%,,,,50.00%,66.70%,,50.00%,,,25.00%,0.00%,,50.00%,0.86,0.23,107,87,22.4,33.3,17.2,30.8,-8.4,10,1,10,6,4,66.7,,,,,,,,,,,,,,,,,,,,,79.10%,79.40%,,,,,,,,,,,,,,,75.30%,77.60%,,,,,,,,,,,,,,,Freeze CW,25,Take-out CCW,91.4
Carlo Glasbergen,88.30%,84.20%,86.60%,77.00%,2012,"{""Lead"": {""start"": ""2017-04-01"", ""end"": ""2022-04-08"", ""count"": 68}}","{""Netherlands"": {""start"": ""2017-04-01"", ""end"": ""2022-04-08"", ""count"": 61}, ""NED (Van Dorp)"": {""start"": ""2018-03-31"", ""end"": ""2018-04-06"", ""count"": 7}}",Right,,,,,,,93.30%,91.40%,78.20%,76.70%,85.90%,82.30%,,,84.80%,81.20%,73.00%,76.90%,,,75.00%,57.50%,71.20%,68.80%,69.50%,46.90%,,,92.20%,88.00%,68.80%,93.80%,92.90%,91.20%,,,,91.70%,,,,,50.00%,,,,53.80%,25.00%,,,0.95,0.23,479,516,23.8,31,17.2,23.2,0.6,64,6,9.4,15,2,13.3,,,,,,,,,,,,,,,,,,,,,,,,,,,,,,,,,,,84.70%,78.30%,88.50%,75.40%,91.00%,75.00%,,,90.30%,72.10%,87.40%,66.20%,,,,,,,Wick CCW,46.9,Draw CW,85.9
Carmen Kueng,75.20%,76.70%,75.90%,80.60%,409,"{""Third"": {""start"": ""2004-04-23"", ""end"": ""2004-04-24"", ""count"": 2}, ""Second"": {""start"": ""2010-02-16"", ""end"": ""2014-02-20"", ""count"": 14}, ""Lead"": {""start"": ""2014-02-13"", ""end"": ""2014-02-14"", ""count"": 2}}","{""SUI"": {""start"": ""2004-04-23"", ""end"": ""2014-02-20"", ""count"": 18}}",Right,1978,,"Solothurn, SUI",,,,88.40%,90.00%,86.80%,91.70%,69.60%,63.20%,,,77.50%,87.50%,74.00%,72.50%,76.00%,78.90%,62.50%,73.60%,68.20%,79.20%,56.20%,,58.30%,42.90%,96.40%,50.00%,,,93.80%,87.50%,,,,,75.00%,37.50%,80.00%,89.30%,50.00%,,,,50.00%,,,,1.16,0.27,98,102,35.7,41.2,15.7,15.3,20.4,6,4,66.7,7,0,0,,,,,,,,,80.80%,63.00%,,,,,,,,,,,73.00%,75.60%,,,,,,,80.10%,77.70%,,,,,,,,,,,,,,,,,,,,,,,Promotion CCW,42.9,Guard CCW,91.7
Carole Howald,84.40%,86.70%,85.80%,82.90%,3106,"{""Lead"": {""start"": ""2016-11-24"", ""end"": ""2024-11-29"", ""count"": 63}, ""Third"": {""start"": ""2021-04-29"", ""end"": ""2021-11-04"", ""count"": 5}, ""Second"": {""start"": ""2021-04-29"", ""end"": ""2025-04-13"", ""count"": 90}}","{""Switzerland"": {""start"": ""2016-11-24"", ""end"": ""2022-03-25"", ""count"": 15}, ""Schori"": {""start"": ""2021-11-02"", ""end"": ""2021-11-04"", ""count"": 3}, ""SUI (Tirinzoni)"": {""start"": ""2022-02-17"", ""end"": ""2025-03-23"", ""count"": 50}, ""Tirinzoni"": {""start"": ""2022-10-04"", ""end"": ""2025-04-13"", ""count"": 81}}",Right,1993,"Langenthal, SUI","Langenthal, SUI",,,,94.00%,91.80%,90.60%,88.60%,83.70%,86.60%,75.00%,80.50%,85.90%,90.10%,77.20%,80.40%,93.00%,94.40%,76.30%,73.90%,73.90%,73.40%,78.90%,77.00%,70.30%,80.10%,89.60%,93.60%,,,91.50%,88.50%,81.20%,58.30%,85.90%,79.70%,,70.80%,98.10%,97.80%,88.60%,75.00%,83.30%,71.90%,81.20%,57.50%,37.50%,93.80%,1.23,0.4,745,777,36.6,39.1,25,15.2,21.4,38,8,21.1,117,3,2.6,,,,,,,,,,,,,,,,,,,,,,,,,,,,,,,,,96.20%,92.90%,,,83.20%,87.80%,,,,,87.50%,73.50%,79.30%,82.30%,88.50%,84.90%,89.60%,83.90%,81.80%,87.30%,Promotion CW,70.3,Guard CW,90.6
Carolyn Marsh,86.40%,74.50%,83.20%,71.50%,189,"{""Lead"": {""start"": ""2015-11-08"", ""end"": ""2015-11-14"", ""count"": 7}}","{""SK (Korte)"": {""start"": ""2015-11-08"", ""end"": ""2015-11-14"", ""count"": 7}}",Right,,,,,,,91.70%,88.20%,95.80%,62.50%,83.70%,67.00%,75.00%,,95.00%,83.30%,,,,,,,8.30%,,,0.00%,,,87.50%,,,,84.40%,,,,,,,,,,,,0.00%,,,0.00%,,,1.09,0.2,46,45,26.1,46.7,15.6,15.2,10.9,4,1,25,4,0,0,,,,,,,,,,,,,,,,,,,,,,,,,,,,,,,83.40%,82.30%,,,,,,,,,,,,,,,,,,,,,Wick CCW,0,Guard CW,95.8
Carter Rycroft,86.30%,84.40%,85.50%,86.20%,1330,"{""Second"": {""start"": ""2002-02-20"", ""end"": ""2022-03-05"", ""count"": 43}, ""Lead"": {""start"": ""2022-03-07"", ""end"": ""2022-03-07"", ""count"": 1}}","{""CAN"": {""start"": ""2002-02-20"", ""end"": ""2014-04-06"", ""count"": 10}, ""ALTA (Martin)"": {""start"": ""2006-03-11"", ""end"": ""2006-03-16"", ""count"": 6}, ""AB (Koe)"": {""start"": ""2010-03-06"", ""end"": ""2022-03-07"", ""count"": 10}, ""Alberta (Koe)"": {""start"": ""2012-03-03"", ""end"": ""2012-03-11"", ""count"": 8}, ""Simmons"": {""start"": ""2015-12-02"", ""end"": ""2015-12-05"", ""count"": 4}, ""CAN (Simmons)"": {""start"": ""2016-03-05"", ""end"": ""2016-03-10"", ""count"": 6}}",Right,1977,"Grande Prairie, AB","Sherwood Park, AB","Owner , Prairie West Trucking / Majestic Rentals",Grande Prairie Composite High,,91.50%,,94.10%,93.80%,80.60%,77.30%,82.30%,81.00%,86.50%,82.70%,81.20%,85.80%,95.80%,93.90%,76.10%,77.30%,77.80%,79.20%,,50.00%,67.50%,25.00%,79.20%,,87.50%,83.30%,83.30%,73.10%,58.30%,,97.70%,95.50%,,,95.50%,99.00%,,,50.00%,,,50.00%,,,1.15,0.35,310,334,36.1,38.3,24,16.8,19.3,21,5,23.8,42,3,7.1,,,,,75.00%,78.60%,,,,,,,82.90%,87.50%,,,,,,,84.40%,86.30%,,,84.30%,89.70%,,,85.60%,82.80%,81.90%,89.00%,85.30%,86.30%,,,,,,,,,,,70.80%,75.00%,,,,,,,Promotion CCW,25,Guard CW,94.1
Cary-anne Mctaggart,79.90%,79.90%,79.90%,85.60%,1005,"{""Third"": {""start"": ""2017-12-02"", ""end"": ""2021-11-27"", ""count"": 36}}","{""Scheidegger"": {""start"": ""2017-12-02"", ""end"": ""2021-11-27"", ""count"": 22}, ""AB"": {""start"": ""2018-01-27"", ""end"": ""2018-02-02"", ""count"": 7}, ""WC (Scheidegger)"": {""start"": ""2019-02-16"", ""end"": ""2019-02-22"", ""count"": 7}}",Right,1986,"Grande Prairie, AB","Milk River, AB","Registered Nurse, Alberta Health Services",,,92.50%,85.00%,89.20%,83.70%,75.90%,78.00%,80.20%,87.50%,80.80%,77.60%,77.60%,74.60%,85.10%,93.20%,70.70%,74.10%,79.30%,76.80%,,,,,,,82.10%,84.40%,69.20%,85.70%,,,88.60%,81.20%,71.40%,,77.80%,86.70%,75.00%,81.20%,,,,,,,1.08,0.32,248,241,30.6,36.1,22.4,21.4,9.2,21,3,14.3,23,3,13,,,,,,,,,,,,,,,,,,,,,,,,,,,,,,,,,,,76.40%,80.70%,84.80%,81.30%,78.40%,78.70%,,,79.90%,76.90%,,,,,,,,,Double CW,70.7,Guard CW,89.2
Casey Scheidegger,78.00%,76.60%,77.30%,73.40%,1135,"{""Fourth"": {""start"": ""2017-12-02"", ""end"": ""2023-02-23"", ""count"": 46}}","{""Scheidegger"": {""start"": ""2017-12-02"", ""end"": ""2021-11-27"", ""count"": 19}, ""AB"": {""start"": ""2018-01-27"", ""end"": ""2018-02-02"", ""count"": 7}, ""WC (Scheidegger)"": {""start"": ""2019-02-16"", ""end"": ""2019-02-22"", ""count"": 7}, ""Scheidegge"": {""start"": ""2022-10-18"", ""end"": ""2023-01-12"", ""count"": 7}, ""WC2 (Scheidegger)"": {""start"": ""2023-02-18"", ""end"": ""2023-02-23"", ""count"": 6}}",Right,1988,"Red Deer, AB","Lethbridge, AB",Education,,University of Lethbridge,,,88.10%,87.10%,78.10%,76.90%,84.50%,59.80%,79.90%,79.40%,64.30%,69.10%,87.50%,,65.50%,63.70%,73.00%,63.20%,,,,,,,70.80%,,75.00%,75.00%,87.50%,50.00%,87.50%,87.50%,50.00%,75.00%,,,91.70%,37.50%,50.00%,37.50%,,,,,1.07,0.31,285,277,29.5,37.5,22.4,21.4,8.1,25,3,12,23,2,8.7,,,,,,,,,,,,,,,,,,,,,,,,,,,,,,,,,,,82.60%,75.70%,83.40%,76.50%,72.50%,76.00%,,,74.30%,77.80%,85.90%,86.80%,76.00%,72.10%,,,,,Freeze CCW,59.8,Guard CW,88.1
Cassandra De Groot,80.40%,76.80%,79.10%,60.00%,498,"{""Lead"": {""start"": ""2021-10-26"", ""end"": ""2025-01-18"", ""count"": 24}}","{""Inglis"": {""start"": ""2021-10-26"", ""end"": ""2025-01-18"", ""count"": 18}, ""ON (Inglis)"": {""start"": ""2024-02-17"", ""end"": ""2024-02-22"", ""count"": 6}}",Right,1988,"Sudbury, ON","Ottawa, ON",,,,90.60%,83.60%,83.00%,91.70%,79.30%,75.00%,67.50%,52.80%,64.70%,74.00%,80.60%,70.00%,,,,,43.80%,,,50.00%,,,95.60%,81.80%,80.00%,,87.50%,70.00%,,0.00%,25.00%,,,,,,,,,,,0.00%,,,1.06,0.35,124,106,32.3,26.4,25.5,25.8,6.5,15,3,20,12,3,25,,,,,,,,,,,,,,,,,,,,,,,,,,,,,,,,,,,,,,,,,,,79.80%,62.50%,,,78.20%,57.00%,81.30%,77.90%,85.90%,73.20%,Raise CW,43.8,Guard CCW,91.7
Cate Fitzgerald,77.00%,76.90%,76.90%,70.70%,581,"{""Lead"": {""start"": ""2017-04-18"", ""end"": ""2024-03-16"", ""count"": 21}}","{""NS (Moore)"": {""start"": ""2017-04-18"", ""end"": ""2017-04-22"", ""count"": 5}, ""NS"": {""start"": ""2020-01-18"", ""end"": ""2020-01-25"", ""count"": 8}, ""NS1 (Stevens)"": {""start"": ""2022-03-31"", ""end"": ""2022-04-01"", ""count"": 2}, ""Deschenes"": {""start"": ""2022-09-22"", ""end"": ""2022-09-22"", ""count"": 1}, ""DAL (MacNutt)"": {""start"": ""2024-03-12"", ""end"": ""2024-03-16"", ""count"": 5}}",Right,,,,,,,79.10%,85.00%,72.50%,88.10%,78.30%,75.80%,63.90%,71.90%,75.00%,64.80%,86.40%,61.10%,50.00%,,50.00%,,56.20%,,,33.30%,,,86.10%,77.10%,,,76.50%,75.00%,75.00%,87.50%,,50.00%,,,50.00%,,,,,,,0.00%,,,1.16,0.47,141,139,36.9,36,32.4,26.2,10.7,10,1,10,20,2,10,,,,,,,,,,,,,,,,,,,,,,,,,,,,,,,,,,,68.40%,62.10%,,,,,78.70%,61.00%,,,73.50%,100.00%,,,89.40%,80.50%,,,Wick CCW,33.3,Guard CCW,88.1
Catherine Clifford,79.00%,81.60%,80.30%,74.30%,792,"{""Third"": {""start"": ""2020-01-18"", ""end"": ""2024-10-04"", ""count"": 29}, ""Lead"": {""start"": ""2020-03-12"", ""end"": ""2020-03-12"", ""count"": 1}, ""Second"": {""start"": ""2020-03-12"", ""end"": ""2020-03-12"", ""count"": 1}}","{""AB"": {""start"": ""2020-01-18"", ""end"": ""2020-01-26"", ""count"": 9}, ""Alberta (w)"": {""start"": ""2020-03-12"", ""end"": ""2020-03-12"", ""count"": 1}, ""Gray-Withe"": {""start"": ""2022-10-18"", ""end"": ""2022-10-18"", ""count"": 1}, ""Gray-Withers"": {""start"": ""2023-09-28"", ""end"": ""2024-10-04"", ""count"": 9}, ""ALB - W"": {""start"": ""2023-03-15"", ""end"": ""2023-03-19"", ""count"": 5}, ""ALB (Gray-Withers)"": {""start"": ""2024-03-12"", ""end"": ""2024-03-16"", ""count"": 5}}",Right,2000,,,,,,86.50%,89.60%,90.70%,89.10%,76.70%,73.20%,75.00%,65.60%,83.20%,85.20%,76.70%,75.90%,85.70%,96.20%,59.80%,70.20%,53.10%,79.20%,,,,,50.00%,75.00%,90.00%,96.40%,82.10%,37.50%,,25.00%,96.70%,87.50%,,81.20%,92.30%,,50.00%,50.00%,50.00%,,,,,,1.05,0.49,190,193,32.6,33.2,32.6,27.4,5.2,14,2,14.3,24,3,12.5,,,,,,,,,,,,,,,,,,,,,,,,,,,,,,,,,,,,,,,,,80.20%,80.50%,,,75.00%,80.00%,78.60%,75.90%,79.50%,85.30%,,,Raise CW,53.1,Guard CW,90.7
Cathlia Ward,73.00%,74.40%,73.70%,74.80%,334,"{""Third"": {""start"": ""2014-11-10"", ""end"": ""2017-03-21"", ""count"": 9}, ""Second"": {""start"": ""2017-02-16"", ""end"": ""2017-02-18"", ""count"": 3}}","{""NB (Jones)"": {""start"": ""2014-11-10"", ""end"": ""2014-11-14"", ""count"": 5}, ""UNB (Comeau)"": {""start"": ""2017-03-18"", ""end"": ""2017-03-21"", ""count"": 4}, ""NB (Adams)"": {""start"": ""2017-02-16"", ""end"": ""2017-02-18"", ""count"": 3}}",Right,1994,,"Fredericton, NB",Marketing Manager,,,94.20%,95.80%,86.40%,79.20%,72.70%,68.80%,54.50%,92.50%,75.60%,70.10%,56.50%,78.80%,81.80%,91.70%,81.20%,75.00%,50.00%,56.20%,,,,,81.20%,,62.50%,,66.70%,67.90%,75.00%,,37.50%,90.00%,58.30%,87.50%,83.30%,,,,,62.50%,,,,,1.08,0.4,83,81,27.7,38.3,25.9,27.7,0,8,2,25,10,1,10,,,,,,,,,,,,,,,,,,,,,,,,,,,,,75.00%,75.80%,,,,,75.30%,70.00%,,,,,,,,,,,,,,,,,Raise CW,50,Freeze CCW,92.5
Cathy Overton-clapham,76.60%,74.70%,75.70%,60.10%,586,"{""Fourth"": {""start"": ""2011-02-19"", ""end"": ""2011-02-24"", ""count"": 6}, ""Third"": {""start"": ""2017-08-26"", ""end"": ""2018-12-08"", ""count"": 15}}","{""MB (Overton...)"": {""start"": ""2011-02-19"", ""end"": ""2011-02-24"", ""count"": 6}, ""Gushue"": {""start"": ""2017-08-26"", ""end"": ""2017-08-27"", ""count"": 2}, ""Carey"": {""start"": ""2017-12-02"", ""end"": ""2018-01-26"", ""count"": 9}, ""Walker"": {""start"": ""2018-12-05"", ""end"": ""2018-12-08"", ""count"": 4}}",Right,1969,"Winnipeg, MB","Calgary, AB",Mother,,,90.00%,,85.70%,86.40%,74.20%,72.30%,60.20%,57.60%,82.00%,81.00%,78.10%,66.00%,90.40%,85.50%,59.20%,64.30%,63.30%,68.20%,,,,,,,,75.00%,80.60%,90.60%,25.00%,50.00%,85.70%,84.40%,62.50%,37.50%,90.00%,80.00%,0.00%,25.00%,0.00%,75.00%,,,,,1.04,0.41,138,145,29.7,39.3,29,23.9,5.8,12,1,8.3,16,1,6.2,,,,,,,,,,,,,,,,,,,,,,,73.20%,74.30%,,,,,,,,,,,72.30%,80.00%,76.70%,76.80%,,,,,,,,,,,,,,,Freeze CCW,57.6,Guard CCW,86.4
Catlin Schneider,83.90%,82.80%,83.30%,80.60%,2378,"{""Third"": {""start"": ""2017-03-04"", ""end"": ""2024-11-29"", ""count"": 51}, ""Second"": {""start"": ""2017-11-06"", ""end"": ""2025-03-08"", ""count"": 45}, ""Fourth"": {""start"": ""2023-10-17"", ""end"": ""2024-03-07"", ""count"": 10}}","{""SK (Casey)"": {""start"": ""2017-03-04"", ""end"": ""2017-03-09"", ""count"": 6}, ""Morris"": {""start"": ""2017-11-06"", ""end"": ""2017-12-08"", ""count"": 14}, ""Dunstone"": {""start"": ""2018-12-05"", ""end"": ""2019-11-29"", ""count"": 6}, ""Canada 1"": {""start"": ""2019-05-08"", ""end"": ""2019-05-11"", ""count"": 4}, ""Canada"": {""start"": ""2019-01-30"", ""end"": ""2019-02-03"", ""count"": 5}, ""SK (Dunstone)"": {""start"": ""2020-02-29"", ""end"": ""2020-03-07"", ""count"": 8}, ""Flasch"": {""start"": ""2021-10-26"", ""end"": ""2023-01-12"", ""count"": 25}, ""SK (Flasch)"": {""start"": ""2022-03-04"", ""end"": ""2022-03-12"", ""count"": 8}, ""Schneider"": {""start"": ""2023-10-17"", ""end"": ""2023-10-20"", ""count"": 4}, ""BC (Schneider)"": {""start"": ""2024-03-02"", ""end"": ""2024-03-07"", ""count"": 6}, ""Carruthers"": {""start"": ""2024-09-26"", ""end"": ""2024-11-29"", ""count"": 12}, ""MB (Carruthers)"": {""start"": ""2025-02-28"", ""end"": ""2025-03-08"", ""count"": 8}}",Right,1991,,,,,,96.90%,86.60%,89.70%,92.70%,82.30%,81.70%,83.80%,78.30%,85.60%,81.80%,81.40%,77.50%,95.30%,95.20%,71.60%,79.00%,83.80%,71.90%,68.80%,75.00%,78.60%,58.30%,,83.30%,89.70%,95.00%,83.30%,84.10%,93.80%,71.20%,77.80%,86.20%,88.90%,95.00%,91.20%,98.30%,73.10%,92.90%,68.80%,75.00%,,,50.00%,33.30%,1.03,0.27,579,571,30.7,33.3,17.9,17.3,13.4,55,9,16.4,49,5,10.2,,,,,,,,,,,,,,,,,,,,,,,,,,,,,,,,,,,87.10%,87.20%,77.50%,82.60%,84.50%,84.30%,85.50%,83.90%,81.10%,82.00%,81.30%,80.60%,85.00%,72.10%,85.50%,81.50%,88.00%,78.20%,Promotion CCW,58.3,Guard CCW,92.7
Chantal Duhaime,78.00%,81.80%,79.90%,73.10%,345,"{""Third"": {""start"": ""2017-11-06"", ""end"": ""2017-12-08"", ""count"": 13}}","{""Tippin"": {""start"": ""2017-11-06"", ""end"": ""2017-12-08"", ""count"": 13}}",Right,,,,,,,80.60%,83.30%,87.00%,80.40%,72.90%,72.90%,64.10%,71.40%,81.60%,83.20%,80.80%,77.30%,76.50%,94.30%,62.50%,83.30%,91.70%,66.70%,,,,,68.80%,83.30%,,75.00%,75.00%,50.00%,0.00%,58.30%,75.00%,62.50%,,,87.50%,87.50%,,,,,,,,,1,0.34,76,89,26.3,34.8,24.7,14.5,11.8,8,2,25,8,2,25,,,,,,,,,,,,,,,,,,,,,,,,,,,,,,,,,,,75.50%,82.90%,,,,,,,,,,,,,,,,,Double CW,62.5,Raise CW,91.7
Chantele Broderson,77.90%,75.00%,76.60%,79.00%,462,"{""Third"": {""start"": ""2017-01-22"", ""end"": ""2017-02-25"", ""count"": 18}, ""Second"": {""start"": ""2017-03-20"", ""end"": ""2017-03-20"", ""count"": 1}}","{""AB (Streifel)"": {""start"": ""2017-01-22"", ""end"": ""2017-01-29"", ""count"": 8}, ""UofA (Streifel)"": {""start"": ""2017-03-20"", ""end"": ""2017-03-20"", ""count"": 1}, ""Canada"": {""start"": ""2017-02-16"", ""end"": ""2017-02-25"", ""count"": 10}}",Right,1997,"Lethbridge , AB","Lacombe , AB",,Lacombe Composite High School,University of Alberta,,91.70%,83.00%,88.90%,73.90%,75.00%,91.70%,75.00%,80.30%,73.70%,75.00%,77.00%,81.90%,77.60%,66.20%,64.60%,75.00%,65.60%,,,60.00%,,,,75.00%,,58.30%,90.00%,,50.00%,91.70%,62.50%,50.00%,75.00%,83.30%,78.60%,75.00%,,75.00%,,,,,,1.01,0.47,99,125,29.3,29.6,29.6,18.2,11.1,7,0,0,17,1,5.9,,,,,,,,,,,,,,,,,,,,,,,,,,,,,,,,,,,78.10%,75.60%,,,,,,,,,,,,,,,,,Promotion CW,60,Freeze CW,91.7
Charley Thomas,80.20%,83.70%,82.20%,95.20%,286,"{""Third"": {""start"": ""2016-11-30"", ""end"": ""2016-12-04"", ""count"": 4}, ""Fourth"": {""start"": ""2017-11-07"", ""end"": ""2017-11-11"", ""count"": 5}}","{""Gushue"": {""start"": ""2016-11-30"", ""end"": ""2016-12-04"", ""count"": 4}, ""Thomas"": {""start"": ""2017-11-07"", ""end"": ""2017-11-11"", ""count"": 5}}",Right,1986,"Victoria, BC","Didsbury, AB",Business Owner,Didsbury High,,,,95.00%,,87.00%,83.10%,79.20%,75.00%,77.90%,82.60%,76.50%,79.40%,83.30%,98.70%,71.70%,70.50%,77.80%,81.20%,,,,,,,,,37.50%,,,,,,,,,,,,,,,,,,1.05,0.18,74,67,33.8,28.4,16.4,12.2,21.6,7,2,28.6,3,0,0,,,,,,,,,,,,,,,,,,,,,,,,,,,,,,,,,92.00%,83.30%,80.10%,77.80%,,,,,,,,,,,,,,,,,Double CCW,70.5,Guard CW,95
Chelsea Carey,76.30%,76.40%,76.30%,73.50%,3101,"{""Fourth"": {""start"": ""2016-02-20"", ""end"": ""2024-11-29"", ""count"": 128}, ""Third"": {""start"": ""2023-10-17"", ""end"": ""2023-10-19"", ""count"": 3}}","{""Carey"": {""start"": ""2016-11-30"", ""end"": ""2024-11-29"", ""count"": 54}, ""AB (Carey)"": {""start"": ""2016-02-20"", ""end"": ""2019-02-24"", ""count"": 17}, ""CAN (Carey)"": {""start"": ""2016-03-19"", ""end"": ""2016-03-27"", ""count"": 8}, ""CA (Carey)"": {""start"": ""2017-02-18"", ""end"": ""2020-02-21"", ""count"": 16}, ""Canada"": {""start"": ""2019-03-16"", ""end"": ""2019-03-22"", ""count"": 7}, ""Fleury"": {""start"": ""2021-04-20"", ""end"": ""2021-04-23"", ""count"": 4}, ""WC1 (Fleury)"": {""start"": ""2021-02-20"", ""end"": ""2021-02-27"", ""count"": 8}, ""WC2 (Carey)"": {""start"": ""2022-01-28"", ""end"": ""2022-02-03"", ""count"": 6}, ""Scheidegger"": {""start"": ""2023-04-11"", ""end"": ""2023-04-14"", ""count"": 4}, ""Jaeggi"": {""start"": ""2023-10-17"", ""end"": ""2023-10-19"", ""count"": 3}, ""Cameron"": {""start"": ""2024-01-16"", ""end"": ""2024-01-19"", ""count"": 4}}",Right,1984,"Winnipeg, MB","Calgary, AB",,River East Collegiate,University of Manitoba,91.70%,60.00%,80.80%,87.50%,73.60%,73.60%,73.20%,76.90%,81.80%,79.70%,75.30%,76.20%,92.30%,88.40%,62.10%,63.20%,61.40%,64.30%,,,53.10%,80.00%,,,85.70%,88.10%,70.10%,70.00%,65.00%,71.40%,72.70%,76.60%,90.90%,72.50%,81.20%,84.40%,55.80%,57.10%,42.50%,52.10%,,,87.50%,,1.04,0.34,767,768,29.6,36.5,22.8,22.8,6.8,76,15,19.7,66,6,9.1,,,,,,,,,,,,,,,,,,,,,,,,,,,,,,,,,77.60%,84.60%,78.80%,80.50%,69.80%,76.80%,74.60%,77.10%,76.00%,72.10%,78.90%,74.50%,75.00%,69.60%,72.10%,71.20%,69.90%,71.90%,,,Promotion CW,53.1,Guard CCW,87.5
Chelsea Ferrier,67.40%,71.60%,69.50%,80.10%,235,"{""Second"": {""start"": ""2017-04-18"", ""end"": ""2020-01-24"", ""count"": 10}}","{""ON (Gray)"": {""start"": ""2017-04-18"", ""end"": ""2017-04-21"", ""count"": 4}, ""ON"": {""start"": ""2020-01-18"", ""end"": ""2020-01-24"", ""count"": 6}}",Right,2001,,,,,,80.00%,62.50%,82.10%,89.30%,57.70%,62.50%,70.00%,50.00%,67.10%,71.70%,81.20%,72.10%,71.90%,88.30%,,,58.30%,68.80%,,,,,66.70%,,75.00%,,62.50%,75.00%,,,50.00%,85.00%,87.50%,,,79.20%,,,,,,,,,1.11,0.56,55,61,27.3,34.4,29.5,27.3,0,7,1,14.3,7,1,14.3,,,,,,,,,,,,,,,,,,,,,,,,,,,,,,,,,,,63.90%,67.00%,,,,,65.20%,80.70%,,,,,,,,,,,Freeze CCW,50,Guard CCW,89.3
Cheryl Bernard,79.70%,77.50%,78.50%,69.80%,324,"{""Fourth"": {""start"": ""2010-02-16"", ""end"": ""2019-11-29"", ""count"": 12}}","{""CAN"": {""start"": ""2010-02-16"", ""end"": ""2010-02-26"", ""count"": 9}, ""Scheidegger"": {""start"": ""2019-11-27"", ""end"": ""2019-11-29"", ""count"": 3}}",Right,1966,"Grande Prairie, AB","Calgary, AB",,,,,,83.30%,81.20%,71.40%,76.00%,,,88.80%,76.40%,87.50%,80.40%,,81.80%,62.50%,80.60%,62.50%,78.10%,,,37.50%,64.30%,,,,50.00%,75.00%,62.50%,,,,68.80%,75.00%,66.70%,,,25.00%,75.00%,,,,,,,0.96,0.3,78,83,24.4,33.7,25.3,19.2,5.2,6,2,33.3,7,1,14.3,,,,,,,,,,,,,,,,,,,,,76.30%,83.40%,,,,,,,,,,,,,,,,,74.50%,72.80%,,,,,,,,,,,,,Promotion CW,37.5,Take-out CW,88.8
Cheryl Kreviazuk,82.30%,85.80%,83.80%,85.30%,264,"{""Lead"": {""start"": ""2017-02-19"", ""end"": ""2020-02-18"", ""count"": 2}, ""Second"": {""start"": ""2018-01-27"", ""end"": ""2020-02-19"", ""count"": 10}}","{""ON (Homan)"": {""start"": ""2017-02-19"", ""end"": ""2020-02-19"", ""count"": 5}, ""ON"": {""start"": ""2018-01-27"", ""end"": ""2018-02-02"", ""count"": 7}}",Right,1992,,,,,,94.40%,83.30%,82.90%,,77.90%,77.50%,87.50%,,82.70%,91.90%,67.30%,70.80%,95.00%,95.20%,25.00%,,70.00%,62.50%,,,,,87.50%,,50.00%,,60.00%,63.90%,,,,91.70%,,,,,,,,,,,,,1.12,0.34,57,71,28.1,32.4,22.5,15.8,12.3,3,0,0,12,2,16.7,,,,,,,,,,,,,,,,,,,,,,,,,,,,,,,,,,,100.00%,,82.30%,85.20%,50.00%,85.50%,,81.20%,,,,,,,,,,,Double CW,25,Take-out CCW,91.9
Chiaki Matsumura,77.70%,81.60%,79.60%,86.40%,466,"{""Third"": {""start"": ""2019-03-16"", ""end"": ""2022-03-24"", ""count"": 17}, ""Second"": {""start"": ""2022-03-20"", ""end"": ""2022-03-23"", ""count"": 3}}","{""Japan"": {""start"": ""2019-03-16"", ""end"": ""2022-03-24"", ""count"": 19}}",Right,,,,,,,,,89.00%,88.20%,73.70%,69.60%,75.00%,,85.90%,91.10%,72.10%,74.00%,86.10%,91.00%,66.70%,75.00%,55.00%,78.10%,0.00%,,59.40%,83.30%,,,93.80%,,85.70%,58.30%,,,83.30%,85.70%,,,,,75.00%,,0.00%,,,,,,1.17,0.43,108,122,35.2,35.2,27.9,26.9,8.3,10,2,20,12,1,8.3,,,,,,,,,,,,,,,,,,,,,,,,,,,,,,,,,,,,,,,76.70%,79.20%,,,,,80.90%,86.50%,,,,,,,Wick CW,0,Take-out CCW,91.1
Chinami Yoshida,79.10%,80.00%,79.60%,73.90%,3006,"{""Second"": {""start"": ""2014-02-11"", ""end"": ""2023-10-20"", ""count"": 11}, ""Lead"": {""start"": ""2014-02-13"", ""end"": ""2014-02-14"", ""count"": 2}, ""Third"": {""start"": ""2016-03-19"", ""end"": ""2025-04-11"", ""count"": 144}}","{""JPN"": {""start"": ""2014-02-11"", ""end"": ""2014-02-17"", ""count"": 6}, ""JPN (Fujisawa)"": {""start"": ""2016-03-19"", ""end"": ""2022-02-20"", ""count"": 18}, ""Japan"": {""start"": ""2017-11-03"", ""end"": ""2021-12-17"", ""count"": 31}, ""Fujisawa"": {""start"": ""2021-04-15"", ""end"": ""2025-04-11"", ""count"": 95}}",Right,1991,,,,,,89.50%,85.40%,86.80%,89.80%,75.00%,75.40%,73.60%,72.60%,82.90%,81.30%,80.20%,78.50%,89.10%,89.60%,67.80%,75.00%,67.30%,74.40%,33.30%,75.00%,58.30%,68.60%,,83.30%,89.30%,97.30%,64.40%,67.90%,91.70%,75.00%,81.20%,84.20%,88.20%,83.30%,89.70%,90.00%,87.50%,76.70%,70.50%,71.90%,0.00%,,43.80%,16.70%,1.14,0.4,705,724,34.5,33.1,26.4,20.4,14.1,67,12,17.9,81,4,4.9,,,,,,,,,,,,,,,,,,,,,,,,,,,,,78.60%,75.00%,,,82.40%,89.40%,71.30%,78.00%,81.20%,76.70%,89.40%,76.80%,,,78.40%,77.40%,80.30%,79.40%,78.50%,81.90%,78.70%,79.30%,80.10%,76.50%,Wick CW,33.3,Guard CCW,89.8
Chohi Kim,82.70%,82.50%,82.60%,83.60%,552,"{""Second"": {""start"": ""2022-10-04"", ""end"": ""2024-04-13"", ""count"": 34}}","{""Kim"": {""start"": ""2022-10-04"", ""end"": ""2024-04-13"", ""count"": 29}, ""EJ Kim"": {""start"": ""2022-10-18"", ""end"": ""2022-10-22"", ""count"": 5}}",Right,,,,,,,95.80%,92.90%,89.20%,83.70%,80.80%,88.00%,73.60%,76.20%,83.10%,82.50%,80.70%,75.80%,93.30%,91.20%,76.20%,71.00%,43.80%,78.10%,,,,,,50.00%,96.90%,81.20%,90.00%,90.00%,91.70%,,90.00%,66.70%,,75.00%,,,,,12.50%,93.80%,,,,,1.13,0.37,127,139,34.6,27.3,25.9,21.3,13.3,12,3,25,13,0,0,,,,,,,,,,,,,,,,,,,,,,,,,,,,,,,,,,,,,,,,,,,,,80.60%,79.10%,82.60%,86.90%,89.80%,79.50%,,,Raise CW,43.8,Guard CW,89.2
Chris Anderson,72.00%,84.70%,82.10%,73.10%,204,"{""Lead"": {""start"": ""2010-03-06"", ""end"": ""2010-03-11"", ""count"": 6}}","{""BC (Richard)"": {""start"": ""2010-03-06"", ""end"": ""2010-03-11"", ""count"": 6}}",Right,,,,,,,,85.80%,,93.80%,68.40%,86.60%,58.30%,87.50%,50.00%,83.30%,58.30%,80.00%,,33.30%,,75.00%,,62.50%,0.00%,0.00%,,,,86.10%,,87.50%,65.00%,,,,,,,,,0.00%,,,,,,,,,1.22,0.15,49,52,36.7,34.6,11.5,14.3,22.4,4,0,0,4,1,25,,,,,,,,,,,,,,,,,,,,,85.10%,63.40%,,,,,,,,,,,,,,,,,,,,,,,,,,,,,,,Wick CW,0,Guard CCW,93.8
Chris Briand,87.30%,84.00%,85.90%,78.70%,344,"{""Second"": {""start"": ""2014-11-10"", ""end"": ""2015-11-14"", ""count"": 12}}","{""NO (Koivula)"": {""start"": ""2014-11-10"", ""end"": ""2015-11-14"", ""count"": 12}}",Right,,,,,,,95.80%,62.50%,90.00%,95.00%,87.50%,79.20%,82.50%,65.00%,81.80%,86.00%,82.40%,65.60%,94.90%,96.80%,72.50%,75.00%,90.60%,75.00%,,,,,92.90%,,,75.00%,50.00%,50.00%,,62.50%,50.00%,75.00%,75.00%,,83.30%,,,,87.50%,,,,,,1.17,0.31,75,86,30.7,33.7,24.4,17.3,13.4,4,0,0,12,0,0,,,,,,,,,,,,,,,,,,,,,,,,,,,,,88.40%,82.90%,83.20%,88.60%,,,,,,,,,,,,,,,,,,,,,Freeze CCW,65,Guard CCW,95
Chris Ford,69.30%,70.50%,69.90%,60.30%,277,"{""Fourth"": {""start"": ""2015-11-08"", ""end"": ""2015-11-13"", ""count"": 6}, ""Third"": {""start"": ""2019-03-02"", ""end"": ""2019-03-06"", ""count"": 5}, ""Second"": {""start"": ""2022-09-21"", ""end"": ""2022-09-21"", ""count"": 1}}","{""NL (Ford)"": {""start"": ""2015-11-08"", ""end"": ""2015-11-13"", ""count"": 6}, ""NL"": {""start"": ""2019-03-02"", ""end"": ""2019-03-06"", ""count"": 5}, ""Smith"": {""start"": ""2022-09-21"", ""end"": ""2022-09-21"", ""count"": 1}}",Right,1991,,,,,,86.80%,87.50%,83.30%,,69.40%,68.40%,45.00%,55.00%,71.20%,72.60%,71.70%,47.90%,75.00%,85.70%,45.00%,80.00%,54.50%,78.10%,,,,,83.30%,,75.00%,,55.00%,,25.00%,0.00%,31.20%,,,,,,0.00%,,75.00%,0.00%,,,,,0.75,0.21,75,61,16,29.5,14.8,30.7,-14.7,11,1,9.1,3,1,33.3,,,,,,,,,,,,,,,,,,,,,,,,,,,,,,,68.20%,74.10%,,,,,,,75.50%,62.20%,,,,,70.00%,75.00%,,,,,,,Freeze CW,45,Guard CW,83.3
Chris Haichert,82.40%,84.40%,83.50%,83.60%,378,"{""Second"": {""start"": ""2006-03-11"", ""end"": ""2014-11-15"", ""count"": 12}}","{""SASK (Simmons)"": {""start"": ""2006-03-11"", ""end"": ""2006-03-16"", ""count"": 6}, ""SK (Kirkpatrick"": {""start"": ""2014-11-10"", ""end"": ""2014-11-15"", ""count"": 6}}",Right,1982,"Regina, SK",,,,,91.30%,85.00%,86.10%,90.00%,73.10%,74.00%,88.90%,,85.80%,86.90%,82.10%,81.20%,87.90%,95.00%,54.20%,92.90%,72.20%,65.60%,,,,,,,,,68.80%,87.50%,50.00%,,75.00%,95.00%,,,93.80%,91.70%,,75.00%,75.00%,75.00%,,,,,1.22,0.37,91,92,35.2,38,23.9,14.3,20.9,8,2,25,14,1,7.1,,,,,,,,,,,,,84.50%,89.00%,,,,,,,,,,,,,,,73.70%,82.80%,,,,,,,,,,,,,,,,,,,,,,,Double CW,54.2,Double CCW,92.9
Chris Jeffrey,75.20%,78.10%,76.70%,76.10%,281,"{""Second"": {""start"": ""2014-11-10"", ""end"": ""2023-03-07"", ""count"": 6}, ""Third"": {""start"": ""2018-03-03"", ""end"": ""2018-03-09"", ""count"": 6}}","{""NB (Jones)"": {""start"": ""2014-11-10"", ""end"": ""2023-03-07"", ""count"": 6}, ""NB"": {""start"": ""2018-03-03"", ""end"": ""2018-03-09"", ""count"": 6}}",Right,1989,,,,,,87.50%,80.00%,57.10%,70.80%,71.70%,72.00%,45.00%,,87.20%,84.60%,79.20%,75.00%,70.50%,88.90%,41.70%,75.00%,50.00%,52.80%,,,,,66.70%,,,,66.70%,33.30%,0.00%,,91.70%,,81.20%,,,,,,,50.00%,,,,,1.07,0.38,70,69,30,31.9,27.5,31.4,-1.4,10,3,30,7,0,0,,,,,,,,,,,,,,,,,,,,,,,,,,,,,64.50%,76.70%,,,,,,,80.30%,81.10%,,,,,,,,,100.00%,,,,,,Double CW,41.7,Take-out CW,87.2
Chris Schille,81.30%,83.80%,82.80%,83.90%,1349,"{""Second"": {""start"": ""2007-03-03"", ""end"": ""2013-03-07"", ""count"": 21}, ""Third"": {""start"": ""2016-03-03"", ""end"": ""2018-03-09"", ""count"": 22}}","{""NL (Gushue)"": {""start"": ""2007-03-03"", ""end"": ""2008-03-14"", ""count"": 15}, ""SK (Virtue)"": {""start"": ""2013-03-02"", ""end"": ""2013-03-07"", ""count"": 6}, ""NT (Koe)"": {""start"": ""2016-03-03"", ""end"": ""2017-03-10"", ""count"": 16}, ""NT"": {""start"": ""2018-03-03"", ""end"": ""2018-03-09"", ""count"": 6}}",Right,1983,"Barrhead, AB","Regina, SK","Management/Owner, Carpet Superstores",Notre Dame,Red Deer College,95.70%,95.70%,91.30%,90.10%,78.00%,77.10%,70.50%,80.60%,85.10%,87.60%,71.30%,78.40%,91.40%,91.40%,74.40%,77.70%,64.10%,79.20%,,,,,75.00%,,,85.40%,95.00%,90.40%,50.00%,,79.20%,,66.70%,,88.50%,92.50%,50.00%,75.00%,62.50%,,,,,,1.06,0.24,317,342,32.2,33.3,19.6,19.6,12.6,32,8,25,20,0,0,,,,,,,,,,,,,,,81.20%,82.10%,83.40%,82.80%,,,,,,,,,84.90%,86.50%,,,,,82.80%,85.60%,79.50%,78.80%,82.00%,79.90%,,,,,,,,,,,,,,,Raise CW,64.1,Guard CW,91.3
Christian Bouchard,73.00%,82.70%,78.60%,76.30%,206,"{""Second"": {""start"": ""2011-03-05"", ""end"": ""2011-03-10"", ""count"": 6}}","{""Quebec (Gagne)"": {""start"": ""2011-03-05"", ""end"": ""2011-03-10"", ""count"": 6}}",Right,,,,,,,91.10%,79.50%,,87.50%,66.70%,69.60%,72.90%,73.30%,59.70%,89.30%,79.50%,85.70%,72.50%,90.30%,62.50%,82.10%,56.20%,80.60%,,,,,,81.20%,,75.00%,0.00%,,50.00%,83.30%,,,,,50.00%,,,,,,,,,,1.26,0.13,54,45,38.9,44.4,11.1,18.5,20.4,7,2,28.6,3,0,0,,,,,,,,,,,,,,,,,,,,,,,77.10%,79.80%,,,,,,,,,,,,,,,,,,,,,,,,,,,,,Raise CW,56.2,Take-out CCW,89.3
Christianne West,62.60%,56.70%,60.00%,58.60%,926,"{""Third"": {""start"": ""2016-01-23"", ""end"": ""2020-01-19"", ""count"": 26}, ""Fourth"": {""start"": ""2018-01-17"", ""end"": ""2018-02-02"", ""count"": 3}, ""Second"": {""start"": ""2018-01-28"", ""end"": ""2020-01-24"", ""count"": 7}, ""Lead"": {""start"": ""2020-01-19"", ""end"": ""2020-01-23"", ""count"": 5}}","{""NU"": {""start"": ""2016-01-23"", ""end"": ""2020-01-24"", ""count"": 29}, ""NU (Pinksen)"": {""start"": ""2017-01-22"", ""end"": ""2017-01-27"", ""count"": 5}}",Right,,,,,,,72.50%,74.00%,91.20%,56.90%,59.90%,51.80%,56.60%,45.70%,63.60%,61.40%,59.00%,48.30%,73.10%,85.00%,50.00%,50.00%,53.10%,36.40%,,,,,47.20%,50.00%,,50.00%,56.20%,48.10%,41.70%,50.00%,72.50%,68.80%,62.50%,50.00%,75.00%,,,0.00%,,25.00%,,,,,0.62,0.35,237,186,13.1,16.7,23.7,46.8,-33.7,44,4,9.1,11,4,36.4,,,,,,,,,,,,,,,,,,,,,,,,,,,,,,,,,51.10%,60.40%,48.00%,54.90%,62.30%,59.80%,54.20%,62.10%,69.20%,70.40%,,,,,,,,,,,Raise CCW,36.4,Guard CW,91.2
Christie Gamble,75.10%,72.50%,73.80%,71.40%,459,"{""Third"": {""start"": ""2016-11-14"", ""end"": ""2022-09-23"", ""count"": 17}}","{""NS (Flemming)"": {""start"": ""2016-11-14"", ""end"": ""2016-11-18"", ""count"": 5}, ""Barker"": {""start"": ""2021-10-26"", ""end"": ""2022-09-23"", ""count"": 6}, ""SK (Barker)"": {""start"": ""2022-01-29"", ""end"": ""2022-02-03"", ""count"": 6}}",Right,1986,,,,,,81.80%,95.00%,83.30%,73.80%,77.60%,64.40%,54.50%,58.30%,81.80%,78.60%,63.50%,68.60%,90.00%,97.20%,46.90%,68.30%,40.60%,50.00%,,,,,75.00%,,78.60%,,91.70%,56.20%,,,,,62.50%,37.50%,75.00%,95.00%,50.00%,,25.00%,25.00%,,,,,0.97,0.45,104,118,26.9,26.3,33.1,26.9,0,14,4,28.6,10,1,10,,,,,,,,,,,,,,,,,,,,,,,,,,,,,,,,,75.00%,75.90%,,,,,,,,,76.00%,68.90%,70.60%,75.90%,,,,,,,Raise CW,40.6,Guard CW,83.3
Christina Bertrup,80.00%,77.10%,78.50%,82.70%,633,"{""Third"": {""start"": ""2014-02-10"", ""end"": ""2016-03-24"", ""count"": 21}}","{""SWE"": {""start"": ""2014-02-10"", ""end"": ""2015-03-19"", ""count"": 15}, ""SWE (Sigfrid)"": {""start"": ""2016-03-19"", ""end"": ""2016-03-24"", ""count"": 6}}",Right,1977,"Skoen, SWE","Sundsvall, SWE",,,,83.30%,98.10%,84.00%,89.10%,80.70%,79.40%,75.00%,55.00%,83.30%,77.80%,80.80%,75.50%,89.30%,81.00%,66.70%,63.60%,63.50%,68.20%,,,37.50%,53.80%,,97.50%,,87.50%,91.70%,71.40%,,0.00%,67.90%,,75.00%,,,82.50%,,,,,,,50.00%,,1.22,0.21,143,164,32.2,36,17.7,16.1,16.1,13,2,15.4,12,0,0,,,,,,,,,,,,,,,,,,,,,,,,,,,,,84.10%,75.20%,77.20%,78.30%,83.50%,77.10%,,,,,,,,,,,,,,,,,,,Promotion CW,37.5,Guard CCW,89.1
Christina Black,77.10%,77.40%,77.30%,76.50%,1370,"{""Third"": {""start"": ""2014-11-10"", ""end"": ""2020-02-20"", ""count"": 20}, ""Fourth"": {""start"": ""2014-11-14"", ""end"": ""2024-11-30"", ""count"": 40}}","{""NS (MacDougall)"": {""start"": ""2014-11-10"", ""end"": ""2014-11-14"", ""count"": 5}, ""NS"": {""start"": ""2018-01-27"", ""end"": ""2018-02-04"", ""count"": 9}, ""NS (Arsenault)"": {""start"": ""2020-02-15"", ""end"": ""2020-02-20"", ""count"": 6}, ""Black"": {""start"": ""2022-09-21"", ""end"": ""2024-11-30"", ""count"": 24}, ""NS (Black)"": {""start"": ""2022-01-29"", ""end"": ""2023-02-25"", ""count"": 15}}",Right,1988,"Sydney, NS","Halifax, NS",,Riverview High School,Saint Mary's University,87.50%,89.30%,82.50%,93.30%,74.00%,74.50%,73.00%,58.30%,79.50%,80.40%,69.90%,74.30%,95.30%,94.90%,72.60%,61.00%,68.30%,69.40%,,,0.00%,78.60%,93.80%,90.00%,86.80%,83.30%,65.90%,72.50%,87.50%,37.50%,65.60%,77.10%,87.50%,50.00%,95.80%,,68.80%,54.20%,60.00%,,,,,,1.14,0.36,337,330,31.5,35.8,25.2,20.5,11,29,8,27.6,31,1,3.2,,,,,,,,,,,,,,,,,,,,,,,,,,,,,79.40%,83.80%,,,,,,,77.40%,80.30%,,,77.40%,76.70%,,,69.60%,75.20%,78.20%,75.60%,75.70%,78.30%,,,Promotion CW,0,Guard CCW,93.3
Christine Urech,83.80%,82.30%,83.10%,73.90%,597,"{""Lead"": {""start"": ""2014-11-22"", ""end"": ""2016-11-23"", ""count"": 20}}","{""SUI"": {""start"": ""2014-11-22"", ""end"": ""2014-11-29"", ""count"": 7}, ""Switzerland"": {""start"": ""2016-11-19"", ""end"": ""2016-11-23"", ""count"": 5}, ""SUI (Feltscher)"": {""start"": ""2016-03-19"", ""end"": ""2016-03-27"", ""count"": 8}}",Right,1984,"Biel, SUI","Luzern, SUI","Industrial Designer, Self-employed",,,89.50%,91.20%,87.50%,65.60%,79.80%,80.70%,70.80%,87.50%,84.70%,88.00%,92.90%,78.30%,,,,66.70%,84.10%,80.00%,70.00%,56.80%,,0.00%,94.20%,80.00%,,50.00%,81.20%,77.80%,,,,,,,,,,,75.00%,75.00%,62.50%,65.60%,,0.00%,1.06,0.37,152,144,30.9,38.2,22.9,19.7,11.2,12,4,33.3,16,1,6.2,,,,,,,,,,,,,,,,,,,,,,,,,,,,,84.50%,87.70%,,,82.90%,79.20%,,,,,,,,,,,,,,,,,,,Promotion CCW,0,Hit-roll CW,92.9
Christoffer Sundgren,91.40%,90.80%,91.00%,90.20%,6345,"{""Lead"": {""start"": ""2014-03-29"", ""end"": ""2025-04-05"", ""count"": 268}, ""Second"": {""start"": ""2018-11-22"", ""end"": ""2022-10-23"", ""count"": 4}, ""Third"": {""start"": ""2022-12-06"", ""end"": ""2022-12-10"", ""count"": 5}, ""Fourth"": {""start"": ""2022-10-23"", ""end"": ""2022-10-23"", ""count"": 1}}","{""SWE"": {""start"": ""2014-03-29"", ""end"": ""2015-11-28"", ""count"": 18}, ""Sweden"": {""start"": ""2016-04-02"", ""end"": ""2022-11-25"", ""count"": 91}, ""SWE (Edin)"": {""start"": ""2018-02-14"", ""end"": ""2025-04-05"", ""count"": 66}, ""Edin"": {""start"": ""2021-04-15"", ""end"": ""2025-01-18"", ""count"": 98}}",Right,1989,"Sveg, SWE","Karlstad, SWE",Curler,,,95.50%,94.90%,87.70%,86.30%,91.60%,92.30%,84.50%,90.10%,90.00%,89.20%,80.10%,79.90%,87.50%,90.00%,94.40%,79.40%,86.10%,86.10%,63.10%,61.70%,,50.00%,95.50%,97.20%,91.20%,86.00%,95.00%,91.80%,,85.70%,90.00%,92.90%,,,,90.00%,,,,78.60%,63.20%,66.40%,,,1.25,0.32,1569,1540,39.5,37.7,22,14.1,25.4,72,13,18.1,216,3,1.4,,,,,,,,,,,,,,,,,,,,,,,,,,,,,88.60%,73.30%,93.80%,87.50%,89.30%,73.20%,91.90%,77.00%,90.50%,78.60%,94.20%,75.50%,,,94.10%,84.80%,92.60%,82.00%,92.90%,84.00%,94.40%,81.10%,94.90%,67.50%,Promotion CCW,50,Double CW,94.4
Christoffer Svae,81.60%,85.10%,83.40%,83.00%,1822,"{""Second"": {""start"": ""2010-02-16"", ""end"": ""2019-05-11"", ""count"": 65}}","{""NOR"": {""start"": ""2010-02-16"", ""end"": ""2015-11-27"", ""count"": 34}, ""Norway"": {""start"": ""2016-04-02"", ""end"": ""2019-05-11"", ""count"": 24}, ""NOR (Ulsrud)"": {""start"": ""2018-02-14"", ""end"": ""2018-02-21"", ""count"": 7}}",Right,1982,"Oslo, NOR","Oslo, NOR","Event Manager / Curling Instructor, Self-employed",,School of life,99.10%,98.60%,86.10%,87.30%,72.20%,79.90%,83.30%,56.20%,83.00%,84.50%,74.70%,81.20%,93.90%,94.90%,76.10%,73.10%,67.20%,83.60%,83.30%,60.00%,70.20%,75.00%,,,91.70%,71.40%,80.80%,90.30%,,,87.50%,85.40%,37.50%,70.00%,91.00%,96.40%,66.70%,75.00%,,66.70%,,,,,1.21,0.25,412,470,36.7,40.2,18.5,12.9,23.8,21,5,23.8,50,1,2,,,,,,,,,,,,,,,,,,,,,82.80%,86.50%,,,,,,,83.20%,85.10%,92.20%,94.20%,80.90%,85.10%,83.70%,79.70%,74.50%,83.80%,68.10%,76.60%,,,,,,,,,,,,,Freeze CCW,56.2,Guard CCW,87.3
Christopher Gallant,75.60%,77.70%,76.80%,79.70%,797,"{""Third"": {""start"": ""2017-01-21"", ""end"": ""2022-03-10"", ""count"": 7}, ""Fourth"": {""start"": ""2017-03-18"", ""end"": ""2017-03-22"", ""count"": 5}, ""Second"": {""start"": ""2018-03-03"", ""end"": ""2025-03-06"", ""count"": 21}, ""Lead"": {""start"": ""2022-03-07"", ""end"": ""2022-03-07"", ""count"": 1}}","{""PE (Smith)"": {""start"": ""2017-01-21"", ""end"": ""2024-03-07"", ""count"": 14}, ""UPEI (Gallant)"": {""start"": ""2017-03-18"", ""end"": ""2017-03-22"", ""count"": 5}, ""PE"": {""start"": ""2018-03-03"", ""end"": ""2018-03-09"", ""count"": 6}, ""Smith"": {""start"": ""2024-10-01"", ""end"": ""2024-10-03"", ""count"": 3}, ""PEI (Smith)"": {""start"": ""2025-03-01"", ""end"": ""2025-03-06"", ""count"": 6}}",Right,,,,,,,93.80%,79.40%,82.60%,92.10%,72.30%,77.00%,70.00%,83.30%,77.00%,77.70%,71.30%,69.00%,84.40%,81.00%,71.90%,78.20%,75.00%,60.90%,,,,,,81.20%,,,80.60%,70.50%,58.30%,,87.50%,85.40%,,62.50%,89.30%,40.00%,75.00%,25.00%,,,,,,,1.08,0.32,199,196,30.7,30.1,18.9,26.6,4.1,25,2,8,14,0,0,,,,,,,,,,,,,,,,,,,,,,,,,,,,,,,,,,,68.10%,74.90%,85.90%,72.20%,,,,,,,100.00%,75.00%,,,81.60%,80.20%,85.80%,74.20%,Raise CCW,60.9,Guard CCW,92.1
Clancy Grandy,75.20%,72.00%,73.70%,76.70%,875,"{""Third"": {""start"": ""2017-12-02"", ""end"": ""2017-12-08"", ""count"": 7}, ""Lead"": {""start"": ""2021-02-25"", ""end"": ""2021-02-25"", ""count"": 1}, ""Fourth"": {""start"": ""2022-10-18"", ""end"": ""2024-02-22"", ""count"": 41}}","{""Flaxey"": {""start"": ""2017-12-02"", ""end"": ""2017-12-08"", ""count"": 7}, ""WC1 (Fleury)"": {""start"": ""2021-02-25"", ""end"": ""2021-02-25"", ""count"": 1}, ""Grandy"": {""start"": ""2022-10-18"", ""end"": ""2023-12-15"", ""count"": 27}, ""BC (Grandy)"": {""start"": ""2023-02-17"", ""end"": ""2024-02-22"", ""count"": 14}}",Right,1991,"Burlington, ON","Toronto, ON",,,,,75.00%,87.80%,92.20%,71.60%,71.10%,65.90%,53.30%,79.50%,76.30%,77.30%,70.20%,91.70%,86.70%,37.00%,47.40%,80.00%,66.20%,,,,,,,91.70%,93.80%,65.00%,57.10%,62.50%,66.70%,80.00%,80.00%,,85.00%,,,37.50%,50.00%,75.00%,83.30%,,,,,1.08,0.41,217,212,32.3,32.5,25,24.4,7.9,28,4,14.3,19,1,5.3,,,,,,,,,,,,,,,,,,,,,,,,,,,,,,,,,,,68.80%,74.40%,,,,,,,37.50%,,77.80%,72.60%,72.80%,72.50%,81.50%,76.90%,,,Double CW,37,Guard CCW,92.2
Claudio Paetz,83.50%,83.50%,83.50%,78.10%,1060,"{""Third"": {""start"": ""2014-02-10"", ""end"": ""2019-04-03"", ""count"": 41}}","{""SUI"": {""start"": ""2014-02-10"", ""end"": ""2015-11-28"", ""count"": 9}, ""Switzerland"": {""start"": ""2016-11-19"", ""end"": ""2019-04-03"", ""count"": 23}, ""SUI (De Cruz)"": {""start"": ""2018-02-14"", ""end"": ""2018-02-23"", ""count"": 9}}",Right,,,,,,,,98.20%,88.70%,94.30%,82.90%,81.90%,,66.70%,88.30%,91.00%,82.90%,76.40%,89.70%,92.00%,75.80%,69.40%,69.00%,58.30%,,87.50%,63.90%,62.90%,,,81.20%,,85.70%,83.30%,,,50.00%,,50.00%,,85.60%,,91.70%,66.70%,0.00%,33.30%,,,,,1.21,0.27,239,277,36,39,18.4,12.6,23.4,12,4,33.3,30,1,3.3,,,,,,,,,,,,,,,,,,,,,,,,,,,,,83.30%,81.10%,81.80%,84.30%,83.20%,82.60%,86.50%,82.40%,88.80%,82.40%,,100.00%,,,,,,,,,,,,,Raise CCW,58.3,Guard CCW,94.3
Clint Dieno,79.90%,86.60%,83.40%,88.50%,212,"{""Third"": {""start"": ""2004-03-06"", ""end"": ""2004-03-11"", ""count"": 6}}","{""SK (Korte)"": {""start"": ""2004-03-06"", ""end"": ""2004-03-11"", ""count"": 6}}",Right,1972,,"Saskatoon, SK",,,,83.30%,,97.20%,95.80%,72.50%,75.90%,56.20%,90.00%,84.60%,91.40%,83.30%,70.00%,82.10%,94.40%,50.00%,87.50%,75.00%,85.70%,,,,,,,,87.50%,,75.00%,,,,,,,,,,,0.00%,,,,,,1.17,0.31,53,52,43.4,42.3,25,20.8,22.6,6,5,83.3,5,1,20,,,,,,,,,80.70%,85.10%,,,,,,,,,,,,,,,,,,,,,,,,,,,,,,,,,,,,,,,,,,,Double CW,50,Guard CW,97.2
Clint Ireland,84.40%,73.90%,80.60%,82.20%,238,"{""Lead"": {""start"": ""2008-03-08"", ""end"": ""2018-03-09"", ""count"": 8}}","{""YT/NWT (Cowan)"": {""start"": ""2008-03-08"", ""end"": ""2008-03-13"", ""count"": 6}, ""YT"": {""start"": ""2018-03-05"", ""end"": ""2018-03-09"", ""count"": 2}}",Right,1972,"Dawson Creek, BC","Whitehorse, YK","Director, Transportation Maintenance Branch, Government of Yukon",South Peach Secondary,Simon Fraser University,88.80%,87.50%,73.60%,75.00%,89.00%,64.20%,84.40%,79.20%,72.90%,72.20%,50.00%,50.00%,,,,,56.20%,91.70%,,58.30%,,,93.10%,,,,,50.00%,,,,,,,,,,,,,,50.00%,,,0.98,0.23,55,62,23.6,27.4,19.4,23.6,0,8,1,12.5,2,1,50,,,,,,,,,,,,,,,,,84.00%,70.30%,,,,,,,,,,,,,,,,,,,72.20%,62.50%,,,,,,,,,,,,,,,Hit-roll CW,50,Raise CCW,91.7
Cole Chandler,83.80%,86.20%,84.90%,80.90%,222,"{""Lead"": {""start"": ""2019-01-19"", ""end"": ""2019-01-27"", ""count"": 9}}","{""MB"": {""start"": ""2019-01-19"", ""end"": ""2019-01-27"", ""count"": 9}}",Right,1998,,,,,,89.30%,98.40%,,,80.50%,83.00%,,58.30%,89.60%,87.50%,,83.30%,87.50%,,,50.00%,,,8.30%,75.00%,,,,,,,66.70%,84.40%,,,83.30%,,,,,,,,,,0.00%,75.00%,,,1.04,0.52,53,56,34,30.4,37.5,24.5,9.5,5,2,40,8,0,0,,,,,,,,,,,,,,,,,,,,,,,,,,,,,,,,,,,,,,,85.40%,82.50%,,,,,,,,,,,,,Wick CW,8.3,Take-out CW,89.6
Cole Parsons,78.00%,83.00%,81.10%,80.30%,704,"{""Lead"": {""start"": ""2019-03-02"", ""end"": ""2020-03-04"", ""count"": 10}, ""Second"": {""start"": ""2022-03-05"", ""end"": ""2024-03-08"", ""count"": 17}}","{""NT"": {""start"": ""2019-03-02"", ""end"": ""2019-03-06"", ""count"": 5}, ""NT (Koe)"": {""start"": ""2020-02-29"", ""end"": ""2024-03-08"", ""count"": 22}}",Right,1994,"Kindersley, SK","Calgary, AB",Student,,,91.30%,89.80%,87.00%,73.90%,75.70%,79.70%,73.50%,89.30%,82.80%,79.30%,75.00%,77.90%,75.00%,91.50%,63.20%,77.20%,69.10%,75.00%,,,,,87.50%,86.80%,81.20%,,63.90%,77.50%,50.00%,,,37.50%,75.00%,,70.80%,,,,75.00%,,,,,,0.86,0.24,185,164,22.2,34.1,16.5,31.9,-9.7,25,1,4,12,4,33.3,,,,,,,,,,,,,,,,,,,,,,,,,,,,,,,,,,,,,,,91.00%,90.00%,84.90%,83.90%,,,72.20%,81.70%,71.80%,75.50%,83.30%,77.70%,,,Double CW,63.2,Freeze CCW,89.3
Colin Hodgson,88.70%,91.40%,90.40%,85.90%,2095,"{""Lead"": {""start"": ""2015-12-02"", ""end"": ""2023-03-10"", ""count"": 84}}","{""Carruthers"": {""start"": ""2015-12-02"", ""end"": ""2018-12-07"", ""count"": 19}, ""MB"": {""start"": ""2018-03-03"", ""end"": ""2019-03-08"", ""count"": 14}, ""R. Carruthers"": {""start"": ""2018-02-04"", ""end"": ""2019-02-10"", ""count"": 2}, ""WC (McEwen)"": {""start"": ""2020-02-29"", ""end"": ""2020-03-07"", ""count"": 8}, ""WC1 (McEwen)"": {""start"": ""2020-02-28"", ""end"": ""2021-03-11"", ""count"": 7}, ""McEwen"": {""start"": ""2020-02-09"", ""end"": ""2022-04-16"", ""count"": 20}, ""Horgan"": {""start"": ""2022-10-18"", ""end"": ""2023-01-13"", ""count"": 8}, ""NO (Horgan)"": {""start"": ""2023-03-04"", ""end"": ""2023-03-10"", ""count"": 6}}",Right,1990,"Edmonton, AB","Winnipeg, MB","Business Owner - Dynasty Curling, Self Employed",Ecole Secondaire Lacombe Composite High School,Northern Alberta Institute of Technology,94.50%,97.00%,88.90%,89.30%,86.00%,89.50%,88.50%,81.40%,93.40%,90.20%,68.20%,78.90%,85.00%,67.50%,95.80%,,71.90%,89.10%,61.60%,89.10%,,,89.20%,95.60%,93.80%,82.50%,95.60%,90.80%,,25.00%,,,,,,66.70%,,,,,63.50%,86.40%,,,0.98,0.28,523,494,27.9,31.6,19,18.9,9,47,5,10.6,43,1,2.3,,,,,,,,,,,,,,,,,,,,,,,,,,,,,,,86.80%,80.30%,92.10%,82.80%,93.30%,81.90%,88.90%,85.20%,93.00%,85.50%,92.90%,90.40%,92.10%,78.30%,90.90%,76.60%,90.80%,90.20%,,,,,Wick CW,61.6,Double CW,95.8
Colin Hufman,81.70%,82.60%,82.20%,87.90%,1102,"{""Second"": {""start"": ""2018-03-31"", ""end"": ""2024-11-30"", ""count"": 46}, ""Lead"": {""start"": ""2021-04-06"", ""end"": ""2023-11-10"", ""count"": 8}}","{""USA (Ruohonen)"": {""start"": ""2018-03-31"", ""end"": ""2018-04-07"", ""count"": 8}, ""Ruohonen"": {""start"": ""2021-10-19"", ""end"": ""2021-10-22"", ""count"": 4}, ""United States"": {""start"": ""2021-04-06"", ""end"": ""2021-04-07"", ""count"": 2}, ""USA (Shuster)"": {""start"": ""2022-02-13"", ""end"": ""2024-11-01"", ""count"": 19}, ""Shuster"": {""start"": ""2023-10-20"", ""end"": ""2024-11-30"", ""count"": 18}}",Right,,,,,,,90.40%,96.20%,90.90%,91.20%,81.20%,78.90%,71.30%,67.60%,78.90%,83.30%,72.70%,86.50%,92.90%,94.30%,77.10%,72.60%,72.40%,74.10%,,66.70%,64.60%,69.30%,90.00%,,,95.00%,75.00%,76.20%,,,50.00%,,75.00%,87.50%,96.60%,96.60%,,87.50%,81.20%,81.20%,,66.70%,,,1.09,0.31,256,273,33.6,33,22.7,18.8,14.8,23,5,21.7,25,3,12,,,,,,,,,,,,,,,,,,,,,,,,,,,,,,,,,,,,,79.40%,83.80%,,,,,75.00%,73.80%,71.90%,,89.10%,75.00%,82.50%,82.30%,,,Promotion CW,64.6,Guard CCW,91.2
Colin Koivula,85.70%,83.60%,84.90%,77.10%,327,"{""Fourth"": {""start"": ""2014-11-10"", ""end"": ""2015-11-14"", ""count"": 12}}","{""NO (Koivula)"": {""start"": ""2014-11-10"", ""end"": ""2015-11-14"", ""count"": 12}}",Right,1983,,,,,,75.00%,,87.50%,90.00%,88.80%,79.50%,83.30%,75.00%,86.70%,88.70%,76.80%,78.30%,,,75.00%,57.10%,53.10%,75.00%,,,,,,,,,,75.00%,,50.00%,91.70%,91.70%,50.00%,66.70%,,,,,0.00%,,,,,,1.17,0.31,75,86,30.7,33.7,24.4,17.3,13.4,4,0,0,12,0,0,,,,,,,,,,,,,,,,,,,,,,,,,,,,,81.90%,83.30%,89.80%,84.80%,,,,,,,,,,,,,,,,,,,,,Raise CW,53.1,Guard CCW,90
Colin Kurz,84.80%,86.20%,85.50%,89.70%,238,"{""Second"": {""start"": ""2018-01-13"", ""end"": ""2018-02-04"", ""count"": 9}}","{""MB"": {""start"": ""2018-01-13"", ""end"": ""2018-01-20"", ""count"": 8}, ""JT Ryan"": {""start"": ""2018-02-04"", ""end"": ""2018-02-04"", ""count"": 1}}",Right,,,,,,,83.30%,95.30%,,75.00%,73.80%,84.60%,94.20%,87.50%,90.00%,86.00%,85.30%,76.80%,87.00%,93.00%,37.50%,65.00%,83.30%,91.70%,,,,,,,,75.00%,,,,,,,,87.50%,83.30%,90.60%,,50.00%,,,,,,,1.12,0.38,52,61,38.5,27.9,27.9,19.2,19.3,3,1,33.3,7,0,0,,,,,,,,,,,,,,,,,,,,,,,,,,,,,,,,,,,,,85.90%,85.30%,,,,,,,,,,,,,,,Double CW,37.5,Freeze CW,94.2
Colleen Jones,76.00%,80.20%,78.40%,81.30%,230,"{""Second"": {""start"": ""2013-02-16"", ""end"": ""2013-02-22"", ""count"": 7}, ""Third"": {""start"": ""2022-09-22"", ""end"": ""2022-09-22"", ""count"": 1}}","{""NS (Arsenault)"": {""start"": ""2013-02-16"", ""end"": ""2013-02-22"", ""count"": 7}, ""Birt"": {""start"": ""2022-09-22"", ""end"": ""2022-09-22"", ""count"": 1}}",Right,1960,"Halifax, NS","Halifax, NS",,,,94.40%,83.30%,88.60%,80.00%,63.60%,65.00%,37.50%,65.00%,83.80%,83.10%,80.00%,70.80%,90.90%,94.00%,50.00%,85.00%,83.30%,0.00%,,,,,,,87.50%,,50.00%,75.00%,75.00%,,50.00%,,,,,93.80%,,,,,,,,,1.04,0.34,49,62,20.4,29,29,20.4,0,4,1,25,5,0,0,,,,,,,,,,,,,,,,,,,,,,,,,,,72.40%,84.60%,,,,,,,,,,,,,,,,,59.60%,70.00%,,,,,,,Raise CCW,0,Guard CW,88.6
Colton Flasch,81.90%,83.00%,82.50%,79.80%,3624,"{""Second"": {""start"": ""2015-12-02"", ""end"": ""2020-03-07"", ""count"": 57}, ""Fourth"": {""start"": ""2017-11-07"", ""end"": ""2023-01-12"", ""count"": 36}, ""Third"": {""start"": ""2023-09-28"", ""end"": ""2025-04-12"", ""count"": 64}}","{""Laycock"": {""start"": ""2015-12-02"", ""end"": ""2016-12-03"", ""count"": 8}, ""SK (Laycock)"": {""start"": ""2016-03-05"", ""end"": ""2016-03-10"", ""count"": 6}, ""Flasch"": {""start"": ""2017-11-07"", ""end"": ""2023-01-12"", ""count"": 28}, ""Koe"": {""start"": ""2018-12-05"", ""end"": ""2019-12-01"", ""count"": 9}, ""Canada"": {""start"": ""2018-09-12"", ""end"": ""2019-04-07"", ""count"": 12}, ""AB"": {""start"": ""2019-03-02"", ""end"": ""2019-03-10"", ""count"": 9}, ""Canada 2"": {""start"": ""2019-05-08"", ""end"": ""2019-05-12"", ""count"": 5}, ""CA (Koe)"": {""start"": ""2020-02-29"", ""end"": ""2020-03-07"", ""count"": 8}, ""SK (Flasch)"": {""start"": ""2022-03-04"", ""end"": ""2022-03-12"", ""count"": 8}, ""McEwen"": {""start"": ""2023-09-28"", ""end"": ""2025-04-12"", ""count"": 47}, ""SK (McEwen)"": {""start"": ""2024-03-01"", ""end"": ""2025-03-07"", ""count"": 17}}",Right,1991,"Biggar, SK","Calgary, AB","Construction worker, K&S Contracting",Biggar central school 2000,University of Saskatchewan,96.80%,91.20%,91.70%,90.90%,79.10%,82.70%,79.20%,76.00%,84.20%,84.30%,79.20%,79.40%,89.60%,93.20%,72.10%,69.00%,77.20%,76.10%,,0.00%,67.90%,77.90%,,92.90%,93.10%,97.50%,83.10%,86.90%,72.50%,67.90%,76.50%,91.70%,87.50%,90.80%,89.50%,92.90%,52.30%,42.30%,79.40%,88.90%,,,25.00%,65.00%,1.13,0.29,919,857,36,36.5,20,16.1,19.9,65,8,12.3,97,3,3.1,,,,,,,,,,,,,,,,,,,,,,,,,,,,,,,84.80%,78.20%,89.00%,86.70%,79.80%,72.10%,84.60%,88.30%,82.60%,82.60%,84.50%,81.40%,87.10%,80.00%,76.10%,75.10%,82.50%,82.50%,81.70%,83.50%,85.40%,85.70%,Wick CCW,0,Guard CW,91.7
Colton Lott,85.60%,85.70%,85.70%,88.90%,3314,"{""Third"": {""start"": ""2013-02-28"", ""end"": ""2025-04-12"", ""count"": 65}, ""Lead"": {""start"": ""2022-03-05"", ""end"": ""2022-03-11"", ""count"": 7}, ""Second"": {""start"": ""2022-03-07"", ""end"": ""2024-11-29"", ""count"": 94}}","{""CAN"": {""start"": ""2013-02-28"", ""end"": ""2015-03-02"", ""count"": 11}, ""MB"": {""start"": ""2016-01-23"", ""end"": ""2016-01-31"", ""count"": 9}, ""CAN (Dunstone)"": {""start"": ""2016-03-07"", ""end"": ""2016-03-07"", ""count"": 1}, ""Simmons"": {""start"": ""2017-11-07"", ""end"": ""2021-10-31"", ""count"": 11}, ""Dunstone"": {""start"": ""2021-11-20"", ""end"": ""2025-04-12"", ""count"": 92}, ""Epping"": {""start"": ""2021-04-15"", ""end"": ""2021-04-24"", ""count"": 7}, ""MB (McEwen)"": {""start"": ""2022-03-05"", ""end"": ""2022-03-11"", ""count"": 7}, ""MB (Dunstone)"": {""start"": ""2023-03-04"", ""end"": ""2025-03-09"", ""count"": 19}, ""MB-D (Dunstone)"": {""start"": ""2024-03-02"", ""end"": ""2024-03-09"", ""count"": 8}}",Right,1995,,,,,,94.90%,94.60%,92.70%,91.40%,82.30%,81.40%,82.50%,80.60%,86.30%,89.00%,82.20%,84.30%,92.40%,91.20%,82.00%,79.00%,78.30%,84.90%,,75.00%,77.00%,81.20%,93.20%,91.70%,93.00%,98.80%,86.30%,87.50%,73.70%,80.00%,96.70%,92.60%,90.40%,85.70%,95.30%,90.90%,88.90%,69.40%,88.50%,91.70%,,62.50%,,,1.23,0.35,776,836,39.7,32.5,23.3,15.5,24.2,54,11,20.4,102,6,5.9,,,,,,,,,,,,,,,,,,,,,,,,,,,75.90%,86.30%,,,,100.00%,80.00%,89.80%,84.20%,78.70%,,,,,,,84.90%,83.80%,87.90%,86.00%,85.90%,85.90%,83.90%,86.90%,87.50%,86.40%,Wick CCW,75,Guard CW,92.7
Connor Njegovan,90.10%,90.10%,90.10%,84.70%,3288,"{""Lead"": {""start"": ""2017-11-07"", ""end"": ""2025-04-12"", ""count"": 151}, ""Second"": {""start"": ""2022-03-09"", ""end"": ""2023-03-09"", ""count"": 7}}","{""Gunnlaugson"": {""start"": ""2017-11-07"", ""end"": ""2022-05-07"", ""count"": 28}, ""Canada"": {""start"": ""2018-12-05"", ""end"": ""2018-12-08"", ""count"": 3}, ""J. Gunnlaugson"": {""start"": ""2019-02-10"", ""end"": ""2019-02-10"", ""count"": 1}, ""MB (Gunnlaugson)"": {""start"": ""2020-02-29"", ""end"": ""2020-03-06"", ""count"": 7}, ""Gunnlaugsson"": {""start"": ""2020-02-09"", ""end"": ""2020-02-09"", ""count"": 1}, ""MB (Gunnlaugson"": {""start"": ""2021-03-06"", ""end"": ""2021-03-13"", ""count"": 7}, ""Gunnlaugso"": {""start"": ""2021-04-15"", ""end"": ""2021-10-31"", ""count"": 15}, ""WC3 (Gunnlaugs)"": {""start"": ""2022-03-05"", ""end"": ""2022-03-11"", ""count"": 7}, ""Carruthers"": {""start"": ""2022-09-22"", ""end"": ""2024-11-29"", ""count"": 60}, ""WC2 (Carruthers)"": {""start"": ""2023-03-04"", ""end"": ""2023-03-09"", ""count"": 6}, ""MB-C (Carruthers)"": {""start"": ""2024-03-02"", ""end"": ""2024-03-08"", ""count"": 6}, ""Jacobs"": {""start"": ""2024-04-09"", ""end"": ""2025-04-12"", ""count"": 8}, ""MB (Carruthers)"": {""start"": ""2025-02-28"", ""end"": ""2025-03-08"", ""count"": 8}}",Right,,,,,,,95.60%,94.90%,95.20%,91.10%,88.00%,87.90%,75.50%,85.10%,90.50%,90.50%,79.70%,70.60%,93.80%,86.80%,81.80%,69.70%,73.10%,84.50%,75.00%,60.50%,,,97.90%,96.60%,94.40%,88.90%,92.50%,93.20%,68.80%,87.50%,87.50%,95.80%,,25.00%,,,,,,,75.00%,52.30%,,,0.99,0.26,815,772,30.2,32.8,19,19.9,10.3,82,15,18.3,57,3,5.3,,,,,,,,,,,,,,,,,,,,,,,,,,,,,,,,,,,91.20%,88.00%,88.10%,50.00%,70.30%,43.80%,92.60%,88.10%,89.60%,80.50%,93.00%,84.90%,92.10%,84.30%,91.40%,83.00%,90.20%,90.50%,Wick CCW,60.5,Guard CW,95.2
Corey Chester,80.50%,75.10%,77.80%,75.70%,327,"{""Fourth"": {""start"": ""2016-03-20"", ""end"": ""2016-03-23"", ""count"": 4}, ""Third"": {""start"": ""2022-03-05"", ""end"": ""2022-03-05"", ""count"": 1}, ""Second"": {""start"": ""2022-03-06"", ""end"": ""2025-03-06"", ""count"": 9}}","{""VIC"": {""start"": ""2016-03-20"", ""end"": ""2016-03-23"", ""count"": 4}, ""BC (Pierce)"": {""start"": ""2022-03-05"", ""end"": ""2022-03-10"", ""count"": 3}, ""BC (de Jong)"": {""start"": ""2025-02-28"", ""end"": ""2025-03-06"", ""count"": 7}}",Right,1992,"Victoria, BC","Victoria, BC",,,UVIC,92.50%,50.00%,84.30%,91.70%,79.50%,69.10%,56.20%,85.00%,84.40%,75.90%,73.60%,85.00%,82.10%,82.80%,67.30%,67.90%,,66.70%,,,,,95.80%,,50.00%,87.50%,56.20%,,,75.00%,90.00%,54.20%,50.00%,,,,25.00%,,,,,,,,1,0.36,76,84,27.6,39.3,21.4,25,2.6,10,2,20,8,1,12.5,,,,,,,,,,,,,,,,,,,,,,,,,,,,,,,,,66.90%,75.00%,,,,,,,,,,,100.00%,65.60%,,,,,85.70%,82.60%,Freeze CW,56.2,Guard CCW,91.7
Corryn Brown,76.60%,72.90%,74.60%,70.20%,1528,"{""Fourth"": {""start"": ""2013-02-28"", ""end"": ""2024-10-04"", ""count"": 59}}","{""CAN"": {""start"": ""2013-02-28"", ""end"": ""2013-03-07"", ""count"": 7}, ""TRU"": {""start"": ""2016-03-20"", ""end"": ""2018-03-28"", ""count"": 9}, ""BC (Brown)"": {""start"": ""2017-01-21"", ""end"": ""2024-02-22"", ""count"": 27}, ""Brown"": {""start"": ""2021-10-25"", ""end"": ""2024-10-04"", ""count"": 16}}",Right,1995,"Kamloops, BC","Kamloops, BC",,,Thompson Rivers University,,,81.50%,82.70%,73.10%,71.90%,79.20%,63.50%,79.20%,76.60%,77.60%,71.80%,94.20%,94.40%,56.40%,52.00%,74.10%,57.70%,,,,75.00%,,,70.00%,90.60%,68.80%,79.00%,41.70%,50.00%,73.30%,73.10%,83.30%,79.20%,75.00%,50.00%,42.90%,37.50%,,50.00%,,,,,1.14,0.38,358,390,32.1,36.4,24.6,24.3,7.8,32,4,12.5,44,2,4.5,,,,,,,,,,,,,,,,,,,,,,,,,,,69.40%,74.70%,,,,,79.30%,75.50%,70.50%,78.20%,72.90%,77.40%,,,67.50%,73.80%,74.70%,73.20%,,,,,80.30%,75.40%,,,Double CCW,52,Guard CCW,82.7
Cory Thiesse,80.40%,81.30%,80.80%,75.10%,1544,"{""Third"": {""start"": ""2022-10-30"", ""end"": ""2025-03-21"", ""count"": 59}, ""Second"": {""start"": ""2023-04-11"", ""end"": ""2023-04-15"", ""count"": 4}, ""Fourth"": {""start"": ""2024-10-01"", ""end"": ""2024-10-31"", ""count"": 9}}","{""Peterson"": {""start"": ""2022-12-06"", ""end"": ""2024-01-20"", ""count"": 31}, ""United States"": {""start"": ""2022-10-30"", ""end"": ""2022-11-05"", ""count"": 7}, ""USA (Peterson)"": {""start"": ""2023-03-18"", ""end"": ""2025-03-21"", ""count"": 21}, ""T. Peterson"": {""start"": ""2024-10-01"", ""end"": ""2024-10-04"", ""count"": 4}, ""USA (Thiesse)"": {""start"": ""2024-10-27"", ""end"": ""2024-10-31"", ""count"": 5}}",Right,1995,"Duluth, MN","Duluth, MN","Student, Dick's Sporting Goods",Duluth East High School,University of Minnesota-Duluth,88.80%,,83.90%,88.10%,79.70%,78.30%,75.00%,68.30%,83.80%,84.80%,78.70%,80.50%,87.70%,90.30%,67.20%,71.10%,69.40%,65.90%,,,76.20%,67.60%,50.00%,,97.20%,90.90%,81.80%,83.30%,,50.00%,91.70%,82.60%,75.00%,71.90%,91.70%,97.40%,47.20%,57.10%,75.00%,58.30%,,,50.00%,50.00%,1.16,0.38,349,383,33.2,29.8,24.8,23.8,9.4,40,8,20,42,5,11.9,,,,,,,,,,,,,,,,,,,,,,,,,,,,,,,,,,,,,,,,,,,,,80.70%,82.20%,81.50%,80.70%,80.90%,79.50%,81.90%,80.80%,Raise CCW,65.9,Guard CCW,88.1
Courtney Auld,69.30%,69.90%,69.60%,71.90%,446,"{""Fourth"": {""start"": ""2016-01-23"", ""end"": ""2023-03-18"", ""count"": 11}, ""Third"": {""start"": ""2018-03-24"", ""end"": ""2018-03-27"", ""count"": 4}}","{""ON"": {""start"": ""2016-01-23"", ""end"": ""2016-01-29"", ""count"": 7}, ""QUE"": {""start"": ""2018-03-24"", ""end"": ""2018-03-27"", ""count"": 4}, ""TMU - W"": {""start"": ""2023-03-15"", ""end"": ""2023-03-18"", ""count"": 4}}",Right,1998,"Toronto, ON","Toronto, ON",Student,,,81.20%,43.80%,82.10%,79.50%,65.80%,64.60%,55.00%,65.60%,67.50%,73.30%,75.00%,75.00%,85.40%,87.50%,72.50%,73.20%,54.50%,60.00%,,,,,83.30%,33.30%,,,70.00%,75.00%,,75.00%,66.70%,50.00%,62.50%,,37.50%,,75.00%,75.00%,75.00%,,,,,,1.11,0.41,114,107,35.1,35.5,26.2,33.3,1.8,12,2,16.7,8,0,0,,,,,,,,,,,,,,,,,,,,,,,,,,,,,,,,,67.50%,71.30%,,,70.80%,74.70%,,,,,,,,,64.20%,68.60%,,,,,Raise CW,54.5,Guard CW,82.1
Courtney Smith,68.80%,63.60%,66.30%,63.40%,325,"{""Third"": {""start"": ""2018-03-24"", ""end"": ""2024-03-22"", ""count"": 11}}","{""NIA"": {""start"": ""2018-03-24"", ""end"": ""2018-03-27"", ""count"": 4}, ""NZL (Smith)"": {""start"": ""2024-03-16"", ""end"": ""2024-03-22"", ""count"": 7}}",Right,,,,,,,92.90%,,63.90%,75.00%,68.40%,56.90%,,0.00%,67.50%,65.50%,83.30%,69.70%,64.30%,77.50%,56.90%,50.00%,66.70%,31.20%,,,50.00%,85.00%,,,56.20%,,75.00%,58.30%,,,55.00%,41.70%,62.50%,0.00%,,62.50%,,,,50.00%,,,,,0.9,0.26,80,77,23.8,28.6,22.1,31.2,-7.4,13,3,23.1,7,2,28.6,,,,,,,,,,,,,,,,,,,,,,,,,,,,,,,,,,,,,62.50%,69.90%,,,,,,,,,,,67.10%,64.40%,,,Freeze CCW,0,Promotion CCW,85
Craig Burgess,87.30%,79.60%,84.00%,89.40%,200,"{""Third"": {""start"": ""2002-03-09"", ""end"": ""2002-03-14"", ""count"": 6}}","{""NS (Adams)"": {""start"": ""2002-03-09"", ""end"": ""2002-03-14"", ""count"": 6}}",Right,1968,"Truro, NS","Truro, NS","Recreation Director, Colchester County",,,,,96.20%,62.50%,72.40%,78.60%,70.80%,77.80%,87.50%,78.10%,88.60%,88.90%,98.80%,90.60%,70.80%,71.90%,91.70%,62.50%,,,,,,,91.70%,,,58.30%,,,,83.30%,,,,,,,75.00%,75.00%,,,,,1.09,0.16,54,43,35.2,41.9,11.6,24.1,11.1,4,1,25,5,0,0,,,,,81.60%,85.40%,,,,,,,,,,,,,,,,,,,,,,,,,,,,,,,,,,,,,,,,,,,,,,,Guard CCW,62.5,Guard CW,96.2
Craig Savill,89.00%,89.50%,89.30%,91.80%,2290,"{""Second"": {""start"": ""2002-03-09"", ""end"": ""2011-03-09"", ""count"": 11}, ""Lead"": {""start"": ""2006-03-11"", ""end"": ""2019-03-01"", ""count"": 70}}","{""ON (Morris)"": {""start"": ""2002-03-09"", ""end"": ""2002-03-17"", ""count"": 9}, ""ONT (Howard)"": {""start"": ""2006-03-11"", ""end"": ""2006-03-19"", ""count"": 8}, ""ON (Howard)"": {""start"": ""2007-03-03"", ""end"": ""2016-03-10"", ""count"": 50}, ""ONT (G.Howard)"": {""start"": ""2009-03-07"", ""end"": ""2009-03-14"", ""count"": 8}, ""Epping"": {""start"": ""2018-12-05"", ""end"": ""2019-03-01"", ""count"": 4}}",Right,1979,"Lahr, GER","Kanata, ON","Owner / Real Estate Appraiser, Savill Appraisal Services","AY Jackson SS (Kanata, ON)",University of Western Ontario,96.10%,94.40%,92.40%,90.00%,88.60%,89.80%,82.50%,85.00%,85.50%,88.40%,85.00%,81.10%,79.50%,95.10%,56.20%,78.10%,84.50%,79.40%,75.00%,64.70%,,,96.20%,98.50%,,91.70%,91.00%,96.00%,,95.80%,,87.50%,,,,94.60%,,,,75.00%,50.00%,68.30%,,,1.33,0.36,526,613,41.3,38.5,24.6,12.5,28.8,20,4,20,83,3,3.6,,,,,80.20%,87.80%,,,,,,,88.20%,79.20%,92.90%,83.60%,91.10%,89.40%,89.60%,80.60%,90.50%,82.60%,92.40%,88.40%,90.40%,78.00%,95.60%,76.10%,,,,,100.00%,,,,87.50%,76.90%,100.00%,100.00%,,,,,,,,,,,,,Double CW,56.2,Guard CW,92.4
Craig Waddell,86.90%,88.60%,88.20%,86.00%,562,"{""Lead"": {""start"": ""2021-10-19"", ""end"": ""2024-04-13"", ""count"": 18}, ""Second"": {""start"": ""2024-11-27"", ""end"": ""2024-11-30"", ""count"": 3}, ""Third"": {""start"": ""2024-10-01"", ""end"": ""2024-10-05"", ""count"": 5}}","{""Paterson"": {""start"": ""2021-10-19"", ""end"": ""2021-11-04"", ""count"": 5}, ""Scotland"": {""start"": ""2022-04-02"", ""end"": ""2022-04-09"", ""count"": 8}, ""Whyte"": {""start"": ""2024-04-09"", ""end"": ""2024-11-30"", ""count"": 8}, ""Waddell"": {""start"": ""2024-10-01"", ""end"": ""2024-10-05"", ""count"": 5}}",Right,,,,,,,97.60%,91.70%,90.60%,87.00%,84.30%,91.50%,81.20%,72.70%,88.90%,89.60%,84.10%,65.00%,75.00%,96.90%,75.00%,75.00%,82.50%,86.40%,,0.00%,72.20%,60.00%,,98.70%,,,91.70%,93.40%,,62.50%,83.30%,,,,,,,,75.00%,,,0.00%,,,0.98,0.32,133,140,28.6,28.6,23.6,22.6,6,13,1,7.7,12,1,8.3,,,,,,,,,,,,,,,,,,,,,,,,,,,,,,,,,,,,,,,,,,,85.70%,75.00%,90.50%,77.70%,,,92.90%,83.70%,,,Wick CCW,0,Draw CCW,91.5
Cynthia St-georges,76.60%,79.70%,78.00%,77.70%,965,"{""Third"": {""start"": ""2016-01-23"", ""end"": ""2019-01-25"", ""count"": 23}, ""Second"": {""start"": ""2018-01-13"", ""end"": ""2018-01-13"", ""count"": 1}, ""Lead"": {""start"": ""2021-02-20"", ""end"": ""2022-02-03"", ""count"": 14}}","{""QC"": {""start"": ""2016-01-23"", ""end"": ""2019-01-25"", ""count"": 23}, ""QC (St-Georges)"": {""start"": ""2021-02-20"", ""end"": ""2022-02-03"", ""count"": 14}}",Right,2001,"Laval, QC","Laval, QC",Student,Ecole Georges-Vanier,Montmorency college,88.90%,87.80%,85.70%,90.00%,68.80%,74.80%,66.70%,65.40%,79.10%,81.80%,72.70%,79.10%,87.20%,81.90%,71.20%,77.80%,79.20%,75.00%,19.40%,55.00%,,,89.70%,82.10%,79.20%,,69.40%,80.00%,50.00%,75.00%,91.70%,85.70%,50.00%,75.00%,93.80%,92.50%,,,,,7.10%,,,,1.08,0.49,217,244,34.1,29.9,29.5,21.7,12.4,20,6,30,26,1,3.8,,,,,,,,,,,,,,,,,,,,,,,,,,,,,,,,,71.30%,73.90%,,,80.10%,85.50%,77.80%,76.40%,,,79.00%,66.00%,78.60%,85.50%,,,,,,,Wick CW,19.4,Guard CCW,90
Dale Ness,87.20%,88.10%,87.40%,93.40%,395,"{""Lead"": {""start"": ""2001-03-03"", ""end"": ""2003-03-06"", ""count"": 13}}","{""QC (Hemmings)"": {""start"": ""2001-03-03"", ""end"": ""2001-03-09"", ""count"": 7}, ""QUE (Hemmings)"": {""start"": ""2003-03-01"", ""end"": ""2003-03-06"", ""count"": 6}}",Left,1971,"Howick, QC",,,,,96.10%,95.10%,86.10%,81.20%,84.30%,82.20%,81.20%,88.50%,76.60%,90.00%,77.80%,,81.80%,87.50%,75.00%,70.00%,85.70%,85.00%,,,,,92.90%,,75.00%,,83.90%,87.50%,,,,,,,,75.00%,,,,,,,,,1.18,0.45,92,103,33.7,33,29.1,15.2,18.5,7,0,0,12,0,0,,,92.00%,85.30%,,,85.70%,78.80%,,,,,,,,,,,,,,,,,,,,,,,,,,,,,,,,,,,,,,,,,,,,,Double CCW,70,Take-out CCW,90
Dallan Muyres,89.10%,88.70%,88.90%,73.60%,1273,"{""Lead"": {""start"": ""2011-03-05"", ""end"": ""2019-03-08"", ""count"": 41}, ""Second"": {""start"": ""2011-03-09"", ""end"": ""2011-03-09"", ""count"": 1}}","{""Sask (Laycock)"": {""start"": ""2011-03-05"", ""end"": ""2011-03-10"", ""count"": 6}, ""Laycock"": {""start"": ""2015-12-02"", ""end"": ""2017-12-08"", ""count"": 15}, ""SK (Laycock)"": {""start"": ""2016-03-05"", ""end"": ""2016-03-10"", ""count"": 6}, ""SK"": {""start"": ""2018-03-03"", ""end"": ""2019-03-08"", ""count"": 14}}",Right,1987,"Humboldt, SK","Saskatoon, SK","CAD/Design Engineering Technologist, Saskatchewan Research Council",Muenster,SIAST - Kelsey,96.40%,95.60%,81.60%,83.30%,87.70%,87.30%,81.10%,79.80%,90.70%,86.70%,85.00%,85.00%,25.00%,33.30%,87.50%,,79.30%,76.30%,54.70%,68.80%,,,,96.10%,,,95.50%,95.50%,,50.00%,33.30%,50.00%,50.00%,,,50.00%,,,75.00%,,60.40%,75.00%,,,0.97,0.24,311,311,25.7,30.9,19,18.3,7.4,29,4,13.8,21,4,19,,,,,,,,,,,,,,,,,,,,,,,89.90%,75.80%,,,,,,,94.50%,77.30%,90.80%,75.80%,85.50%,82.90%,89.10%,88.40%,92.80%,85.70%,,,,,,,,,,,,,Wick CW,54.7,Take-out CW,90.7
Dan Kammerlock,78.70%,77.50%,78.00%,88.30%,190,"{""Third"": {""start"": ""2008-03-08"", ""end"": ""2008-03-13"", ""count"": 6}}","{""MB (Butnyk)"": {""start"": ""2008-03-08"", ""end"": ""2008-03-13"", ""count"": 6}}",Right,1984,"Winnipeg, MB","Winnipeg, MB","Education/Kinesiology Student, University of Winnipeg",,,,,75.00%,82.10%,84.70%,83.00%,60.00%,77.10%,89.80%,70.50%,75.00%,82.70%,78.60%,77.30%,67.90%,71.90%,50.00%,62.50%,,,,,,,,,37.50%,91.70%,50.00%,,,,,,91.70%,,,,,,,,,,0.93,0.4,40,53,25,26.4,35.8,27.5,-2.5,5,0,0,5,0,0,,,,,,,,,,,,,,,,,81.00%,76.10%,,,,,,,,,,,,,,,,,,,,,,,,,,,,,,,,,,,Raise CW,50,Take-out CW,89.8
Dana Ferguson,80.90%,80.30%,80.60%,81.50%,1803,"{""Second"": {""start"": ""2015-12-02"", ""end"": ""2022-10-18"", ""count"": 68}, ""Lead"": {""start"": ""2021-02-21"", ""end"": ""2022-02-01"", ""count"": 3}}","{""Sweeting"": {""start"": ""2015-12-02"", ""end"": ""2017-12-08"", ""count"": 16}, ""Carey"": {""start"": ""2017-08-26"", ""end"": ""2019-11-30"", ""count"": 9}, ""AB (Carey)"": {""start"": ""2019-02-16"", ""end"": ""2019-02-24"", ""count"": 9}, ""Canada"": {""start"": ""2019-03-16"", ""end"": ""2019-03-22"", ""count"": 7}, ""CA (Carey)"": {""start"": ""2020-02-15"", ""end"": ""2020-02-21"", ""count"": 7}, ""Rocque"": {""start"": ""2021-10-19"", ""end"": ""2022-10-18"", ""count"": 19}, ""AB (Walker)"": {""start"": ""2021-02-21"", ""end"": ""2022-02-01"", ""count"": 4}}",Left,1987,"St. Albert, AB","Edmonton, AB","Curling Development Coach, Saville Community Sports Centre",,,94.40%,88.80%,90.20%,80.70%,70.90%,74.60%,72.10%,75.60%,82.10%,80.60%,79.10%,78.30%,89.50%,90.20%,75.80%,67.10%,72.10%,85.20%,,,68.80%,50.00%,92.50%,93.80%,,77.10%,60.00%,72.70%,78.60%,75.00%,93.20%,80.00%,85.00%,87.50%,92.20%,92.00%,75.00%,50.00%,67.90%,93.80%,,,,,1.07,0.33,437,438,30.2,35.4,21.7,21.3,8.9,39,7,17.9,39,4,10.3,,,,,,,,,,,,,,,,,,,,,,,,,,,,,,,71.70%,85.50%,66.10%,81.10%,85.80%,80.80%,77.70%,79.10%,81.00%,83.60%,79.10%,82.10%,81.40%,79.00%,50.00%,82.90%,,,,,,,Promotion CCW,50,Guard CW,90.2
Daniel Casper,82.60%,79.30%,81.10%,68.70%,310,"{""Fourth"": {""start"": ""2022-05-15"", ""end"": ""2024-10-05"", ""count"": 17}, ""Lead"": {""start"": ""2024-10-04"", ""end"": ""2024-10-05"", ""count"": 2}}","{""USA (Casper)"": {""start"": ""2022-05-15"", ""end"": ""2023-01-21"", ""count"": 4}, ""Casper"": {""start"": ""2023-10-17"", ""end"": ""2024-10-05"", ""count"": 14}}",Right,,,,,,,,,75.00%,94.40%,79.50%,82.70%,91.70%,68.80%,82.70%,81.10%,81.00%,81.00%,,,87.50%,68.20%,83.90%,41.70%,,,,50.00%,,,,,96.40%,60.70%,,50.00%,70.80%,,0.00%,83.30%,,,,25.00%,,50.00%,,,,25.00%,1.25,0.26,76,77,40.8,36.4,23.4,18.4,22.4,6,2,33.3,9,1,11.1,,,,,,,,,,,,,,,,,,,,,,,,,,,,,,,,,,,,,,,,,,,,,64.50%,60.00%,88.10%,84.50%,81.90%,82.40%,,,Raise CCW,41.7,Guard CCW,94.4
Daniel Grant,86.20%,86.00%,86.10%,96.30%,244,"{""Second"": {""start"": ""2013-02-28"", ""end"": ""2013-03-10"", ""count"": 10}}","{""CAN"": {""start"": ""2013-02-28"", ""end"": ""2013-03-10"", ""count"": 10}}",Right,1993,"Winnipeg, MB","Winnipeg, MB",,,,,,79.20%,92.90%,92.30%,76.70%,,,92.00%,85.30%,87.50%,84.40%,88.10%,92.40%,63.60%,80.00%,62.50%,90.00%,,,82.10%,25.00%,,,,,,,,,,,,,81.20%,88.90%,,,,,,,,,1.06,0.15,65,53,35.4,43.4,13.2,16.9,18.5,2,0,0,8,1,12.5,,,,,,,,,,,,,,,,,,,,,,,,,,,87.70%,85.50%,,,,,,,,,,,,,,,,,,,,,,,,,Promotion CCW,25,Guard CCW,92.9
Daniel Herberg,81.20%,83.00%,82.30%,82.20%,956,"{""Third"": {""start"": ""2004-04-25"", ""end"": ""2018-04-05"", ""count"": 5}, ""Second"": {""start"": ""2010-02-19"", ""end"": ""2018-04-06"", ""count"": 29}}","{""GER"": {""start"": ""2004-04-25"", ""end"": ""2010-02-22"", ""count"": 5}, ""Germany"": {""start"": ""2016-11-19"", ""end"": ""2018-04-06"", ""count"": 29}}",Right,1974,"Oberstdorf, GER","Oberstdorf, GER",,,,95.60%,97.80%,93.50%,87.50%,73.60%,80.60%,91.70%,50.00%,82.80%,83.30%,78.40%,81.50%,85.00%,89.30%,76.10%,65.40%,62.50%,68.80%,,,68.20%,65.80%,,95.00%,90.00%,87.50%,81.20%,85.30%,75.00%,,,75.00%,,75.00%,88.60%,87.50%,0.00%,,75.00%,,,,,,0.87,0.2,243,230,23.5,34.8,15.2,25.1,-1.6,28,4,14.3,9,1,11.1,,,,,,,,,70.50%,72.20%,,,,,,,,,,,75.00%,65.30%,,,,,,,,,,,82.10%,82.30%,86.20%,82.40%,87.90%,82.10%,,,,,,,,,,,,,,,Freeze CCW,50,Guard CW,93.5
Daniel Marsh,88.90%,90.40%,89.70%,82.10%,1736,"{""Second"": {""start"": ""2017-11-07"", ""end"": ""2019-03-08"", ""count"": 10}, ""Lead"": {""start"": ""2021-10-26"", ""end"": ""2025-03-07"", ""count"": 70}}","{""Flasch"": {""start"": ""2017-11-07"", ""end"": ""2023-01-12"", ""count"": 28}, ""SK"": {""start"": ""2019-03-02"", ""end"": ""2019-03-08"", ""count"": 7}, ""SK (Flasch)"": {""start"": ""2022-03-04"", ""end"": ""2022-03-12"", ""count"": 8}, ""McEwen"": {""start"": ""2023-09-28"", ""end"": ""2024-04-13"", ""count"": 20}, ""SK (McEwen)"": {""start"": ""2024-03-01"", ""end"": ""2025-03-07"", ""count"": 17}}",Right,1989,"Regina, SK","Saskatoon , SK",,,,95.50%,97.10%,86.20%,95.00%,87.20%,90.30%,88.50%,77.20%,86.40%,84.20%,76.90%,81.80%,89.00%,94.80%,82.10%,78.80%,72.10%,76.40%,76.40%,66.30%,,,98.50%,99.30%,75.00%,,87.50%,85.60%,75.00%,54.20%,,,,75.00%,,75.00%,,50.00%,,,62.50%,57.50%,,,1.06,0.33,434,410,31.6,31,22.9,18.2,13.4,37,3,8.1,46,4,8.7,,,,,,,,,,,,,,,,,,,,,,,,,,,,,,,,,,,87.50%,86.00%,,,83.00%,84.60%,,,89.30%,76.80%,92.20%,79.40%,92.10%,76.90%,93.40%,79.90%,93.90%,81.20%,Wick CCW,66.3,Guard CCW,95
Daniel Neuner,75.20%,75.30%,75.30%,72.60%,417,"{""Lead"": {""start"": ""2018-11-17"", ""end"": ""2018-11-20"", ""count"": 4}, ""Second"": {""start"": ""2018-11-20"", ""end"": ""2019-04-05"", ""count"": 8}, ""Third"": {""start"": ""2019-03-30"", ""end"": ""2019-04-01"", ""count"": 3}}","{""Germany"": {""start"": ""2018-11-17"", ""end"": ""2019-04-05"", ""count"": 14}}",Right,1988,"Garmisch-Partenkirchen, GER",,,,,82.40%,92.30%,82.60%,81.80%,75.40%,69.40%,,,71.90%,79.50%,65.60%,71.60%,91.10%,89.30%,68.80%,61.80%,46.40%,87.50%,0.00%,,68.80%,37.50%,85.70%,,66.70%,,83.30%,75.00%,,,,,,0.00%,,,50.00%,,,83.30%,0.00%,,,,1.06,0.18,97,105,28.9,26.7,16.2,19.6,9.3,14,0,0,5,0,0,,,,,,,,,,,,,,,,,,,,,,,,,,,,,,,,,,,,,80.70%,73.90%,74.40%,71.20%,,,,,,,,,,,,,Wick CW,0,Raise CCW,87.5
Daniel Wenzek,76.60%,81.90%,79.60%,84.40%,354,"{""Third"": {""start"": ""2016-01-23"", ""end"": ""2016-01-30"", ""count"": 8}, ""Fourth"": {""start"": ""2018-03-24"", ""end"": ""2018-03-28"", ""count"": 5}}","{""BC"": {""start"": ""2016-01-23"", ""end"": ""2016-01-30"", ""count"": 8}, ""DOU"": {""start"": ""2018-03-24"", ""end"": ""2018-03-28"", ""count"": 5}}",Right,1995,"Burnaby, BC","New Westminster, BC",,,,,,72.50%,98.20%,77.10%,80.80%,8.30%,79.20%,75.00%,84.10%,76.70%,69.60%,93.20%,93.40%,87.50%,66.70%,81.20%,18.80%,,,,,,,25.00%,,87.50%,91.70%,,87.50%,75.00%,89.30%,91.70%,,87.50%,87.50%,75.00%,,,,,,,,1.12,0.6,85,90,31.8,34.4,33.3,21.2,10.6,4,1,25,16,0,0,,,,,,,,,,,,,,,,,,,,,,,,,,,,,,,,,84.30%,81.10%,,,75.80%,76.90%,,,,,,,,,,,,,,,Freeze CW,8.3,Guard CCW,98.2
Daniela Jentsch,71.70%,76.90%,74.70%,70.30%,2616,"{""Fourth"": {""start"": ""2016-11-19"", ""end"": ""2023-03-24"", ""count"": 97}}","{""Germany"": {""start"": ""2016-11-19"", ""end"": ""2022-11-23"", ""count"": 79}, ""Jentsch"": {""start"": ""2022-04-12"", ""end"": ""2022-10-21"", ""count"": 11}, ""GER (Jentsch)"": {""start"": ""2023-03-18"", ""end"": ""2023-03-24"", ""count"": 7}}",Right,1982,,,,,,90.00%,96.90%,84.00%,83.30%,70.80%,74.30%,54.40%,50.00%,78.70%,84.60%,73.70%,72.30%,86.60%,90.60%,66.90%,68.50%,58.10%,55.80%,50.00%,91.70%,40.70%,67.50%,,,79.20%,75.00%,73.60%,68.60%,62.50%,25.00%,86.10%,83.90%,70.80%,68.80%,75.00%,,75.00%,62.50%,91.70%,41.70%,0.00%,,25.00%,81.20%,1.04,0.31,669,639,29,32.1,20.8,22.6,6.4,75,14,18.7,52,5,9.6,,,,,,,,,,,,,,,,,,,,,,,,,,,,,,,,,76.80%,77.10%,68.80%,76.80%,74.20%,75.60%,75.70%,76.10%,,,76.20%,74.60%,74.50%,73.50%,67.00%,75.50%,,,,,Promotion CW,40.7,Wick CCW,91.7
Daniele Ferrazza,78.30%,81.70%,80.30%,68.30%,1171,"{""Second"": {""start"": ""2013-02-28"", ""end"": ""2017-11-23"", ""count"": 14}, ""Lead"": {""start"": ""2016-11-20"", ""end"": ""2018-04-05"", ""count"": 30}}","{""ITA"": {""start"": ""2013-02-28"", ""end"": ""2014-11-28"", ""count"": 13}, ""Italy"": {""start"": ""2016-11-20"", ""end"": ""2017-12-10"", ""count"": 20}, ""ITA (Retornaz)"": {""start"": ""2018-02-14"", ""end"": ""2018-04-05"", ""count"": 11}}",Right,1993,,,,,,90.50%,91.70%,75.00%,72.80%,73.30%,80.60%,,50.00%,75.00%,78.00%,72.70%,73.60%,75.00%,86.80%,72.10%,63.10%,63.80%,79.50%,,50.00%,66.70%,62.50%,86.00%,90.20%,0.00%,55.00%,71.20%,81.20%,,,,75.00%,,,83.30%,83.30%,,,,50.00%,,44.40%,,,0.95,0.22,312,266,27.6,35.3,16.5,19.6,8,27,4,14.8,18,0,0,,,,,,,,,,,,,,,,,,,,,,,,,,,78.20%,74.00%,79.40%,77.20%,,,85.00%,64.00%,83.00%,72.60%,83.80%,77.90%,,,,,,,,,,,,,,,Freeze CCW,50,Draw CCW,80.6
Danielle Derry,71.80%,79.00%,75.70%,86.50%,365,"{""Second"": {""start"": ""2016-02-19"", ""end"": ""2017-02-24"", ""count"": 11}}","{""NT (Galusha)"": {""start"": ""2016-02-19"", ""end"": ""2017-02-24"", ""count"": 11}}",Right,,,,,,,84.40%,92.00%,79.20%,91.70%,64.20%,65.00%,62.50%,62.50%,82.80%,80.30%,58.90%,79.00%,84.00%,83.30%,64.30%,66.70%,45.80%,80.00%,,,,,0.00%,91.70%,,,,87.50%,87.50%,87.50%,,,,,87.50%,80.60%,,,75.00%,,,,,,1.1,0.4,80,96,31.2,36.5,25,20,11.2,10,3,30,7,0,0,,,,,,,,,,,,,,,,,,,,,,,,,,,,,,,,,66.10%,80.10%,73.40%,77.90%,,,,,,,,,,,,,,,,,Raise CW,45.8,Guard CCW,91.7
Danielle Hubbard,70.90%,66.20%,68.60%,80.60%,189,"{""Second"": {""start"": ""2017-01-21"", ""end"": ""2017-01-27"", ""count"": 7}}","{""NB (Crook)"": {""start"": ""2017-01-21"", ""end"": ""2017-01-27"", ""count"": 7}}",Right,,,,,,,,,,68.80%,62.50%,55.70%,71.90%,42.90%,75.00%,72.10%,80.00%,59.10%,73.20%,79.20%,85.00%,91.70%,50.00%,,,,,,,,,,,50.00%,,12.50%,,87.50%,75.00%,,,,,,,,,,,,0.89,0.58,45,48,26.7,41.7,35.4,33.3,-6.6,6,1,16.7,5,1,20,,,,,,,,,,,,,,,,,,,,,,,,,,,,,,,,,,,62.50%,73.60%,,,,,,,,,,,,,,,,,Freeze CCW,42.9,Double CCW,91.7
Danielle Inglis,72.60%,75.20%,73.90%,73.50%,505,"{""Third"": {""start"": ""2018-01-30"", ""end"": ""2018-02-01"", ""count"": 2}, ""Fourth"": {""start"": ""2021-10-26"", ""end"": ""2025-01-18"", ""count"": 24}, ""Lead"": {""start"": ""2021-02-21"", ""end"": ""2021-02-27"", ""count"": 2}}","{""ON"": {""start"": ""2018-01-30"", ""end"": ""2018-02-01"", ""count"": 2}, ""Inglis"": {""start"": ""2021-10-26"", ""end"": ""2025-01-18"", ""count"": 18}, ""ON (Homan)"": {""start"": ""2021-02-21"", ""end"": ""2021-02-27"", ""count"": 2}, ""ON (Inglis)"": {""start"": ""2024-02-17"", ""end"": ""2024-02-22"", ""count"": 6}}",Right,1988,"Toronto, ON","Kleinburg, ON",Public Relations,,,75.00%,,96.20%,87.50%,71.20%,70.50%,56.20%,93.80%,78.50%,83.00%,76.90%,67.20%,90.00%,81.80%,53.80%,63.50%,50.00%,66.20%,,,0.00%,70.00%,75.00%,,,,77.10%,39.30%,50.00%,,65.00%,87.50%,50.00%,,,,50.00%,75.00%,66.70%,66.70%,,,,,1.09,0.39,129,112,32.6,26.8,26.8,25.6,7,17,3,17.6,14,3,21.4,,,,,,,,,,,,,,,,,,,,,,,,,,,,,,,,,,,,,80.00%,100.00%,,,,,70.30%,75.00%,,,78.60%,75.80%,67.90%,71.60%,86.60%,73.90%,Promotion CW,0,Guard CW,96.2
Danielle Parsons,74.90%,77.10%,76.00%,75.70%,649,"{""Third"": {""start"": ""2011-02-19"", ""end"": ""2012-02-23"", ""count"": 14}, ""Second"": {""start"": ""2013-02-16"", ""end"": ""2013-02-22"", ""count"": 7}}","{""NS(Smith-Dacey)"": {""start"": ""2011-02-19"", ""end"": ""2012-02-23"", ""count"": 14}, ""NB (Crawford)"": {""start"": ""2013-02-16"", ""end"": ""2013-02-22"", ""count"": 7}}",Right,1990,"Halifax, NS","Fredericton, NB",Interior Design Student,,Centre fo Arts and Technology,86.50%,83.30%,87.90%,75.00%,63.30%,67.50%,75.00%,54.70%,78.60%,83.50%,72.10%,80.40%,84.80%,90.80%,71.90%,76.20%,66.70%,57.40%,,,,,87.50%,,,,60.40%,65.00%,,,91.70%,45.80%,62.50%,75.00%,87.50%,88.90%,83.30%,37.50%,,50.00%,,,,,1.18,0.35,150,170,38.7,30,25.9,25.3,13.4,16,3,18.8,16,1,6.2,,,,,,,,,,,,,,,,,,,,,,,57.90%,83.50%,72.20%,76.80%,79.10%,76.00%,,,,,,,,,,,,,,,,,,,,,,,,,Freeze CCW,54.7,Guard CW,87.9
Danielle Schmiemann,78.80%,79.30%,79.00%,79.40%,1467,"{""Third"": {""start"": ""2015-02-28"", ""end"": ""2024-11-09"", ""count"": 65}}","{""CAN"": {""start"": ""2015-02-28"", ""end"": ""2015-03-08"", ""count"": 6}, ""ALB"": {""start"": ""2016-03-20"", ""end"": ""2016-03-23"", ""count"": 4}, ""UofA (Streifel)"": {""start"": ""2017-03-18"", ""end"": ""2017-03-22"", ""count"": 5}, ""Canada"": {""start"": ""2017-01-31"", ""end"": ""2017-02-07"", ""count"": 3}, ""ALTA"": {""start"": ""2018-03-24"", ""end"": ""2018-03-28"", ""count"": 5}, ""Rocque"": {""start"": ""2021-10-19"", ""end"": ""2022-10-18"", ""count"": 19}, ""Sturmay"": {""start"": ""2024-01-16"", ""end"": ""2024-11-09"", ""count"": 14}, ""AB (Sturmay)"": {""start"": ""2024-02-16"", ""end"": ""2024-02-24"", ""count"": 9}}",Right,1996,,,,,,77.80%,82.50%,85.00%,90.60%,75.10%,72.10%,64.30%,69.20%,82.90%,80.00%,76.60%,74.70%,84.50%,90.20%,69.90%,78.00%,63.80%,83.80%,,,50.00%,75.00%,87.50%,91.70%,95.80%,85.00%,85.40%,71.70%,83.30%,25.00%,68.40%,92.50%,,85.00%,83.70%,90.50%,66.70%,62.50%,75.00%,,,,,,1.15,0.43,347,366,34.3,37.2,28.1,21.6,12.7,25,5,20,44,1,2.3,,,,,,,,,,,,,,,,,,,,,,,,,,,,,,,70.80%,84.30%,66.30%,75.90%,72.00%,82.60%,74.60%,82.40%,,,,,77.90%,80.90%,73.80%,69.00%,,,82.40%,80.50%,,,Promotion CW,50,Guard CCW,90.6
Danielle Sicinski,81.00%,78.80%,80.30%,68.70%,524,"{""Lead"": {""start"": ""2017-02-18"", ""end"": ""2022-09-23"", ""count"": 19}}","{""SK (Barker)"": {""start"": ""2017-02-18"", ""end"": ""2022-02-03"", ""count"": 13}, ""Barker"": {""start"": ""2021-10-26"", ""end"": ""2022-09-23"", ""count"": 6}}",Right,1983,,,,,,88.60%,82.30%,80.30%,,72.60%,72.10%,90.90%,81.20%,82.30%,89.20%,93.80%,69.40%,,75.00%,,,58.30%,75.00%,0.00%,58.30%,,,86.40%,66.70%,,,71.40%,,,,62.50%,,,,,,,,,50.00%,0.00%,50.00%,,,0.94,0.39,121,135,23.1,28.9,28.1,27.3,-4.2,17,3,17.6,10,3,30,,,,,,,,,,,,,,,,,,,,,,,,,,,,,,,,,,,83.90%,82.40%,,,,,,,81.20%,81.70%,75.80%,77.00%,,,,,,,Wick CW,0,Hit-roll CW,93.8
Darcy Robertson,69.10%,71.00%,70.10%,49.70%,508,"{""Fourth"": {""start"": ""2017-11-06"", ""end"": ""2021-10-28"", ""count"": 17}}","{""Robertson"": {""start"": ""2017-11-06"", ""end"": ""2021-10-28"", ""count"": 12}, ""Darcy Robertson"": {""start"": ""2018-01-14"", ""end"": ""2018-01-14"", ""count"": 1}, ""Canada"": {""start"": ""2019-01-30"", ""end"": ""2019-02-02"", ""count"": 4}}",Right,1965,"Winnipeg, MB","Winnipeg, MB",,,,75.00%,,82.50%,86.20%,67.50%,70.70%,63.10%,62.50%,68.90%,74.00%,75.90%,70.80%,83.30%,83.30%,61.40%,62.50%,50.00%,38.60%,,,,0.00%,,,75.00%,81.20%,40.60%,66.70%,50.00%,50.00%,62.50%,57.10%,0.00%,,,,25.00%,37.50%,0.00%,,,,,0.00%,0.99,0.23,130,123,27.7,31.7,18.7,27.7,0,16,2,12.5,5,0,0,,,,,,,,,,,,,,,,,,,,,,,,,,,,,,,,,,,67.90%,76.20%,79.20%,75.00%,62.80%,55.90%,,,66.20%,66.80%,,,,,,,,,Promotion CCW,0,Guard CCW,86.2
Darrell Mckee,72.50%,77.90%,75.60%,77.30%,192,"{""Fourth"": {""start"": ""2010-03-06"", ""end"": ""2010-03-11"", ""count"": 6}}","{""SK (McKee)"": {""start"": ""2010-03-06"", ""end"": ""2010-03-11"", ""count"": 6}}",Right,1962,,,,,,,,75.00%,,69.50%,79.00%,70.00%,58.30%,76.10%,79.30%,78.10%,72.30%,,,80.00%,83.30%,43.80%,50.00%,,,,,,,,,,75.00%,,25.00%,25.00%,75.00%,,,,,,,,50.00%,,,,,1.36,0.18,45,49,35.6,36.7,16.3,15.6,20,5,0,0,4,0,0,,,,,,,,,,,,,,,,,,,,,75.00%,76.10%,,,,,,,,,,,,,,,,,,,,,,,,,,,,,,,Raise CW,43.8,Double CCW,83.3
Darren Moulding,84.70%,82.90%,84.00%,80.70%,3013,"{""Third"": {""start"": ""2017-03-04"", ""end"": ""2023-03-10"", ""count"": 114}}","{""AB (Bottcher)"": {""start"": ""2017-03-04"", ""end"": ""2021-03-14"", ""count"": 33}, ""Bottcher"": {""start"": ""2017-11-07"", ""end"": ""2021-11-26"", ""count"": 47}, ""WC (Bottcher)"": {""start"": ""2019-03-02"", ""end"": ""2019-03-10"", ""count"": 9}, ""Canada"": {""start"": ""2021-04-01"", ""end"": ""2021-04-09"", ""count"": 9}, ""NB (Grattan)"": {""start"": ""2022-03-04"", ""end"": ""2022-03-09"", ""count"": 6}, ""NO (Horgan)"": {""start"": ""2023-03-04"", ""end"": ""2023-03-10"", ""count"": 6}, ""Horgan"": {""start"": ""2023-01-10"", ""end"": ""2023-01-13"", ""count"": 4}}",Right,1983,,"Coaldale , AB","Owner, Top House Roofing",,,96.70%,88.90%,90.40%,91.20%,81.80%,80.40%,84.60%,76.00%,87.10%,82.40%,80.90%,79.90%,93.80%,94.40%,75.90%,82.50%,78.60%,77.20%,,,71.90%,81.70%,98.20%,,85.70%,95.80%,76.90%,81.50%,81.20%,93.80%,93.00%,85.90%,62.50%,83.30%,97.60%,93.80%,82.70%,81.20%,75.00%,71.40%,,,25.00%,50.00%,1.1,0.31,725,737,33.5,34.3,21.7,15,18.5,49,9,18.4,73,4,5.5,,,,,,,,,,,,,,,,,,,,,,,,,,,,,,,,,,,86.10%,83.40%,83.10%,80.90%,83.10%,84.60%,84.80%,86.50%,83.20%,84.60%,82.10%,82.90%,83.10%,84.90%,,,,,Promotion CW,71.9,Guard CCW,91.2
Darren Roach,87.10%,81.30%,85.10%,93.70%,214,"{""Second"": {""start"": ""2013-03-02"", ""end"": ""2013-03-07"", ""count"": 6}}","{""NB (Grattan)"": {""start"": ""2013-03-02"", ""end"": ""2013-03-07"", ""count"": 6}}",Right,1987,"Quispamsis, NB",,"Air Systems Cleaning Specialist, Belfor Restoration",,,75.00%,,78.60%,95.80%,76.00%,82.40%,87.50%,75.00%,90.00%,71.90%,80.80%,86.50%,96.40%,87.50%,87.50%,50.00%,,,,,,,,,,,75.00%,,,,,,,,81.20%,,,,,,,,,,1.09,0.35,43,60,25.6,21.7,26.7,11.6,14,5,1,20,3,0,0,,,,,,,,,,,,,,,,,,,,,,,,,,,81.40%,87.10%,,,,,,,,,,,,,,,,,,,,,,,,,Double CCW,50,Guard CCW,95.8
Dave Elias,87.70%,79.40%,84.20%,97.20%,215,"{""Second"": {""start"": ""2002-03-09"", ""end"": ""2002-03-14"", ""count"": 6}}","{""MB (Lukowich)"": {""start"": ""2002-03-09"", ""end"": ""2002-03-14"", ""count"": 6}}",Right,,,,,,,97.20%,89.60%,93.30%,,76.90%,75.00%,96.90%,68.80%,90.80%,66.70%,91.70%,68.80%,93.80%,,62.50%,83.30%,66.70%,,,,,,,,,,,91.70%,,75.00%,,,,,,,,,,,,,,,1.13,0.25,54,52,35.2,38.5,19.2,22.2,13,5,2,40,2,0,0,,,,,83.70%,84.70%,,,,,,,,,,,,,,,,,,,,,,,,,,,,,,,,,,,,,,,,,,,,,,,Double CW,62.5,Freeze CW,96.9
David Aho,72.40%,74.80%,73.90%,62.30%,266,"{""Third"": {""start"": ""2019-03-02"", ""end"": ""2020-03-04"", ""count"": 10}, ""Fourth"": {""start"": ""2019-03-05"", ""end"": ""2020-03-02"", ""count"": 3}, ""Lead"": {""start"": ""2021-03-06"", ""end"": ""2021-03-06"", ""count"": 1}, ""Second"": {""start"": ""2021-03-11"", ""end"": ""2021-03-11"", ""count"": 1}}","{""NT"": {""start"": ""2019-03-02"", ""end"": ""2019-03-06"", ""count"": 5}, ""NT (Koe)"": {""start"": ""2020-02-29"", ""end"": ""2020-03-04"", ""count"": 5}, ""NT (Skauge)"": {""start"": ""2021-03-06"", ""end"": ""2021-03-11"", ""count"": 2}}",Right,,,,,,,75.00%,80.00%,75.00%,93.80%,61.80%,72.30%,50.00%,75.00%,79.30%,78.60%,79.50%,65.00%,,83.30%,55.00%,60.50%,53.10%,65.00%,,,,,62.50%,,,,75.00%,0.00%,50.00%,25.00%,68.80%,95.00%,,50.00%,,,,83.30%,50.00%,50.00%,,,,,0.87,0.18,69,61,26.1,31.1,13.1,31.9,-5.8,11,0,0,3,1,33.3,,,,,,,,,,,,,,,,,,,,,,,,,,,,,,,,,,,,,,,74.50%,70.70%,68.30%,77.40%,75.00%,68.80%,,,,,,,,,Freeze CW,50,Guard CCW,93.8
David Hart,84.90%,84.20%,84.60%,86.40%,418,"{""Lead"": {""start"": ""2017-01-22"", ""end"": ""2018-01-19"", ""count"": 15}}","{""ON (Hall)"": {""start"": ""2017-01-22"", ""end"": ""2017-01-29"", ""count"": 8}, ""ON"": {""start"": ""2018-01-13"", ""end"": ""2018-01-19"", ""count"": 7}}",Right,,,,,,,95.40%,91.80%,86.40%,86.10%,79.60%,83.60%,66.70%,75.00%,88.70%,85.50%,86.40%,72.70%,,,,,80.00%,62.50%,,0.00%,,,,83.30%,75.00%,,92.30%,,,,,,,,,,,,,,,0.00%,,,1.16,0.48,101,103,34.7,27.2,28.2,18.8,15.9,6,1,16.7,15,1,6.7,,,,,,,,,,,,,,,,,,,,,,,,,,,,,,,,,,,82.20%,84.10%,88.00%,83.10%,,,,,,,,,,,,,,,Wick CCW,0,Take-out CW,88.7
David Mathers,84.00%,83.20%,83.60%,85.40%,1709,"{""Third"": {""start"": ""2016-03-05"", ""end"": ""2024-03-07"", ""count"": 15}, ""Second"": {""start"": ""2017-03-04"", ""end"": ""2022-10-07"", ""count"": 55}}","{""PE (Casey)"": {""start"": ""2016-03-05"", ""end"": ""2016-03-11"", ""count"": 7}, ""ON (Howard)"": {""start"": ""2017-03-04"", ""end"": ""2024-03-07"", ""count"": 20}, ""Howard"": {""start"": ""2017-11-06"", ""end"": ""2023-09-28"", ""count"": 33}, ""WC2 (Howard)"": {""start"": ""2020-02-28"", ""end"": ""2020-02-28"", ""count"": 1}, ""WC3 (Howard)"": {""start"": ""2021-03-06"", ""end"": ""2021-03-13"", ""count"": 8}}",Right,1991,"Ottawa, ON","Ottawa, ON",Insurance Broker,Kitchener Collegiate Institute,Algonquin College,95.80%,93.20%,93.80%,91.70%,78.70%,81.50%,79.50%,86.00%,83.50%,83.00%,79.90%,75.20%,94.80%,89.70%,76.40%,76.10%,85.00%,82.90%,,,,,97.50%,85.70%,95.50%,90.00%,79.50%,88.50%,,90.00%,60.70%,76.80%,91.70%,75.00%,98.70%,91.70%,83.30%,82.10%,75.00%,75.00%,,,,,1,0.21,428,403,29,36.5,14.4,14.7,14.3,35,4,11.4,35,2,5.7,,,,,,,,,,,,,,,,,,,,,,,,,,,,,,,,,80.40%,80.50%,88.20%,82.50%,,,88.60%,77.30%,97.70%,91.70%,83.90%,85.50%,80.80%,81.40%,85.00%,84.10%,85.00%,87.30%,,,Hit-roll CCW,75.2,Guard CW,93.8
David Murdoch,83.50%,80.80%,82.10%,83.80%,661,"{""Fourth"": {""start"": ""2006-02-22"", ""end"": ""2017-04-06"", ""count"": 27}}","{""GBR (Murdoch)"": {""start"": ""2006-02-22"", ""end"": ""2006-02-24"", ""count"": 2}, ""GBR"": {""start"": ""2010-02-16"", ""end"": ""2014-02-21"", ""count"": 19}, ""Scotland"": {""start"": ""2017-04-01"", ""end"": ""2017-04-06"", ""count"": 6}}",Right,1978,"Dumfries, SCO",,,,,,87.50%,81.20%,94.20%,83.20%,80.90%,75.00%,62.50%,93.10%,85.90%,79.10%,78.00%,93.50%,90.70%,70.70%,70.50%,71.20%,93.80%,,62.50%,52.30%,25.00%,,87.50%,83.30%,83.30%,77.80%,81.70%,,,,84.40%,75.00%,,,,,50.00%,80.00%,,,,,37.50%,1.02,0.24,162,168,27.2,34.5,19.6,13,14.2,10,3,30,11,0,0,,,,,,,,,,,,,68.30%,86.00%,,,,,,,76.70%,80.50%,,,,,,,86.90%,81.10%,,,,,84.80%,83.50%,,,,,,,,,,,,,,,,,Promotion CCW,25,Guard CCW,94.2
David Nedohin,81.20%,83.40%,82.30%,89.90%,919,"{""Fourth"": {""start"": ""2001-03-03"", ""end"": ""2004-03-13"", ""count"": 32}}","{""AB (Ferbey)"": {""start"": ""2001-03-03"", ""end"": ""2004-03-13"", ""count"": 24}, ""ALTA (Ferbey)"": {""start"": ""2003-03-01"", ""end"": ""2003-03-09"", ""count"": 8}}",Right,1974,"Winnipeg, MB","Sherwood Park, AB","Business Owner, Timber Castle Log Homes","Oak Park High, Winnipeg",University of Manitoba,,,90.20%,94.20%,83.20%,88.50%,87.50%,86.20%,79.50%,80.20%,80.80%,79.80%,96.40%,98.10%,46.40%,58.60%,83.20%,88.90%,,,,,,,,,72.20%,92.30%,75.00%,,91.10%,83.30%,,95.80%,,,,93.80%,80.00%,75.00%,,,,,1.42,0.38,217,235,43.8,41.3,27.7,14.3,29.5,6,2,33.3,37,2,5.4,,,88.80%,76.20%,83.40%,81.70%,85.50%,83.20%,89.40%,76.70%,,,,,,,,,,,,,,,,,,,,,,,,,,,,,,,,,,,,,,,,,,,Double CW,46.4,Guard CCW,94.2
David Noftall,80.70%,85.00%,84.00%,75.10%,267,"{""Third"": {""start"": ""2006-03-14"", ""end"": ""2024-03-04"", ""count"": 2}, ""Lead"": {""start"": ""2008-03-08"", ""end"": ""2008-03-14"", ""count"": 7}, ""Second"": {""start"": ""2024-03-03"", ""end"": ""2024-03-03"", ""count"": 1}}","{""NL (Peddigrew)"": {""start"": ""2006-03-14"", ""end"": ""2006-03-14"", ""count"": 1}, ""NL (Gushue)"": {""start"": ""2008-03-08"", ""end"": ""2008-03-14"", ""count"": 7}, ""NL (Symonds)"": {""start"": ""2024-03-03"", ""end"": ""2024-03-04"", ""count"": 2}}",Right,1971,"St. John's, NL","St. John's, NL","Manager, Event Tourism, Destination St. John's",,,88.80%,90.80%,,93.80%,80.80%,77.10%,77.10%,59.40%,85.00%,96.90%,65.00%,91.70%,,,,,66.70%,85.00%,,,,,,95.00%,,,75.00%,55.60%,,50.00%,,,75.00%,,,,,,,,,,,,1.06,0.28,63,68,33.3,33.8,20.6,22.2,11.1,9,4,44.4,3,0,0,,,,,,,,,,,,,50.00%,75.00%,,,84.60%,91.00%,,,,,,,,,,,,,,,,,,,,,,,,,,,,,,,84.40%,65.00%,,,Freeze CCW,59.4,Take-out CCW,96.9
David Reid,75.40%,75.50%,75.50%,88.00%,214,"{""Second"": {""start"": ""2014-03-29"", ""end"": ""2014-04-03"", ""count"": 6}}","{""SCO"": {""start"": ""2014-03-29"", ""end"": ""2014-04-03"", ""count"": 6}}",Right,,,,,,,92.30%,82.10%,85.70%,75.00%,58.80%,75.00%,50.00%,,92.30%,84.40%,72.50%,71.90%,86.80%,61.10%,56.20%,62.50%,,90.00%,,50.00%,81.20%,56.20%,91.70%,,87.50%,50.00%,,91.70%,,,,,,,,,,,,83.30%,,,,,1.04,0.22,51,50,29.4,28,18,19.6,9.8,6,3,50,3,1,33.3,,,,,,,,,,,,,,,,,,,,,,,,,,,,,72.30%,79.00%,,,,,,,,,,,,,,,,,,,,,,,Freeze CW,50,Take-out CW,92.3
Dawn Mcewen,88.60%,87.00%,88.00%,81.10%,3267,"{""Lead"": {""start"": ""2014-02-10"", ""end"": ""2023-05-07"", ""count"": 125}, ""Second"": {""start"": ""2024-10-01"", ""end"": ""2024-10-06"", ""count"": 6}}","{""CAN"": {""start"": ""2014-02-10"", ""end"": ""2015-03-22"", ""count"": 17}, ""Jones"": {""start"": ""2015-12-02"", ""end"": ""2022-05-06"", ""count"": 49}, ""CAN (Jones)"": {""start"": ""2016-02-20"", ""end"": ""2022-02-17"", ""count"": 16}, ""Koe"": {""start"": ""2017-08-26"", ""end"": ""2017-08-27"", ""count"": 2}, ""Jennifer Jones"": {""start"": ""2018-01-14"", ""end"": ""2018-01-14"", ""count"": 1}, ""MB"": {""start"": ""2018-01-28"", ""end"": ""2018-02-04"", ""count"": 8}, ""Canada"": {""start"": ""2018-03-17"", ""end"": ""2018-03-25"", ""count"": 9}, ""CA (Jones)"": {""start"": ""2019-02-16"", ""end"": ""2019-02-22"", ""count"": 7}, ""WC (Jones)"": {""start"": ""2020-02-15"", ""end"": ""2020-02-23"", ""count"": 9}, ""WC#1"": {""start"": ""2020-02-14"", ""end"": ""2020-02-14"", ""count"": 1}, ""Einarson"": {""start"": ""2023-05-02"", ""end"": ""2024-10-06"", ""count"": 12}}",Right,1980,"Ottawa, ON","Winnipeg, MB",,,,93.70%,93.90%,89.20%,86.90%,87.80%,86.80%,79.30%,74.20%,87.50%,86.70%,74.50%,82.30%,87.50%,80.20%,70.80%,70.80%,76.00%,63.90%,60.70%,70.00%,,,97.50%,93.50%,89.30%,87.50%,91.30%,89.60%,77.50%,,87.50%,93.80%,,,,75.00%,,,50.00%,,31.20%,71.80%,,,1.27,0.39,777,818,38.9,38.5,24.8,19.7,19.2,46,12,26.1,107,5,4.7,,,,,,,,,,,,,,,,,,,,,,,,,,,,,93.00%,88.00%,90.60%,86.60%,90.20%,79.40%,92.90%,70.00%,88.20%,78.10%,88.90%,87.00%,89.70%,76.20%,90.20%,75.70%,88.20%,72.60%,84.00%,80.00%,78.20%,81.70%,,,Wick CW,60.7,Guard CW,89.2
Dawn Moses,64.00%,70.30%,66.80%,70.60%,350,"{""Third"": {""start"": ""2011-02-19"", ""end"": ""2015-11-13"", ""count"": 11}}","{""NT/Y(Galusha)"": {""start"": ""2011-02-19"", ""end"": ""2011-02-24"", ""count"": 6}, ""NT (Moss)"": {""start"": ""2015-11-09"", ""end"": ""2015-11-13"", ""count"": 5}}",Right,1970,"Mayo, NT","Fort Simpson, NT",,,,80.00%,,59.40%,85.00%,54.40%,68.30%,56.70%,46.70%,77.30%,77.50%,56.70%,68.20%,91.70%,80.00%,53.60%,46.90%,41.70%,72.50%,,,,,66.70%,,,81.20%,79.20%,57.10%,,0.00%,79.20%,66.70%,,,,75.00%,,62.50%,50.00%,,,,,,0.81,0.22,97,72,20.6,31.9,18.1,33,-12.4,14,2,14.3,4,1,25,,,,,,,,,,,,,,,,,,,,,,,58.90%,72.80%,,,,,,,67.30%,68.50%,,,,,,,,,,,,,,,,,,,,,Raise CW,41.7,Guard CCW,85
Dean Hewitt,74.10%,66.90%,70.20%,67.50%,414,"{""Fourth"": {""start"": ""2017-11-03"", ""end"": ""2024-10-31"", ""count"": 17}}","{""Australia"": {""start"": ""2017-11-03"", ""end"": ""2019-11-05"", ""count"": 7}, ""AUS (Hewitt)"": {""start"": ""2022-10-30"", ""end"": ""2022-11-03"", ""count"": 5}, ""AUS (Millikin)"": {""start"": ""2024-10-27"", ""end"": ""2024-10-31"", ""count"": 5}}",Right,,,,,,,,,80.60%,92.90%,73.60%,61.00%,,25.00%,71.40%,72.00%,72.10%,73.40%,92.90%,80.60%,86.80%,67.90%,81.20%,46.40%,,50.00%,44.40%,62.50%,,,75.00%,75.00%,70.00%,50.00%,,0.00%,78.60%,65.00%,50.00%,,,,50.00%,83.30%,,83.30%,,,50.00%,50.00%,0.93,0.37,106,99,18.9,26.3,21.2,25.5,-6.6,13,0,0,7,3,42.9,,,,,,,,,,,,,,,,,,,,,,,,,,,,,,,,,,,58.30%,75.00%,64.70%,70.90%,65.90%,60.70%,,,,,67.00%,69.90%,,,77.70%,72.10%,,,Freeze CCW,25,Guard CCW,92.9
Dean Hicke,85.30%,85.20%,85.30%,51.20%,197,"{""Lead"": {""start"": ""2009-03-07"", ""end"": ""2009-03-12"", ""count"": 6}}","{""SASK (Jordison)"": {""start"": ""2009-03-07"", ""end"": ""2009-03-12"", ""count"": 6}}",Right,1967,"Regina, SK","Regina, SK","Business Consultant, ISM Canada",Thom Collegiate,University of Regina,90.90%,94.60%,81.20%,85.00%,85.10%,79.30%,67.90%,63.90%,70.00%,91.70%,,,,0.00%,,,58.30%,75.00%,,,,,,90.60%,,,91.70%,0.00%,,25.00%,,,,,,0.00%,,,,,,,,,0.98,0.25,46,52,19.6,34.6,17.3,21.7,-2.1,7,0,0,1,0,0,,,,,,,,,,,,,,,,,,,86.50%,73.60%,,,,,,,,,,,,,,,,,,,,,,,,,,,,,,,,,Raise CW,58.3,Take-out CCW,91.7
Dean Joanisse,73.00%,77.30%,75.20%,69.20%,554,"{""Fourth"": {""start"": ""2001-03-03"", ""end"": ""2015-11-13"", ""count"": 18}}","{""B.C. (Joanisse)"": {""start"": ""2001-03-03"", ""end"": ""2007-03-08"", ""count"": 12}, ""BC (Joanisse)"": {""start"": ""2015-11-08"", ""end"": ""2015-11-13"", ""count"": 6}}",Right,1972,"Victoria, BC","Abbotsford, BC",Artist - Art of Curling,,,,,83.30%,85.70%,69.90%,78.90%,78.80%,75.00%,77.60%,79.10%,68.90%,71.50%,,,54.40%,72.70%,52.90%,68.20%,,,,,,,75.00%,66.70%,59.10%,47.70%,,62.50%,90.00%,65.00%,,62.50%,,,56.20%,37.50%,50.00%,65.60%,,,,,0.96,0.27,141,135,22,36.3,20,15.6,6.4,13,4,30.8,9,0,0,,,77.60%,83.60%,,,,,,,,,,,75.70%,66.80%,,,,,,,,,,,,,,,72.90%,73.60%,,,,,,,,,,,,,,,,,,,,,Raise CW,52.9,Guard CCW,85.7
Deane Horning,85.30%,82.10%,83.70%,89.70%,439,"{""Third"": {""start"": ""2002-03-09"", ""end"": ""2002-03-14"", ""count"": 6}, ""Second"": {""start"": ""2003-03-01"", ""end"": ""2003-03-08"", ""count"": 8}}","{""B.C. (Ryan)"": {""start"": ""2002-03-09"", ""end"": ""2002-03-14"", ""count"": 6}, ""B.C (Ryan)"": {""start"": ""2003-03-01"", ""end"": ""2003-03-08"", ""count"": 8}}",Right,1967,"Castlegar, BC",,,,,,93.80%,86.80%,88.50%,83.50%,74.30%,89.10%,70.70%,85.50%,86.60%,84.60%,85.40%,96.00%,89.80%,66.70%,86.10%,78.10%,61.40%,,,,,,91.70%,,91.70%,,87.50%,75.00%,87.50%,,,,50.00%,,,62.50%,,,,,,,,1.05,0.33,106,107,31.1,34.6,25.2,17,14.1,9,1,11.1,13,1,7.7,,,,,79.90%,83.80%,82.50%,86.20%,,,,,,,,,,,,,,,,,,,,,,,,,,,,,,,,,,,,,,,,,,,,,Raise CCW,61.4,Freeze CW,89.1
Deanna Doig,73.50%,68.20%,71.10%,73.50%,220,"{""Third"": {""start"": ""2017-02-18"", ""end"": ""2017-02-24"", ""count"": 7}}","{""SK (Barker)"": {""start"": ""2017-02-18"", ""end"": ""2017-02-24"", ""count"": 7}}",Right,,,,,,,93.80%,,85.90%,91.70%,61.70%,59.80%,68.80%,68.80%,86.10%,72.00%,65.60%,71.60%,81.20%,,87.50%,70.80%,47.50%,50.00%,,,,,,,,,60.00%,0.00%,50.00%,,,,,,,,,,50.00%,75.00%,,,,,0.87,0.27,53,52,17,34.6,19.2,20.8,-3.8,8,0,0,3,2,66.7,,,,,,,,,,,,,,,,,,,,,,,,,,,,,,,,,,,70.50%,71.70%,,,,,,,,,,,,,,,,,Raise CW,47.5,Guard CCW,91.7
Deanna Macdonald,69.80%,76.50%,73.40%,64.30%,214,"{""Second"": {""start"": ""2020-01-18"", ""end"": ""2020-01-25"", ""count"": 7}}","{""NB"": {""start"": ""2020-01-18"", ""end"": ""2020-01-25"", ""count"": 7}}",Right,,,,,,,95.00%,,,57.10%,66.40%,77.10%,,,61.30%,75.00%,67.90%,82.70%,69.10%,86.20%,,62.50%,25.00%,,,,,,87.50%,,,,75.00%,75.00%,,,25.00%,66.70%,,50.00%,68.80%,66.70%,,,,,,,,,0.87,0.42,53,52,15.1,26.9,26.9,18.9,-3.8,3,1,33.3,4,0,0,,,,,,,,,,,,,,,,,,,,,,,,,,,,,,,,,,,,,,,,,75.00%,72.50%,,,,,,,,,,,Raise CW,25,Hit-roll CCW,82.7
Debbie Mccormick,72.70%,73.90%,73.30%,60.40%,387,"{""Third"": {""start"": ""2002-02-20"", ""end"": ""2014-02-17"", ""count"": 12}, ""Fourth"": {""start"": ""2010-02-16"", ""end"": ""2010-02-21"", ""count"": 6}}","{""USA"": {""start"": ""2002-02-20"", ""end"": ""2014-02-17"", ""count"": 17}}",Right,1974,"Saskatoon, SK","Rio, WI",,,Associate's Degree in Applied Science,91.70%,,83.30%,79.40%,65.20%,70.80%,75.00%,25.00%,76.10%,80.30%,80.20%,73.10%,78.60%,80.00%,73.30%,50.00%,65.40%,70.80%,,,55.00%,75.00%,,,,50.00%,68.20%,66.70%,,0.00%,,66.70%,,75.00%,,,50.00%,0.00%,75.00%,33.30%,,,,,0.82,0.23,94,97,13.8,23.7,19.6,26.6,-12.8,15,2,13.3,5,4,80,,,,,75.00%,71.40%,,,,,,,,,,,,,,,71.40%,74.10%,,,,,,,70.70%,75.90%,,,,,,,,,,,,,,,,,,,,,,,Freeze CCW,25,Guard CW,83.3
Delaney Strouse,66.90%,74.70%,70.90%,64.50%,391,"{""Fourth"": {""start"": ""2022-05-16"", ""end"": ""2024-10-03"", ""count"": 26}}","{""United States"": {""start"": ""2022-05-16"", ""end"": ""2022-05-22"", ""count"": 5}, ""Strouse"": {""start"": ""2023-10-17"", ""end"": ""2024-10-03"", ""count"": 19}, ""USA (Strouse)"": {""start"": ""2023-01-19"", ""end"": ""2023-01-20"", ""count"": 2}}",Right,2000,"Midland, MI","Midland, MI",,H.H Dow High School,,,,80.60%,93.40%,65.00%,75.40%,67.90%,81.20%,72.60%,69.90%,76.30%,66.30%,75.00%,,46.40%,71.70%,56.20%,50.00%,,,12.50%,50.00%,,,70.00%,,50.00%,64.60%,,,50.00%,81.20%,66.70%,25.00%,,,50.00%,0.00%,33.30%,41.70%,,,,,0.82,0.39,96,96,20.8,26,26,31.2,-10.4,15,0,0,7,0,0,,,,,,,,,,,,,,,,,,,,,,,,,,,,,,,,,,,,,,,,,,,,,73.60%,69.90%,72.10%,72.00%,75.00%,58.30%,,,Promotion CW,12.5,Guard CCW,93.4
Denise Dupont,76.30%,79.30%,77.80%,72.70%,3370,"{""Third"": {""start"": ""2010-02-16"", ""end"": ""2023-03-24"", ""count"": 49}, ""Lead"": {""start"": ""2016-11-20"", ""end"": ""2025-03-21"", ""count"": 21}, ""Second"": {""start"": ""2016-11-23"", ""end"": ""2025-03-21"", ""count"": 75}}","{""DEN (Dupont)"": {""start"": ""2010-02-16"", ""end"": ""2025-03-21"", ""count"": 105}, ""DEN (Nielsen)"": {""start"": ""2016-11-20"", ""end"": ""2017-03-23"", ""count"": 11}, ""Dupont"": {""start"": ""2022-05-03"", ""end"": ""2024-10-04"", ""count"": 16}}",Right,1984,,,,,,90.80%,79.60%,85.10%,83.10%,72.90%,75.30%,76.70%,70.00%,76.80%,85.70%,73.80%,79.80%,87.20%,86.20%,69.00%,74.50%,64.30%,70.10%,55.40%,57.70%,47.10%,70.00%,90.00%,83.00%,91.20%,89.30%,78.80%,72.90%,,,91.30%,89.10%,86.10%,66.70%,88.60%,84.50%,75.00%,83.30%,60.70%,89.60%,0.00%,0.00%,12.50%,66.70%,1.05,0.29,808,834,29.5,33.2,20.6,24.5,5,87,17,19.5,66,7,10.6,,,,,,,,,,,,,,,,,,,,,66.30%,72.20%,,,,,,,,,,,73.40%,60.90%,76.10%,77.70%,73.00%,75.60%,72.00%,76.90%,,,75.80%,77.60%,79.30%,82.30%,78.70%,78.90%,80.30%,76.80%,90.00%,80.10%,Promotion CW,47.1,Take-out CCW,85.7
Denise Hutchings,58.90%,58.30%,58.70%,48.10%,456,"{""Third"": {""start"": ""2015-11-08"", ""end"": ""2017-02-17"", ""count"": 14}, ""Lead"": {""start"": ""2018-01-27"", ""end"": ""2018-02-02"", ""count"": 5}}","{""NU (Macdonald)"": {""start"": ""2015-11-08"", ""end"": ""2015-11-13"", ""count"": 6}, ""NU (MacDonald)"": {""start"": ""2016-11-14"", ""end"": ""2016-11-18"", ""count"": 5}, ""NU (Chislett)"": {""start"": ""2016-02-19"", ""end"": ""2017-02-17"", ""count"": 3}, ""NU"": {""start"": ""2018-01-27"", ""end"": ""2018-02-02"", ""count"": 5}}",Right,,,,,,,76.60%,72.10%,47.90%,0.00%,53.70%,55.20%,45.00%,50.00%,62.00%,60.00%,60.70%,56.70%,33.30%,58.30%,50.00%,75.00%,50.00%,40.00%,,,,,58.30%,79.20%,25.00%,,43.80%,64.30%,25.00%,45.00%,54.20%,50.00%,41.70%,75.00%,25.00%,50.00%,,,37.50%,,,,,,0.64,0.14,121,100,8.3,22,12,41.3,-33,27,0,0,2,0,0,,,,,,,,,,,,,,,,,,,,,,,,,,,,,,,53.80%,58.70%,48.00%,62.00%,40.00%,46.00%,74.10%,64.70%,,,,,,,,,,,,,,,Guard CCW,0,Double CCW,75
Denni Neufeld,92.30%,89.20%,91.20%,88.50%,1426,"{""Lead"": {""start"": ""2015-12-02"", ""end"": ""2021-11-26"", ""count"": 50}, ""Second"": {""start"": ""2018-02-04"", ""end"": ""2019-02-10"", ""count"": 5}}","{""McEwen"": {""start"": ""2015-12-02"", ""end"": ""2018-03-02"", ""count"": 18}, ""MB (McEwen)"": {""start"": ""2016-03-05"", ""end"": ""2017-03-12"", ""count"": 18}, ""WC (McEwen)"": {""start"": ""2018-03-03"", ""end"": ""2018-03-09"", ""count"": 7}, ""Canada"": {""start"": ""2018-12-05"", ""end"": ""2018-12-08"", ""count"": 3}, ""M McEwen"": {""start"": ""2018-02-04"", ""end"": ""2018-02-04"", ""count"": 1}, ""Canada 2"": {""start"": ""2019-05-08"", ""end"": ""2019-05-12"", ""count"": 5}, ""J. Gunnlaugson"": {""start"": ""2019-02-10"", ""end"": ""2019-02-10"", ""count"": 1}, ""Koe"": {""start"": ""2021-11-26"", ""end"": ""2021-11-26"", ""count"": 1}}",Right,1981,"Steinbach, MB","Winnipeg, MB","Real Estate Agent, Royal LePage Prime Real Estate",Gimli High School,University of Manitoba,97.20%,95.20%,92.10%,84.40%,91.70%,87.80%,85.90%,85.50%,86.50%,90.90%,75.00%,87.50%,85.70%,92.30%,78.60%,89.50%,84.50%,85.00%,87.50%,68.80%,75.00%,62.50%,96.90%,98.40%,87.50%,,95.00%,78.30%,95.00%,,,66.70%,,,,,,,81.20%,,88.50%,65.40%,75.00%,,1.04,0.26,348,349,30.7,37.2,18.1,15.8,14.9,21,3,14.3,34,3,8.8,,,,,,,,,,,,,,,,,,,,,,,,,,,,,,,91.70%,93.20%,95.10%,84.50%,92.00%,87.90%,92.90%,84.20%,87.40%,80.00%,,,100.00%,,,,,,,,,,Promotion CCW,62.5,Guard CW,92.1
Dennis Graber,79.50%,75.80%,77.40%,73.40%,202,"{""Third"": {""start"": ""2006-03-11"", ""end"": ""2006-03-16"", ""count"": 6}}","{""B.C. (Windsor)"": {""start"": ""2006-03-11"", ""end"": ""2006-03-16"", ""count"": 6}}",Right,1951,"High Prairie, AB",,,,,62.50%,70.80%,93.80%,85.70%,72.50%,65.40%,85.70%,77.90%,93.80%,77.60%,70.80%,85.40%,,85.70%,83.30%,75.00%,71.90%,55.00%,,,,,,65.00%,,62.50%,0.00%,,,50.00%,,83.30%,,,,,,,,,,,,,0.89,0.21,55,42,25.5,33.3,19,27.3,-1.8,5,0,0,3,0,0,,,,,,,,,,,,,74.80%,80.20%,,,,,,,,,,,,,,,,,,,,,,,,,,,,,,,,,,,,,,,Raise CCW,55,Guard CW,93.8
Dennis Langdon,79.20%,84.60%,82.90%,93.20%,206,"{""Lead"": {""start"": ""2001-03-03"", ""end"": ""2001-03-08"", ""count"": 6}}","{""NFLD (Ryan)"": {""start"": ""2001-03-03"", ""end"": ""2001-03-08"", ""count"": 6}}",Right,1964,,,,,,90.90%,91.80%,75.00%,95.50%,69.10%,81.70%,80.00%,65.90%,78.80%,87.50%,50.00%,87.50%,75.00%,70.00%,,83.30%,62.50%,56.20%,,,,,,87.50%,,,,83.30%,,75.00%,,,,,,,,,,,,,,,0.78,0.12,54,48,18.5,25,12.5,25.9,-7.4,8,0,0,1,0,0,,,84.40%,77.30%,,,,,,,,,,,,,,,,,,,,,,,,,,,,,,,,,,,,,,,,,,,,,,,,,Hit-roll CW,50,Guard CCW,95.5
Derek Samagalski,84.70%,86.10%,85.40%,86.90%,3782,"{""Lead"": {""start"": ""2012-03-03"", ""end"": ""2023-04-14"", ""count"": 21}, ""Second"": {""start"": ""2015-12-02"", ""end"": ""2024-11-08"", ""count"": 151}, ""Third"": {""start"": ""2023-03-04"", ""end"": ""2023-03-09"", ""count"": 6}}","{""MB (Fowler)"": {""start"": ""2012-03-03"", ""end"": ""2012-03-11"", ""count"": 9}, ""Carruthers"": {""start"": ""2015-12-02"", ""end"": ""2024-11-08"", ""count"": 79}, ""MB"": {""start"": ""2018-03-03"", ""end"": ""2019-03-08"", ""count"": 14}, ""R. Carruthers"": {""start"": ""2018-02-04"", ""end"": ""2019-02-10"", ""count"": 2}, ""WC (McEwen)"": {""start"": ""2020-02-29"", ""end"": ""2020-03-07"", ""count"": 8}, ""WC1 (McEwen)"": {""start"": ""2020-02-28"", ""end"": ""2021-03-11"", ""count"": 7}, ""McEwen"": {""start"": ""2020-02-09"", ""end"": ""2022-04-16"", ""count"": 28}, ""MB (McEwen)"": {""start"": ""2022-03-05"", ""end"": ""2022-03-11"", ""count"": 7}, ""WC2 (Carruthers)"": {""start"": ""2023-03-04"", ""end"": ""2023-03-09"", ""count"": 6}, ""MB-C (Carruthers)"": {""start"": ""2024-03-02"", ""end"": ""2024-03-08"", ""count"": 6}}",Right,1984,"Winnipeg, MB","Winnipeg, MB","Bartender, grounds crew golf course , West St. Paul Curling Club",Selkirk High School,Red River Collage,95.50%,95.30%,92.90%,92.10%,84.50%,82.90%,80.80%,87.30%,84.20%,87.80%,78.70%,80.40%,89.20%,93.50%,78.20%,77.80%,79.40%,78.30%,56.20%,,50.00%,85.70%,98.10%,96.90%,95.80%,95.40%,85.20%,83.20%,91.70%,88.60%,89.30%,90.00%,95.00%,95.80%,94.40%,95.00%,75.00%,71.40%,75.00%,80.00%,56.20%,,,,1.01,0.28,908,872,29.3,31.7,19.8,16.5,12.8,79,13,16.5,78,3,3.8,,,,,,,,,,,,,,,,,,,,,,,,,90.20%,83.30%,,,,,87.50%,86.50%,90.10%,84.50%,94.60%,88.50%,83.10%,81.60%,86.90%,85.10%,89.90%,85.90%,88.90%,83.60%,83.10%,86.30%,86.00%,81.00%,80.80%,84.80%,,,Promotion CW,50,Guard CW,92.9
Dezaray Hawes,81.60%,80.50%,81.00%,86.20%,1613,"{""Second"": {""start"": ""2016-01-23"", ""end"": ""2024-11-09"", ""count"": 66}, ""Third"": {""start"": ""2024-09-25"", ""end"": ""2024-09-25"", ""count"": 1}}","{""BC"": {""start"": ""2016-01-23"", ""end"": ""2016-01-31"", ""count"": 9}, ""BC (Brown)"": {""start"": ""2017-01-21"", ""end"": ""2021-02-25"", ""count"": 19}, ""TRU"": {""start"": ""2018-03-24"", ""end"": ""2018-03-28"", ""count"": 5}, ""Brown"": {""start"": ""2021-10-25"", ""end"": ""2021-11-05"", ""count"": 10}, ""Sturmay"": {""start"": ""2024-01-16"", ""end"": ""2024-11-09"", ""count"": 14}, ""AB (Sturmay)"": {""start"": ""2024-02-16"", ""end"": ""2024-02-24"", ""count"": 9}}",Right,1997,"New Westminster, BC","Anmore, CAN",Student,Heritage Woods Secondary,,86.50%,87.80%,83.20%,89.60%,75.00%,77.80%,75.00%,73.60%,84.40%,82.70%,75.00%,72.60%,89.20%,85.70%,78.40%,68.00%,72.90%,71.70%,,,,75.00%,,85.90%,75.00%,92.90%,85.00%,75.00%,,66.70%,88.50%,79.50%,87.50%,80.00%,89.20%,91.40%,91.70%,,,75.00%,,,,75.00%,1.13,0.41,372,402,33.1,35.6,23.1,22,11.1,31,6,19.4,47,3,6.4,,,,,,,,,,,,,,,,,,,,,,,,,,,,,,,,,69.40%,85.50%,72.70%,77.30%,77.30%,81.20%,,,82.20%,80.50%,82.30%,80.00%,,,,,82.80%,83.20%,,,Double CCW,68,Guard CCW,89.6
Dilsat Yildiz,70.90%,71.30%,71.10%,69.60%,1682,"{""Fourth"": {""start"": ""2016-03-10"", ""end"": ""2025-03-21"", ""count"": 62}}","{""Turkey"": {""start"": ""2016-03-10"", ""end"": ""2022-03-25"", ""count"": 28}, ""Türkiye"": {""start"": ""2022-11-18"", ""end"": ""2022-11-21"", ""count"": 4}, ""TUR (Yildiz)"": {""start"": ""2023-03-19"", ""end"": ""2025-03-21"", ""count"": 30}}",Right,,,,,,,80.00%,,77.60%,81.40%,68.70%,70.40%,25.00%,95.00%,80.80%,82.10%,66.70%,70.90%,82.70%,89.50%,62.90%,60.50%,56.70%,56.10%,50.00%,,58.10%,51.70%,75.00%,,83.30%,85.00%,69.10%,70.90%,25.00%,,72.70%,79.20%,66.70%,75.00%,,90.00%,43.80%,46.90%,55.60%,50.00%,,,68.80%,65.00%,0.98,0.21,427,414,26.9,29.2,15.9,28.8,-1.9,61,10,16.4,20,6,30,,,,,,,,,,,,,,,,,,,,,,,,,,,,,,,,,91.70%,80.00%,63.10%,66.60%,,,,,,,71.00%,76.00%,71.00%,67.30%,66.10%,69.80%,76.00%,74.30%,76.90%,74.60%,Freeze CW,25,Freeze CCW,95
Dmitry Mironov,81.00%,84.10%,82.70%,84.90%,888,"{""Second"": {""start"": ""2013-02-28"", ""end"": ""2022-02-16"", ""count"": 35}}","{""RUS"": {""start"": ""2013-02-28"", ""end"": ""2013-03-10"", ""count"": 11}, ""Russia"": {""start"": ""2019-03-30"", ""end"": ""2019-04-05"", ""count"": 7}, ""RCF"": {""start"": ""2021-04-01"", ""end"": ""2021-04-11"", ""count"": 10}, ""ROC (Glukhov)"": {""start"": ""2022-02-09"", ""end"": ""2022-02-16"", ""count"": 7}}",Right,,,,,,,85.00%,99.10%,94.80%,90.40%,78.30%,80.20%,,,84.40%,83.80%,76.40%,76.40%,91.90%,94.90%,69.00%,73.50%,71.10%,87.50%,59.40%,75.00%,64.60%,72.90%,,,,91.70%,75.00%,84.40%,,,,66.70%,50.00%,75.00%,88.60%,94.10%,62.50%,83.30%,,87.50%,,,,,1.16,0.28,210,229,33.3,34.9,19.7,15.7,17.6,13,1,7.7,20,0,0,,,,,,,,,,,,,,,,,,,,,,,,,,,83.10%,86.70%,,,,,,,,,,,82.90%,80.00%,,,83.70%,84.90%,82.90%,73.00%,,,,,,,Wick CW,59.4,Guard CW,94.8
Dominik Greindl,86.10%,83.50%,85.00%,73.60%,1301,"{""Lead"": {""start"": ""2019-03-30"", ""end"": ""2023-04-07"", ""count"": 46}}","{""Germany"": {""start"": ""2019-03-30"", ""end"": ""2022-11-24"", ""count"": 39}, ""GER (Totzek)"": {""start"": ""2023-04-01"", ""end"": ""2023-04-07"", ""count"": 7}}",Right,1988,"Garmisch-Partenkirchen, GER","Munich,",,,,90.10%,90.00%,85.50%,79.70%,83.90%,83.20%,75.00%,,90.10%,79.30%,77.50%,77.50%,,,,75.00%,52.50%,45.00%,50.00%,46.90%,0.00%,,94.40%,96.20%,,,82.90%,82.40%,,,,,75.00%,66.70%,,,,,50.00%,,0.00%,35.70%,,,1.07,0.23,325,313,31.7,31.9,15,22.5,9.2,43,7,16.3,21,2,9.5,,,,,,,,,,,,,,,,,,,,,,,,,,,,,,,,,,,,,,,82.40%,67.20%,,,89.20%,77.60%,87.50%,75.50%,85.50%,80.00%,,,,,Promotion CW,0,Take-out CW,90.1
Dominik Maerki,83.20%,81.30%,82.40%,83.80%,293,"{""Second"": {""start"": ""2014-03-29"", ""end"": ""2017-11-21"", ""count"": 9}, ""Lead"": {""start"": ""2017-11-21"", ""end"": ""2017-11-21"", ""count"": 1}}","{""SUI"": {""start"": ""2014-03-29"", ""end"": ""2014-04-06"", ""count"": 8}, ""Switzerland"": {""start"": ""2017-11-21"", ""end"": ""2017-11-21"", ""count"": 1}}",Right,1990,"Bern, SUI","Fayetteville, AR",Watch,,,86.80%,87.50%,84.40%,96.90%,82.30%,84.60%,,,86.60%,88.20%,69.70%,67.50%,91.80%,82.80%,62.50%,61.10%,,,,25.00%,58.30%,70.00%,83.30%,,75.00%,,66.70%,,,,,,75.00%,,87.50%,,,,,,,,,50.00%,1.08,0.33,78,64,37.2,31.2,23.4,15.4,21.8,4,1,25,9,1,11.1,,,,,,,,,,,,,,,,,,,,,,,,,,,,,84.70%,79.80%,,,,,91.30%,87.50%,,,,,,,,,,,,,,,,,Wick CCW,25,Guard CCW,96.9
Don Bartlett,87.50%,83.50%,86.30%,75.50%,194,"{""Lead"": {""start"": ""2002-02-20"", ""end"": ""2006-03-16"", ""count"": 8}}","{""CAN"": {""start"": ""2002-02-20"", ""end"": ""2002-02-22"", ""count"": 2}, ""ALTA (Martin)"": {""start"": ""2006-03-11"", ""end"": ""2006-03-16"", ""count"": 6}}",Right,1960,"Gander, NL","Edmonton, AB",,,,99.20%,,86.40%,82.10%,87.70%,79.30%,75.00%,93.80%,50.00%,91.70%,75.00%,,,,,50.00%,75.00%,66.70%,60.00%,0.00%,,,,,,,68.80%,,,,,,,,,,,,,,60.00%,0.00%,,,1.2,0.23,49,47,36.7,53.2,23.4,20.4,16.3,3,1,33.3,6,0,0,,,,,86.70%,75.00%,,,,,,,89.50%,68.10%,,,,,,,,,,,,,,,,,,,,,,,,,,,,,,,,,,,,,,,Wick CCW,0,Freeze CCW,93.8
Don Walchuk,83.50%,80.30%,82.20%,94.00%,234,"{""Third"": {""start"": ""2002-02-20"", ""end"": ""2006-03-16"", ""count"": 8}}","{""CAN"": {""start"": ""2002-02-20"", ""end"": ""2002-02-22"", ""count"": 2}, ""ALTA (Martin)"": {""start"": ""2006-03-11"", ""end"": ""2006-03-16"", ""count"": 6}}",Right,1963,"Melville, SK",,,,,,,87.50%,,76.90%,81.90%,92.90%,75.00%,83.60%,79.30%,82.80%,75.00%,97.50%,96.20%,68.20%,63.90%,84.40%,66.70%,,,62.50%,25.00%,,,,,75.00%,83.30%,,,87.50%,,,,,,,,,,,,,,1.23,0.31,57,58,38.6,46.6,25.9,17.5,21.1,3,1,33.3,8,0,0,,,,,72.50%,75.00%,,,,,,,85.50%,83.00%,,,,,,,,,,,,,,,,,,,,,,,,,,,,,,,,,,,,,,,Promotion CCW,25,Freeze CW,92.9
Don Westphal,81.30%,81.40%,81.40%,75.90%,404,"{""Third"": {""start"": ""2001-03-03"", ""end"": ""2003-03-06"", ""count"": 13}}","{""QC (Hemmings)"": {""start"": ""2001-03-03"", ""end"": ""2001-03-09"", ""count"": 7}, ""QUE (Hemmings)"": {""start"": ""2003-03-01"", ""end"": ""2003-03-06"", ""count"": 6}}",Right,1963,"Buckingham, QC",,,,,,92.50%,96.20%,89.80%,76.60%,71.20%,78.10%,76.60%,79.50%,84.40%,82.10%,76.10%,91.20%,94.70%,67.20%,75.00%,78.60%,84.40%,,,,,,83.30%,,95.00%,77.80%,87.50%,25.00%,,54.20%,75.00%,,66.70%,,95.80%,75.00%,,,,,,,,1.18,0.45,92,103,33.7,33,29.1,15.2,18.5,7,0,0,12,0,0,,,83.60%,82.00%,,,78.70%,81.10%,,,,,,,,,,,,,,,,,,,,,,,,,,,,,,,,,,,,,,,,,,,,,Double CW,67.2,Guard CW,96.2
Donovan Lanteigne,73.70%,73.00%,73.30%,78.00%,477,"{""Second"": {""start"": ""2016-01-23"", ""end"": ""2019-01-24"", ""count"": 17}}","{""NB"": {""start"": ""2016-01-23"", ""end"": ""2019-01-24"", ""count"": 13}, ""NB (Marin)"": {""start"": ""2017-04-18"", ""end"": ""2017-04-21"", ""count"": 4}}",Right,,,,,,,87.50%,75.00%,85.00%,76.20%,60.50%,67.60%,65.90%,80.60%,83.50%,70.30%,67.20%,75.00%,83.90%,82.70%,66.70%,31.20%,50.00%,82.10%,,,,,93.80%,91.70%,,58.30%,53.60%,55.00%,,,95.80%,41.70%,75.00%,75.00%,85.70%,91.70%,,,75.00%,,,,,,1.18,0.44,113,113,31,38.1,25.7,25.7,5.3,12,3,25,13,1,7.7,,,,,,,,,,,,,,,,,,,,,,,,,,,,,,,,,65.60%,80.20%,72.60%,75.40%,,,71.10%,73.30%,,,,,,,,,,,,,Double CCW,31.2,Guard CW,85
Drew Springer,66.90%,74.10%,71.00%,68.80%,300,"{""Third"": {""start"": ""2017-03-18"", ""end"": ""2017-03-22"", ""count"": 5}, ""Fourth"": {""start"": ""2018-03-24"", ""end"": ""2018-03-27"", ""count"": 4}}","{""UofR (Wills)"": {""start"": ""2017-03-18"", ""end"": ""2017-03-22"", ""count"": 5}, ""REG"": {""start"": ""2018-03-24"", ""end"": ""2018-03-27"", ""count"": 4}}",Right,1996,,,,,,87.50%,,59.40%,94.40%,68.30%,62.10%,50.00%,45.00%,69.10%,79.60%,69.10%,66.20%,90.00%,96.70%,58.30%,70.80%,50.00%,52.80%,,,,,,,62.50%,,58.30%,67.90%,50.00%,,62.50%,75.00%,75.00%,75.00%,75.00%,,,50.00%,,12.50%,,,,,0.96,0.27,67,81,26.9,22.2,19.8,19.4,7.5,8,4,50,2,0,0,,,,,,,,,,,,,,,,,,,,,,,,,,,,,,,,,,,60.90%,76.20%,69.50%,68.50%,,,,,,,,,,,,,,,Freeze CCW,45,Guard CCW,94.4
Duncan Mcfadzean,85.80%,83.80%,84.80%,86.10%,1613,"{""Lead"": {""start"": ""2018-03-04"", ""end"": ""2023-04-14"", ""count"": 3}, ""Third"": {""start"": ""2019-02-18"", ""end"": ""2019-02-20"", ""count"": 2}, ""Second"": {""start"": ""2021-10-19"", ""end"": ""2025-04-11"", ""count"": 89}}","{""Scotland"": {""start"": ""2018-03-04"", ""end"": ""2019-02-20"", ""count"": 4}, ""Whyte"": {""start"": ""2021-10-19"", ""end"": ""2025-04-11"", ""count"": 89}}",Right,,,,,,,85.70%,88.80%,93.50%,91.40%,87.20%,79.40%,76.70%,79.00%,87.00%,85.40%,83.00%,83.70%,95.10%,91.80%,80.40%,79.50%,78.80%,80.40%,,,79.70%,89.70%,,85.70%,97.70%,,91.20%,88.50%,79.20%,88.50%,92.50%,86.40%,66.70%,58.30%,93.80%,94.20%,60.70%,82.10%,91.70%,91.70%,,,,,1.17,0.23,397,379,37,34.3,15.6,17.4,19.6,27,4,14.8,38,1,2.6,,,,,,,,,,,,,,,,,,,,,,,,,,,,,,,,,,,,,90.00%,79.20%,91.70%,83.30%,,,75.30%,80.40%,80.90%,81.20%,87.40%,85.10%,86.60%,90.30%,82.90%,85.80%,Freeze CW,76.7,Guard CW,93.5
Duncan Menzies,82.20%,83.40%,82.90%,86.10%,963,"{""Third"": {""start"": ""2015-03-01"", ""end"": ""2024-10-04"", ""count"": 16}, ""Second"": {""start"": ""2019-01-30"", ""end"": ""2022-04-09"", ""count"": 28}}","{""SCO"": {""start"": ""2015-03-01"", ""end"": ""2015-03-08"", ""count"": 4}, ""Scotland"": {""start"": ""2019-01-30"", ""end"": ""2022-04-09"", ""count"": 23}, ""Paterson"": {""start"": ""2021-10-19"", ""end"": ""2021-11-04"", ""count"": 5}, ""Bryce"": {""start"": ""2023-10-17"", ""end"": ""2024-10-04"", ""count"": 12}}",Right,1994,,,,,,,99.00%,91.80%,91.20%,81.40%,83.90%,70.80%,75.00%,83.70%,83.00%,81.20%,78.80%,92.90%,95.80%,73.50%,74.10%,66.10%,62.50%,56.20%,75.00%,43.80%,70.60%,,95.00%,95.50%,83.30%,88.30%,81.50%,,,83.30%,80.00%,,90.00%,,,75.00%,,75.00%,75.00%,,,50.00%,50.00%,1.03,0.35,225,244,32.4,27,26.2,24,8.4,23,2,8.7,23,0,0,,,,,,,,,,,,,,,,,,,,,,,,,,,,,,,87.90%,83.90%,,,,,,,86.90%,83.10%,,,78.90%,77.60%,88.30%,81.00%,85.80%,79.40%,71.60%,72.70%,,,Promotion CW,43.8,Guard CW,91.8
Dustin Kidby,88.60%,88.50%,88.50%,83.40%,1899,"{""Lead"": {""start"": ""2017-03-04"", ""end"": ""2022-04-16"", ""count"": 78}, ""Second"": {""start"": ""2023-05-02"", ""end"": ""2023-05-02"", ""count"": 1}}","{""SK (Casey)"": {""start"": ""2017-03-04"", ""end"": ""2017-03-09"", ""count"": 6}, ""Casey"": {""start"": ""2017-11-07"", ""end"": ""2017-11-10"", ""count"": 4}, ""Dunstone"": {""start"": ""2018-12-05"", ""end"": ""2022-04-16"", ""count"": 33}, ""Canada 1"": {""start"": ""2019-05-08"", ""end"": ""2019-05-11"", ""count"": 4}, ""Canada"": {""start"": ""2019-01-30"", ""end"": ""2019-02-03"", ""count"": 5}, ""SK (Dunstone)"": {""start"": ""2020-02-29"", ""end"": ""2021-03-14"", ""count"": 18}, ""WC2 (Dunstone)"": {""start"": ""2022-03-04"", ""end"": ""2022-03-11"", ""count"": 8}, ""Knapp"": {""start"": ""2023-05-02"", ""end"": ""2023-05-02"", ""count"": 1}}",Right,1985,,,,,,93.20%,93.20%,92.60%,89.40%,83.70%,88.30%,84.80%,87.30%,89.40%,88.90%,82.60%,80.00%,75.00%,67.50%,83.30%,90.00%,83.30%,81.80%,83.30%,56.10%,,,95.20%,95.70%,93.80%,83.30%,91.10%,88.60%,75.00%,,,,,,62.50%,41.70%,,,,83.30%,66.70%,58.00%,,,1.11,0.24,477,449,34.4,33.2,17.1,18.7,15.7,42,8,19,42,3,7.1,,,,,,,,,,,,,,,,,,,,,,,,,,,,,,,,,,,91.70%,83.80%,90.80%,90.00%,86.20%,79.60%,91.50%,83.10%,90.90%,81.10%,88.30%,78.90%,60.70%,57.10%,,,,,Wick CCW,56.1,Guard CW,92.6
Dustin Mikush,78.20%,74.60%,76.30%,92.00%,216,"{""Third"": {""start"": ""2019-01-19"", ""end"": ""2019-01-25"", ""count"": 7}}","{""AB"": {""start"": ""2019-01-19"", ""end"": ""2019-01-25"", ""count"": 7}}",Right,1999,"Saskatoon, SK","Wadena, SK",Student,Wadena Composite School,University of Alberta,95.80%,91.70%,95.50%,97.70%,68.30%,64.20%,0.00%,68.80%,78.80%,74.10%,80.00%,73.30%,81.20%,81.20%,,69.40%,68.80%,75.00%,,,,,,87.50%,,,,75.00%,,75.00%,,,,,75.00%,,,,,,,,,,1.37,0.31,46,59,41.3,27.1,18.6,10.9,30.4,3,0,0,6,1,16.7,,,,,,,,,,,,,,,,,,,,,,,,,,,,,,,,,,,,,,,76.10%,76.40%,,,,,,,,,,,,,Freeze CW,0,Guard CCW,97.7
Dusty Jakomait,77.30%,75.80%,76.50%,67.30%,218,"{""Second"": {""start"": ""2007-03-03"", ""end"": ""2007-03-08"", ""count"": 6}}","{""N.Ont (Harnden)"": {""start"": ""2007-03-03"", ""end"": ""2007-03-08"", ""count"": 6}}",Right,1975,"Sault Ste. Marie, ON","Sault Ste. Marie, ON",,,,91.70%,,75.00%,71.90%,82.70%,78.40%,73.20%,71.70%,82.40%,72.60%,73.60%,79.50%,91.70%,82.10%,75.00%,59.40%,56.20%,80.00%,,,,,,,,37.50%,,,50.00%,75.00%,,25.00%,75.00%,,,87.50%,,,25.00%,0.00%,,,,,1.18,0.3,49,54,34.7,33.3,20.4,24.5,10.2,5,1,20,3,0,0,,,,,,,,,,,,,,,77.90%,75.40%,,,,,,,,,,,,,,,,,,,,,,,,,,,,,,,,,,,,,Raise CW,56.2,Draw CW,82.7
Dylan Macdonald,78.90%,81.70%,80.00%,83.10%,427,"{""Lead"": {""start"": ""2018-01-13"", ""end"": ""2020-01-23"", ""count"": 12}, ""Third"": {""start"": ""2023-03-15"", ""end"": ""2023-03-18"", ""count"": 4}}","{""NB"": {""start"": ""2018-01-13"", ""end"": ""2020-01-23"", ""count"": 12}, ""UNB - M"": {""start"": ""2023-03-15"", ""end"": ""2023-03-18"", ""count"": 4}}",Right,,,,,,,89.70%,91.80%,93.80%,84.10%,71.80%,73.00%,82.10%,85.00%,72.70%,82.10%,69.60%,85.40%,,,66.70%,68.80%,75.00%,75.00%,,,,,92.90%,87.50%,,,55.60%,65.60%,,,62.50%,,,,,,,50.00%,,,,,,,0.97,0.39,100,111,26,25.2,27,27,-1,14,2,14.3,8,0,0,,,,,,,,,,,,,,,,,,,,,,,,,,,,,,,,,,,,,81.00%,80.60%,,,80.90%,80.00%,,,,,77.30%,78.40%,,,,,Double CW,66.7,Guard CW,93.8
Dylan Webster,91.70%,87.90%,88.80%,82.60%,470,"{""Lead"": {""start"": ""2022-10-18"", ""end"": ""2024-10-05"", ""count"": 27}}","{""Sluchinski"": {""start"": ""2022-10-18"", ""end"": ""2024-10-05"", ""count"": 21}, ""AB-S (Sluchinski)"": {""start"": ""2024-03-01"", ""end"": ""2024-03-07"", ""count"": 6}}",Right,1991,"Red Deer, AB","Calgary, AB",Finance,Sundre High School,University of Calgary,98.30%,93.60%,83.30%,88.60%,85.00%,84.20%,81.20%,78.60%,80.00%,72.50%,,60.00%,,,50.00%,,,62.50%,,,,,,92.50%,50.00%,50.00%,,85.70%,,,,,,,,,,,,,,,,,0.97,0.25,123,108,25.2,25.9,17.6,22,3.2,19,4,21.1,7,1,14.3,,,,,,,,,,,,,,,,,,,,,,,,,,,,,,,,,,,,,,,,,,,,,89.50%,,89.70%,84.10%,89.60%,70.80%,,,Double CW,50,Guard CCW,88.6
E.j. Harnden,84.80%,85.30%,85.10%,86.40%,3151,"{""Third"": {""start"": ""2010-03-06"", ""end"": ""2010-03-13"", ""count"": 8}, ""Second"": {""start"": ""2013-03-02"", ""end"": ""2025-04-12"", ""count"": 139}, ""Lead"": {""start"": ""2023-01-10"", ""end"": ""2023-01-10"", ""count"": 1}}","{""NO (Jacobs)"": {""start"": ""2010-03-06"", ""end"": ""2013-03-10"", ""count"": 15}, ""Gushue"": {""start"": ""2017-08-26"", ""end"": ""2024-10-06"", ""count"": 75}, ""CA (Gushue)"": {""start"": ""2023-03-03"", ""end"": ""2024-03-10"", ""count"": 19}, ""CAN (Gushue)"": {""start"": ""2023-04-01"", ""end"": ""2024-04-07"", ""count"": 18}, ""MB (Dunstone)"": {""start"": ""2025-02-28"", ""end"": ""2025-03-09"", ""count"": 10}, ""Dunstone"": {""start"": ""2025-01-14"", ""end"": ""2025-04-12"", ""count"": 10}}",Right,1983,"Sault Ste. Marie, ON","Sault Ste. Marie, ON","Brand Manager - INSTANT Games, Ontario Lottery and Gaming Corporation",Sir James Dunn,Algoma University,92.90%,96.40%,94.00%,90.70%,82.80%,82.20%,79.00%,81.00%,86.30%,87.00%,81.60%,82.60%,94.30%,93.90%,74.70%,76.70%,76.10%,76.80%,,,68.80%,64.70%,,,90.00%,93.80%,92.00%,85.00%,71.90%,86.40%,81.60%,86.20%,92.90%,,92.80%,95.20%,71.70%,65.90%,,86.10%,,,50.00%,,1.35,0.35,718,810,43.3,39.4,24.1,10.3,33,35,8,22.9,114,2,1.8,,,,,,,,,,,,,,,,,,,,,77.10%,87.10%,,,,,83.30%,89.80%,,,,,,,85.70%,85.70%,,,,,,,,,83.70%,81.00%,86.80%,83.90%,85.50%,84.50%,87.70%,87.10%,Promotion CCW,64.7,Guard CW,94
Eddie Mackenzie,70.40%,68.10%,69.20%,58.60%,771,"{""Fourth"": {""start"": ""2011-03-05"", ""end"": ""2021-03-11"", ""count"": 31}}","{""PE (Mackenzie)"": {""start"": ""2011-03-05"", ""end"": ""2011-03-10"", ""count"": 6}, ""PEI (Mackenzie)"": {""start"": ""2013-03-02"", ""end"": ""2013-03-07"", ""count"": 6}, ""PE (MacKenzie)"": {""start"": ""2015-11-08"", ""end"": ""2021-03-11"", ""count"": 13}, ""PE"": {""start"": ""2018-03-03"", ""end"": ""2018-03-09"", ""count"": 6}}",Right,,"Charlottetown, PEI","Charlottetown, PEI","Accountant/Real Estate , CARI Complex",,UPEI/CGA,,,87.50%,93.80%,67.50%,72.30%,55.90%,56.60%,73.70%,68.30%,65.60%,62.80%,88.20%,,60.70%,40.40%,66.70%,61.10%,,,,,,,81.20%,87.50%,58.80%,73.60%,75.00%,50.00%,65.00%,55.00%,83.30%,56.20%,25.00%,,8.30%,33.30%,54.20%,31.20%,,,,,0.89,0.24,205,182,23.4,28.6,18.1,31.7,-8.3,33,3,9.1,10,2,20,,,,,,,,,,,,,,,,,,,,,,,66.70%,60.10%,,,70.20%,75.60%,,,68.80%,66.10%,,,71.30%,54.20%,83.80%,75.70%,,,,,67.30%,59.40%,,,,,,,,,Double CCW,40.4,Guard CCW,93.8
Ekaterina Galkina,87.80%,83.50%,85.80%,84.50%,825,"{""Third"": {""start"": ""2009-03-13"", ""end"": ""2009-03-15"", ""count"": 2}, ""Lead"": {""start"": ""2010-02-16"", ""end"": ""2015-03-22"", ""count"": 33}}","{""RUS"": {""start"": ""2009-03-13"", ""end"": ""2015-03-22"", ""count"": 35}}",Right,,,,,,,92.10%,91.90%,86.10%,78.80%,87.50%,82.00%,50.00%,0.00%,91.50%,88.20%,83.00%,84.40%,,83.30%,50.00%,66.70%,85.00%,58.30%,57.10%,60.00%,,,,,,62.50%,93.50%,94.10%,,,,75.00%,,83.30%,,,,,,,50.00%,56.20%,,,1.23,0.48,186,223,38.2,35,28.3,14,24.2,16,2,12.5,29,2,6.9,,,,,,,,,,,,,,,,,,,57.40%,83.70%,85.60%,78.50%,,,,,,,88.80%,82.50%,86.90%,85.70%,,,,,,,,,,,,,,,,,,,,,Freeze CCW,0,Take-out CW,91.5
Ekaterina Kuzmina,80.90%,84.40%,82.90%,75.30%,1920,"{""Second"": {""start"": ""2015-03-03"", ""end"": ""2021-04-18"", ""count"": 7}, ""Lead"": {""start"": ""2016-03-09"", ""end"": ""2022-02-17"", ""count"": 70}}","{""RUS"": {""start"": ""2015-03-03"", ""end"": ""2015-03-06"", ""count"": 3}, ""Russia"": {""start"": ""2016-03-09"", ""end"": ""2021-11-26"", ""count"": 39}, ""Kovaleva"": {""start"": ""2021-04-15"", ""end"": ""2021-11-06"", ""count"": 18}, ""RCF"": {""start"": ""2021-04-29"", ""end"": ""2021-05-08"", ""count"": 10}, ""ROC (Kovaleva)"": {""start"": ""2022-02-10"", ""end"": ""2022-02-17"", ""count"": 7}}",Right,1996,,,,,,90.80%,92.70%,78.90%,83.60%,78.00%,83.80%,88.50%,70.80%,78.10%,82.30%,70.70%,69.70%,81.20%,87.50%,59.40%,73.50%,81.70%,67.00%,52.60%,58.30%,,0.00%,87.50%,97.00%,95.00%,87.50%,85.40%,81.80%,25.00%,,50.00%,68.80%,,75.00%,70.80%,92.90%,,,62.50%,50.00%,39.60%,61.70%,,,1.16,0.31,469,470,34.8,35.5,23.4,17.3,17.5,38,6,15.8,49,4,8.2,,,,,,,,,,,,,,,,,,,,,,,,,,,,,,,73.90%,79.50%,86.50%,75.00%,74.80%,64.90%,85.70%,76.00%,86.00%,77.10%,,,86.50%,74.00%,89.80%,64.30%,,,,,,,Promotion CCW,0,Freeze CW,88.5
Elena Antonia Mathis,70.00%,81.30%,76.30%,75.90%,214,"{""Third"": {""start"": ""2022-10-18"", ""end"": ""2023-01-14"", ""count"": 14}}","{""Keiser"": {""start"": ""2022-10-18"", ""end"": ""2023-01-14"", ""count"": 14}}",Right,1999,,,,,,81.20%,,82.50%,89.60%,52.40%,75.80%,75.00%,,76.00%,82.20%,61.10%,73.40%,93.80%,,65.00%,95.00%,58.30%,70.80%,,,,,,,,91.70%,66.70%,64.30%,,,91.70%,,,,,,,,50.00%,66.70%,,,,,0.9,0.31,52,49,23.1,28.6,20.4,28.8,-5.7,6,0,0,3,0,0,,,,,,,,,,,,,,,,,,,,,,,,,,,,,,,,,,,,,,,,,,,,,68.80%,76.20%,84.60%,80.90%,,,,,Draw CW,52.4,Double CCW,95
Elena Stern,77.90%,77.20%,77.50%,74.80%,387,"{""Lead"": {""start"": ""2015-03-02"", ""end"": ""2015-03-06"", ""count"": 4}, ""Third"": {""start"": ""2015-03-06"", ""end"": ""2021-04-24"", ""count"": 15}, ""Fourth"": {""start"": ""2016-03-08"", ""end"": ""2016-03-08"", ""count"": 1}}","{""SUI"": {""start"": ""2015-03-02"", ""end"": ""2015-03-08"", ""count"": 6}, ""Switzerland"": {""start"": ""2016-03-08"", ""end"": ""2017-02-06"", ""count"": 5}, ""Stern"": {""start"": ""2021-04-15"", ""end"": ""2021-04-24"", ""count"": 8}}",Right,1995,,,,,,98.60%,96.70%,88.30%,91.70%,78.40%,73.80%,55.00%,66.70%,81.00%,81.30%,76.40%,76.20%,70.80%,70.80%,47.20%,58.80%,75.00%,95.00%,50.00%,50.00%,25.00%,66.70%,,83.30%,,83.30%,84.40%,75.00%,,,,,,50.00%,62.50%,79.20%,,66.70%,62.50%,,50.00%,50.00%,,,0.84,0.27,97,89,20.6,37.1,21.3,26.8,-6.2,8,2,25,8,0,0,,,,,,,,,,,,,,,,,,,,,,,,,,,,,,,88.50%,75.90%,54.20%,71.70%,85.00%,71.40%,,,,,,,74.60%,76.30%,,,,,,,,,Promotion CW,25,Raise CCW,95
Elias Huminicki,81.90%,81.60%,81.70%,86.90%,215,"{""Second"": {""start"": ""2022-03-30"", ""end"": ""2025-01-17"", ""count"": 8}, ""Third"": {""start"": ""2023-02-07"", ""end"": ""2023-02-11"", ""count"": 4}}","{""MB1 (McDonald)"": {""start"": ""2022-03-30"", ""end"": ""2022-03-30"", ""count"": 1}, ""MB1 (Freeman)"": {""start"": ""2023-02-07"", ""end"": ""2023-02-11"", ""count"": 4}, ""McDonald"": {""start"": ""2024-09-25"", ""end"": ""2025-01-17"", ""count"": 7}}",Right,2004,,,,,,,,93.80%,80.00%,85.70%,73.80%,87.50%,87.50%,80.80%,87.00%,67.90%,83.30%,90.40%,92.30%,69.40%,64.60%,,83.30%,,,81.20%,75.00%,,,75.00%,,50.00%,68.80%,93.80%,,,93.80%,,,,91.70%,,,,83.30%,,,,,1.04,0.34,52,50,28.8,36,28,23.1,5.7,5,0,0,5,0,0,,,,,,,,,,,,,,,,,,,,,,,,,,,,,,,,,,,,,,,,,,,,,70.00%,96.40%,79.50%,83.50%,83.80%,74.30%,89.00%,77.90%,Double CCW,64.6,Guard CW,93.8
Emily Cooney,66.40%,63.80%,65.20%,67.40%,358,"{""Second"": {""start"": ""2017-03-18"", ""end"": ""2018-01-19"", ""count"": 12}}","{""LH (Beaudry)"": {""start"": ""2017-03-18"", ""end"": ""2017-03-22"", ""count"": 5}, ""NO"": {""start"": ""2018-01-13"", ""end"": ""2018-01-19"", ""count"": 7}}",Right,,,,,,,79.20%,55.00%,66.70%,67.90%,58.40%,55.00%,54.40%,58.30%,76.00%,72.90%,75.00%,57.80%,72.90%,70.60%,50.00%,0.00%,50.00%,50.00%,,,,,75.00%,37.50%,,75.00%,45.80%,,62.50%,,70.00%,70.00%,,,90.00%,25.00%,,,,25.00%,,,,,1.06,0.25,89,81,21.3,42,17.3,22.5,-1.2,10,1,10,6,1,16.7,,,,,,,,,,,,,,,,,,,,,,,,,,,,,,,,,,,56.60%,65.20%,62.10%,76.30%,,,,,,,,,,,,,,,Double CCW,0,Take-out CW,76
Emily Lloyd,77.40%,78.20%,78.00%,78.30%,212,"{""Lead"": {""start"": ""2017-01-21"", ""end"": ""2017-01-27"", ""count"": 7}}","{""NS (Clarke)"": {""start"": ""2017-01-21"", ""end"": ""2017-01-27"", ""count"": 7}}",Right,,,,,,,84.00%,83.50%,,75.00%,76.20%,77.00%,87.50%,53.60%,75.00%,75.00%,65.00%,87.50%,,,,,0.00%,75.00%,,0.00%,,,,92.90%,,,,58.30%,,,,,,75.00%,,,,,,,,0.00%,,,1.04,0.33,47,57,27.7,29.8,24.6,23.4,4.3,4,2,50,2,0,0,,,,,,,,,,,,,,,,,,,,,,,,,,,,,,,,,,,79.50%,71.30%,,,,,,,,,,,,,,,,,Raise CW,0,Freeze CW,87.5
Emily Riley,76.40%,75.50%,75.90%,72.40%,1306,"{""Lead"": {""start"": ""2016-01-23"", ""end"": ""2018-01-13"", ""count"": 8}, ""Second"": {""start"": ""2018-01-13"", ""end"": ""2024-02-22"", ""count"": 36}, ""Third"": {""start"": ""2023-02-17"", ""end"": ""2023-02-24"", ""count"": 7}}","{""QC"": {""start"": ""2016-01-23"", ""end"": ""2019-01-25"", ""count"": 23}, ""QC (St-Georges)"": {""start"": ""2021-02-20"", ""end"": ""2023-02-24"", ""count"": 21}, ""QC (St. Georges)"": {""start"": ""2024-02-16"", ""end"": ""2024-02-22"", ""count"": 6}}",Right,1997,"Kirkland, QC","Kirkland, QC",Student,,McGill University,77.70%,85.50%,86.40%,76.70%,72.90%,70.10%,62.00%,70.00%,77.80%,77.60%,71.30%,65.40%,88.60%,88.50%,70.10%,70.50%,51.30%,54.40%,,,,,83.30%,89.30%,89.30%,95.00%,78.80%,70.70%,12.50%,75.00%,67.90%,75.00%,,70.80%,85.00%,90.60%,50.00%,75.00%,50.00%,,,,,,1.05,0.46,309,319,30.7,30.7,27.3,22.7,8,27,7,25.9,34,1,2.9,,,,,,,,,,,,,,,,,,,,,,,,,,,,,,,,,79.00%,69.10%,,,72.00%,80.60%,72.90%,80.10%,,,74.00%,74.60%,72.30%,72.70%,69.60%,78.60%,76.20%,78.20%,,,Raise CW,51.3,Guard CW,86.4
Emily Zacharias,80.20%,79.40%,79.80%,74.40%,2695,"{""Second"": {""start"": ""2017-04-18"", ""end"": ""2024-11-29"", ""count"": 105}, ""Third"": {""start"": ""2019-01-22"", ""end"": ""2019-01-25"", ""count"": 3}, ""Lead"": {""start"": ""2022-10-04"", ""end"": ""2023-05-06"", ""count"": 24}}","{""MB (Zachachar*)"": {""start"": ""2017-04-18"", ""end"": ""2017-04-21"", ""count"": 4}, ""MB"": {""start"": ""2019-01-19"", ""end"": ""2020-01-26"", ""count"": 15}, ""Canada"": {""start"": ""2020-02-15"", ""end"": ""2020-02-22"", ""count"": 8}, ""Zacharias"": {""start"": ""2021-10-25"", ""end"": ""2022-04-15"", ""count"": 11}, ""WC2 (Zacharias)"": {""start"": ""2021-02-19"", ""end"": ""2021-02-25"", ""count"": 7}, ""Jones"": {""start"": ""2022-09-23"", ""end"": ""2024-04-12"", ""count"": 52}, ""MB (Zacharias)"": {""start"": ""2022-01-29"", ""end"": ""2022-02-04"", ""count"": 7}, ""MB (Jones)"": {""start"": ""2023-02-18"", ""end"": ""2024-02-25"", ""count"": 14}, ""Carey"": {""start"": ""2024-09-26"", ""end"": ""2024-11-29"", ""count"": 11}}",Right,2001,,,,,,87.90%,90.20%,83.50%,88.80%,80.70%,76.10%,74.00%,82.30%,81.30%,78.30%,71.20%,73.90%,83.70%,88.60%,71.20%,66.90%,68.10%,73.80%,0.00%,50.00%,77.80%,47.20%,92.00%,97.90%,87.50%,80.00%,79.50%,74.10%,63.60%,50.00%,90.30%,80.00%,90.00%,53.60%,78.80%,91.80%,82.10%,87.50%,43.80%,65.00%,,,50.00%,50.00%,1.2,0.38,638,654,36.4,35.6,25.1,23,13.4,49,9,18.4,76,4,5.3,,,,,,,,,,,,,,,,,,,,,,,,,,,,,,,,,,,80.90%,69.60%,,,79.70%,79.40%,79.90%,79.00%,74.60%,74.70%,80.50%,84.30%,85.10%,81.80%,80.90%,77.00%,,,Wick CW,0,Guard CCW,88.8
Emira Abbes,74.10%,75.00%,74.60%,70.30%,1982,"{""Third"": {""start"": ""2017-11-20"", ""end"": ""2023-03-24"", ""count"": 60}, ""Lead"": {""start"": ""2017-12-06"", ""end"": ""2017-12-09"", ""count"": 4}, ""Second"": {""start"": ""2017-02-03"", ""end"": ""2017-02-04"", ""count"": 2}, ""Fourth"": {""start"": ""2023-11-18"", ""end"": ""2023-11-23"", ""count"": 6}}","{""Germany"": {""start"": ""2017-02-03"", ""end"": ""2022-11-23"", ""count"": 58}, ""GER (Hoehne)"": {""start"": ""2023-11-18"", ""end"": ""2023-11-23"", ""count"": 6}, ""GER (Jentsch)"": {""start"": ""2023-03-18"", ""end"": ""2023-03-24"", ""count"": 7}}",Right,,,,,,,85.30%,87.80%,74.10%,83.20%,70.00%,73.60%,60.00%,56.20%,80.70%,75.90%,74.50%,73.40%,83.70%,81.20%,71.00%,69.60%,65.40%,68.30%,25.00%,12.50%,57.70%,70.10%,92.50%,87.50%,86.40%,96.90%,79.20%,70.80%,50.00%,50.00%,71.40%,,70.00%,50.00%,91.70%,83.30%,63.90%,50.00%,80.00%,75.00%,,0.00%,35.00%,91.70%,1.08,0.31,480,494,29.8,32.2,22.5,22.1,7.7,51,10,19.6,39,3,7.7,,,,,,,,,,,,,,,,,,,,,,,,,,,,,,,,,,,77.50%,79.50%,69.20%,76.10%,73.80%,73.60%,,,67.70%,73.80%,77.80%,73.20%,78.50%,73.90%,,,,,Wick CCW,12.5,Guard CCW,83.2
Emma Le Blanc,67.20%,74.40%,71.10%,79.80%,695,"{""Third"": {""start"": ""2016-01-23"", ""end"": ""2019-01-25"", ""count"": 26}}","{""NB"": {""start"": ""2016-01-23"", ""end"": ""2019-01-25"", ""count"": 21}, ""NB (Comeau)"": {""start"": ""2017-04-18"", ""end"": ""2017-04-22"", ""count"": 5}}",Right,,,,,,,70.00%,92.50%,75.00%,76.90%,65.40%,67.20%,44.60%,75.00%,67.40%,76.80%,61.00%,70.20%,87.10%,85.00%,50.00%,84.10%,46.40%,68.20%,,,,,,83.30%,68.80%,,43.80%,69.20%,62.50%,,67.90%,82.10%,,,93.80%,,50.00%,87.50%,87.50%,,,,,,1.08,0.58,170,165,34.1,32.7,32.7,22.4,11.7,12,2,16.7,20,0,0,,,,,,,,,,,,,,,,,,,,,,,,,,,,,,,,,70.00%,72.90%,62.90%,72.00%,74.00%,76.00%,64.90%,68.00%,,,,,,,,,,,,,Freeze CW,44.6,Double CCW,84.1
Emma Logan,70.50%,75.40%,73.90%,78.40%,409,"{""Fourth"": {""start"": ""2017-03-18"", ""end"": ""2017-03-21"", ""count"": 4}, ""Lead"": {""start"": ""2020-02-15"", ""end"": ""2021-02-24"", ""count"": 12}}","{""STFX (Logan)"": {""start"": ""2017-03-18"", ""end"": ""2017-03-21"", ""count"": 4}, ""NS (Arsenault)"": {""start"": ""2020-02-15"", ""end"": ""2020-02-20"", ""count"": 6}, ""NS (Brothers)"": {""start"": ""2021-02-19"", ""end"": ""2021-02-24"", ""count"": 6}}",Right,1997,"Halifax, NS","Halifax, NS",,,,88.00%,88.00%,91.70%,83.30%,66.30%,72.90%,75.00%,37.50%,63.90%,71.60%,63.50%,86.10%,,,0.00%,12.50%,,43.80%,,25.00%,,,90.00%,94.20%,,,56.20%,78.10%,,,,,,,,,,,,87.50%,,0.00%,,,0.92,0.43,105,97,24.8,33,27.8,29.5,-4.7,12,1,8.3,9,0,0,,,,,,,,,,,,,,,,,,,,,,,,,,,,,,,,,,,64.40%,65.20%,,,,,84.50%,70.20%,74.60%,66.00%,,,,,,,,,Double CW,0,Guard CW,91.7
Emma Miskew,82.60%,82.90%,82.70%,77.70%,6436,"{""Third"": {""start"": ""2011-02-19"", ""end"": ""2022-05-07"", ""count"": 135}, ""Fourth"": {""start"": ""2018-09-14"", ""end"": ""2022-02-03"", ""count"": 8}, ""Second"": {""start"": ""2022-09-22"", ""end"": ""2025-04-13"", ""count"": 138}}","{""ON(Homan)"": {""start"": ""2011-02-19"", ""end"": ""2011-02-27"", ""count"": 8}, ""ON (Homan)"": {""start"": ""2013-02-16"", ""end"": ""2024-02-25"", ""count"": 60}, ""Homan"": {""start"": ""2015-12-02"", ""end"": ""2025-04-13"", ""count"": 160}, ""Koe"": {""start"": ""2017-08-26"", ""end"": ""2017-08-27"", ""count"": 2}, ""CAN (Homan)"": {""start"": ""2017-03-18"", ""end"": ""2025-03-23"", ""count"": 43}, ""WC3 (Miskew)"": {""start"": ""2022-01-28"", ""end"": ""2022-02-03"", ""count"": 7}}",Right,1989,"Ottawa, ON","Ottawa, ON","Project Coordinator, Senate of Canada",,Carleton University,89.10%,94.10%,89.30%,91.10%,78.80%,80.70%,74.50%,75.00%,84.70%,84.20%,80.20%,78.00%,90.60%,91.40%,76.00%,71.30%,76.50%,78.70%,54.50%,91.70%,77.10%,72.30%,85.00%,92.30%,87.00%,91.40%,77.80%,86.10%,80.90%,62.50%,86.50%,92.50%,85.20%,89.60%,92.10%,90.70%,80.80%,75.00%,63.80%,84.10%,0.00%,,75.00%,31.20%,1.3,0.37,1510,1609,40.8,38.5,25.8,15,25.8,65,19,29.2,218,8,3.7,,,,,,,,,,,,,,,,,,,,,,,69.80%,79.00%,,,73.90%,81.60%,,,85.60%,84.00%,76.10%,82.80%,80.20%,86.00%,81.70%,83.30%,79.10%,86.30%,84.60%,84.70%,80.70%,80.40%,80.70%,80.70%,84.60%,83.30%,84.80%,84.70%,84.70%,82.90%,Wick CW,54.5,Wick CCW,91.7
Enrico Pfister,81.00%,79.90%,80.40%,83.70%,440,"{""Second"": {""start"": ""2016-04-02"", ""end"": ""2016-04-07"", ""count"": 6}, ""Third"": {""start"": ""2018-03-31"", ""end"": ""2018-04-06"", ""count"": 7}}","{""Switzerland"": {""start"": ""2016-04-02"", ""end"": ""2016-04-07"", ""count"": 6}, ""SUI (Pfister)"": {""start"": ""2018-03-31"", ""end"": ""2018-04-06"", ""count"": 7}}",Right,1991,,,Curler,,,86.40%,96.90%,95.60%,84.50%,80.70%,71.70%,,50.00%,79.50%,82.10%,75.00%,87.90%,89.60%,84.40%,73.10%,76.30%,63.60%,57.50%,50.00%,,81.20%,53.60%,,95.00%,95.00%,,78.60%,65.90%,,,,,,,,85.70%,,50.00%,,50.00%,,,,,1,0.29,107,105,29.9,28.6,18.1,16.8,13.1,9,0,0,9,1,11.1,,,,,,,,,,,,,,,,,,,,,,,,,,,,,,,,,79.00%,80.70%,,,84.80%,78.30%,,,,,,,,,,,,,,,Freeze CCW,50,Guard CW,95.6
Eric Bradey,69.70%,70.30%,70.10%,73.00%,288,"{""Fourth"": {""start"": ""2016-03-20"", ""end"": ""2018-03-27"", ""count"": 8}}","{""BRK"": {""start"": ""2016-03-20"", ""end"": ""2018-03-27"", ""count"": 8}}",Right,,,,,,,,,88.90%,77.50%,72.40%,71.30%,61.10%,,81.10%,70.20%,52.30%,69.20%,88.90%,85.70%,37.50%,50.00%,35.00%,47.50%,,,,,,,,,80.00%,72.70%,,,58.30%,31.20%,,87.50%,,,,0.00%,,,,,,,0.94,0.36,68,77,22.1,24.7,23.4,22.1,0,10,1,10,6,1,16.7,,,,,,,,,,,,,,,,,,,,,,,,,,,,,,,,,74.00%,64.90%,,,73.00%,68.90%,,,,,,,,,,,,,,,Raise CW,35,Guard CW,88.9
Eric Sylvain,80.30%,82.90%,82.00%,86.30%,1787,"{""Second"": {""start"": ""2002-03-09"", ""end"": ""2019-03-06"", ""count"": 57}}","{""QC (Roberge)"": {""start"": ""2002-03-09"", ""end"": ""2002-03-14"", ""count"": 6}, ""QUE (Menard)"": {""start"": ""2006-03-11"", ""end"": ""2009-03-13"", ""count"": 16}, ""QC (Menard)"": {""start"": ""2008-03-08"", ""end"": ""2016-03-11"", ""count"": 19}, ""QC (Ménard)"": {""start"": ""2017-03-04"", ""end"": ""2017-03-10"", ""count"": 7}, ""Menard"": {""start"": ""2017-11-07"", ""end"": ""2017-11-10"", ""count"": 4}, ""QC"": {""start"": ""2019-03-02"", ""end"": ""2019-03-06"", ""count"": 5}}",Right,1971,"Thetford Mines, QC","Levis, QC","General Manager, Club de golf Saint-Michel",,,95.80%,92.40%,89.10%,89.10%,79.70%,72.60%,65.90%,77.60%,75.40%,85.50%,78.40%,82.00%,90.80%,91.50%,65.40%,75.60%,73.30%,73.00%,,,,,98.50%,,75.00%,91.70%,,77.90%,83.30%,88.90%,87.50%,70.80%,,,,93.40%,81.20%,66.70%,82.10%,70.80%,,,,,1.15,0.26,436,431,34.2,39.9,17.9,17.9,16.3,34,5,14.7,42,5,11.9,,,,,82.40%,80.60%,,,,,,,74.70%,76.60%,,,76.10%,77.60%,83.20%,87.20%,,,,,,,82.20%,86.50%,,,,,87.30%,88.30%,80.40%,84.40%,,,76.80%,78.60%,,,,,,,,,,,,,Double CW,65.4,Guard CW,89.1
Erica Cluff,63.80%,70.70%,67.60%,76.00%,226,"{""Third"": {""start"": ""2019-01-20"", ""end"": ""2020-03-15"", ""count"": 8}}","{""NB"": {""start"": ""2019-01-20"", ""end"": ""2019-01-23"", ""count"": 3}, ""UNB (w)"": {""start"": ""2020-03-11"", ""end"": ""2020-03-15"", ""count"": 5}}",Right,,,,,,,,90.00%,75.00%,65.00%,62.10%,66.70%,65.00%,41.70%,60.60%,76.70%,66.10%,67.40%,75.00%,71.90%,50.00%,66.70%,33.30%,50.00%,,,,,,83.30%,75.00%,87.50%,50.00%,80.00%,,,,,75.00%,75.00%,75.00%,,,62.50%,0.00%,,,,,,0.95,0.46,57,52,24.6,30.8,32.7,26.3,-1.7,7,3,42.9,3,0,0,,,,,,,,,,,,,,,,,,,,,,,,,,,,,,,,,,,,,,,69.80%,72.00%,66.30%,66.30%,,,,,,,,,,,Raise CW,33.3,Take-out CCW,76.7
Erica Curtis,74.70%,75.40%,75.10%,72.90%,762,"{""Lead"": {""start"": ""2017-02-18"", ""end"": ""2018-02-02"", ""count"": 14}, ""Fourth"": {""start"": ""2020-02-15"", ""end"": ""2020-02-19"", ""count"": 5}, ""Third"": {""start"": ""2023-02-18"", ""end"": ""2024-02-22"", ""count"": 12}}","{""NL (Curtis)"": {""start"": ""2017-02-18"", ""end"": ""2024-02-22"", ""count"": 24}, ""NL"": {""start"": ""2018-01-27"", ""end"": ""2018-02-02"", ""count"": 7}}",Right,1991,,,,,,88.80%,84.70%,81.20%,78.40%,71.10%,74.80%,81.70%,78.60%,73.60%,76.30%,67.90%,64.60%,59.40%,87.50%,68.80%,57.10%,75.00%,58.30%,42.50%,25.00%,,,95.00%,97.50%,50.00%,,72.90%,63.60%,83.30%,62.50%,66.70%,50.00%,50.00%,,75.00%,,,,,58.30%,75.00%,12.50%,,,1.07,0.25,196,173,31.1,38.2,16.2,31.1,0,28,6,21.4,15,2,13.3,,,,,,,,,,,,,,,,,,,,,,,,,,,,,,,,,,,80.40%,66.50%,84.70%,80.00%,,,58.50%,63.60%,,,,,77.20%,69.80%,76.70%,75.40%,,,Wick CCW,25,Freeze CW,81.7
Erika Brown,83.00%,80.50%,81.60%,62.30%,209,"{""Fourth"": {""start"": ""2016-03-19"", ""end"": ""2016-03-24"", ""count"": 6}}","{""USA (Brown)"": {""start"": ""2016-03-19"", ""end"": ""2016-03-24"", ""count"": 6}}",Right,1973,"Madison, WI","Oakville, ON","Physician Assistant, Stonechurch Family Medical Centre",,University of Wisconsin,25.00%,,,93.80%,76.00%,78.80%,75.00%,41.70%,89.20%,84.00%,84.60%,85.70%,,,75.00%,56.20%,77.30%,45.80%,,,,,,,,87.50%,,12.50%,,,83.30%,90.00%,50.00%,,,,,37.50%,,0.00%,,,,,1.1,0.19,48,54,31.2,42.6,14.8,10.4,20.8,2,0,0,3,0,0,,,,,,,,,,,,,,,,,,,,,,,,,,,,,,,,,78.80%,83.30%,,,,,,,,,,,,,,,,,,,Freeze CCW,41.7,Guard CCW,93.8
Erika Tuvike,75.70%,68.10%,73.00%,53.40%,1153,"{""Lead"": {""start"": ""2019-11-16"", ""end"": ""2021-12-15"", ""count"": 21}, ""Third"": {""start"": ""2023-11-18"", ""end"": ""2023-11-23"", ""count"": 6}, ""Fourth"": {""start"": ""2024-03-16"", ""end"": ""2024-11-21"", ""count"": 13}}","{""Estonia"": {""start"": ""2019-11-16"", ""end"": ""2021-12-15"", ""count"": 21}, ""EST (Kaldvee)"": {""start"": ""2023-11-18"", ""end"": ""2023-11-23"", ""count"": 6}, ""EST (Turmann)"": {""start"": ""2024-03-16"", ""end"": ""2024-11-21"", ""count"": 13}}",Right,,,,,,,84.60%,88.80%,70.40%,87.50%,75.30%,62.30%,25.00%,75.00%,70.50%,68.70%,74.20%,61.00%,85.70%,71.10%,53.30%,54.00%,79.80%,65.60%,57.50%,70.00%,57.50%,38.90%,88.20%,87.50%,65.60%,70.80%,62.50%,66.20%,25.00%,,50.00%,10.00%,66.70%,0.00%,,75.00%,50.00%,33.30%,50.00%,,66.70%,0.00%,,0.00%,0.92,0.2,301,263,25.6,31.9,16,33.6,-8,46,6,13,10,4,40,,,,,,,,,,,,,,,,,,,,,,,,,,,,,,,,,,,,,,,77.50%,62.50%,,,80.00%,62.70%,,,87.70%,72.40%,63.60%,67.70%,,,Freeze CW,25,Guard CCW,87.5
Erin Carmody,79.10%,74.10%,77.50%,70.80%,544,"{""Third"": {""start"": ""2019-02-16"", ""end"": ""2021-10-29"", ""count"": 15}, ""Lead"": {""start"": ""2024-02-17"", ""end"": ""2024-02-22"", ""count"": 6}}","{""NS (Brothers)"": {""start"": ""2019-02-16"", ""end"": ""2021-02-24"", ""count"": 11}, ""Brothers"": {""start"": ""2021-10-26"", ""end"": ""2021-10-29"", ""count"": 4}, ""NS (Smith)"": {""start"": ""2024-02-17"", ""end"": ""2024-02-22"", ""count"": 6}}",Right,1988,"Summerside , PEI",,,,"University of Prince Edward Island, University of Alberta",90.20%,78.80%,82.90%,75.00%,77.00%,76.00%,54.20%,45.80%,84.40%,76.90%,70.30%,77.50%,86.70%,66.70%,70.60%,54.20%,57.10%,25.00%,,62.50%,,,88.60%,75.00%,83.30%,,75.00%,68.80%,25.00%,50.00%,80.00%,,75.00%,81.20%,85.00%,,87.50%,,25.00%,,,62.50%,,,1.05,0.27,131,135,28.2,33.3,20.7,22.1,6.1,16,2,12.5,10,1,10,,,,,,,,,,,,,,,,,,,,,,,,,,,,,,,,,,,,,,,75.60%,77.20%,,,71.90%,73.80%,,,,,83.90%,91.10%,,,Raise CCW,25,Take-out CW,84.4
Erin Pincott,79.00%,78.20%,78.60%,78.00%,1238,"{""Third"": {""start"": ""2016-03-20"", ""end"": ""2024-10-04"", ""count"": 47}, ""Lead"": {""start"": ""2021-11-25"", ""end"": ""2021-11-25"", ""count"": 1}}","{""TRU"": {""start"": ""2016-03-20"", ""end"": ""2018-03-28"", ""count"": 9}, ""BC (Brown)"": {""start"": ""2020-02-15"", ""end"": ""2024-02-22"", ""count"": 20}, ""Brown"": {""start"": ""2021-10-25"", ""end"": ""2024-10-04"", ""count"": 16}, ""Walker"": {""start"": ""2021-11-22"", ""end"": ""2021-11-25"", ""count"": 3}}",Right,1995,"Kamloops, BC","Kamloops, BC",Student,South Kamloops Secondary,Thompson Rivers University,85.00%,98.60%,86.60%,88.00%,68.20%,73.00%,76.00%,63.90%,80.10%,80.90%,78.80%,71.80%,93.40%,87.70%,75.00%,76.30%,73.80%,70.00%,,,,,75.00%,,96.40%,86.10%,65.00%,61.70%,50.00%,75.00%,82.70%,82.80%,37.50%,75.00%,90.40%,96.00%,,,,75.00%,,,,,1.15,0.41,284,304,33.1,37.5,26.3,23.9,9.2,25,3,12,40,2,5,,,,,,,,,,,,,,,,,,,,,,,,,,,,,,,,,70.60%,82.00%,,,75.00%,84.20%,,,76.50%,82.70%,77.40%,76.80%,,,,,76.50%,79.50%,,,Freeze CCW,63.9,Guard CCW,88
Erin Porter,76.40%,74.10%,75.20%,78.90%,930,"{""Third"": {""start"": ""2013-02-16"", ""end"": ""2020-02-19"", ""count"": 32}}","{""NL (Devereaux)"": {""start"": ""2013-02-16"", ""end"": ""2013-02-22"", ""count"": 7}, ""NL (Curtis)"": {""start"": ""2016-02-20"", ""end"": ""2020-02-19"", ""count"": 18}, ""NL"": {""start"": ""2018-01-27"", ""end"": ""2018-02-02"", ""count"": 7}}",Right,1990,"Truro, NS","St. John, NL","Program Coordinator, Boys and Girls Club",,Memorial University of Newfoundland,96.20%,65.00%,89.40%,82.40%,72.90%,66.20%,68.20%,76.70%,79.90%,77.20%,75.00%,75.40%,78.00%,85.00%,55.00%,63.20%,60.00%,75.00%,,,,,,87.50%,,91.70%,91.10%,76.60%,62.50%,,81.80%,87.50%,75.00%,68.80%,83.30%,83.30%,,25.00%,33.30%,93.80%,,,,,0.95,0.26,240,204,25.4,38.2,17.2,31.2,-5.8,32,4,12.5,15,2,13.3,,,,,,,,,,,,,,,,,,,,,,,,,,,71.70%,64.50%,,,,,79.80%,77.60%,73.60%,79.90%,78.60%,84.60%,,,63.10%,73.20%,,,,,,,,,,,Double CW,55,Guard CW,89.4
Erin Tomalty,71.40%,76.80%,74.20%,75.10%,356,"{""Lead"": {""start"": ""2017-03-18"", ""end"": ""2018-01-19"", ""count"": 12}, ""Third"": {""start"": ""2017-03-20"", ""end"": ""2017-03-20"", ""count"": 1}}","{""LH (Beaudry)"": {""start"": ""2017-03-18"", ""end"": ""2017-03-22"", ""count"": 5}, ""NO"": {""start"": ""2018-01-13"", ""end"": ""2018-01-19"", ""count"": 7}}",Right,,,,,,,84.30%,84.80%,66.70%,80.60%,64.50%,71.10%,52.30%,25.00%,74.10%,82.70%,70.80%,71.40%,,,,,0.00%,37.50%,,,,,85.00%,88.90%,,,50.00%,79.20%,50.00%,,37.50%,85.00%,,,,,,,,,,,,,1.06,0.25,89,81,21.3,42,17.3,22.5,-1.2,10,1,10,6,1,16.7,,,,,,,,,,,,,,,,,,,,,,,,,,,,,,,,,,,64.00%,71.50%,82.70%,79.10%,,,,,,,,,,,,,,,Raise CW,0,Take-out CCW,82.7
Esther Neuenschwander,83.90%,82.20%,83.00%,81.80%,2514,"{""Second"": {""start"": ""2017-11-18"", ""end"": ""2022-05-08"", ""count"": 97}, ""Third"": {""start"": ""2018-02-14"", ""end"": ""2022-03-25"", ""count"": 11}}","{""Switzerland"": {""start"": ""2017-11-18"", ""end"": ""2022-03-27"", ""count"": 67}, ""Tirinzoni"": {""start"": ""2021-04-15"", ""end"": ""2022-05-08"", ""count"": 27}, ""SUI (Tirinzoni)"": {""start"": ""2022-02-10"", ""end"": ""2022-02-19"", ""count"": 10}}",Right,1983,"Zurich, SUI","Zurich, SUI",,,,97.80%,83.80%,85.90%,84.90%,80.50%,77.10%,81.20%,72.10%,85.40%,84.70%,79.10%,79.00%,94.60%,92.80%,71.60%,72.10%,74.50%,72.80%,75.00%,,76.90%,62.50%,,95.80%,91.70%,78.10%,80.70%,76.00%,68.80%,50.00%,87.50%,79.20%,79.20%,87.50%,94.60%,95.40%,91.70%,75.00%,85.00%,60.70%,,,58.30%,,1.21,0.39,624,607,36.5,38.7,25.9,17.3,19.2,22,6,27.3,87,5,5.7,,,,,,,,,,,,,,,,,,,,,,,,,,,,,,,,,,,71.00%,87.20%,79.60%,84.10%,78.20%,83.00%,,,82.70%,83.90%,83.90%,84.80%,,,,,,,Promotion CCW,62.5,Guard CW,85.9
Eszter Juhasz,67.90%,74.70%,71.50%,71.30%,494,"{""Second"": {""start"": ""2016-11-21"", ""end"": ""2016-11-23"", ""count"": 2}, ""Third"": {""start"": ""2017-12-06"", ""end"": ""2019-03-22"", ""count"": 16}}","{""Finland"": {""start"": ""2016-11-21"", ""end"": ""2019-03-22"", ""count"": 18}}",Right,,,,,,,,95.50%,77.60%,75.00%,66.60%,70.20%,37.50%,83.30%,65.20%,88.30%,79.80%,57.00%,90.30%,82.80%,51.00%,63.60%,43.80%,75.00%,25.00%,,42.90%,68.80%,,,75.00%,69.40%,77.30%,76.90%,,,,0.00%,75.00%,,50.00%,,,75.00%,,,,,0.00%,,0.89,0.15,135,107,24.4,34.6,14,35.6,-11.2,22,4,18.2,4,1,25,,,,,,,,,,,,,,,,,,,,,,,,,,,,,,,,,75.00%,57.50%,59.90%,72.30%,76.40%,68.90%,72.10%,73.30%,,,,,,,,,,,,,Wick CW,25,Take-out CCW,88.3
Euan Byers,83.90%,82.60%,83.20%,73.80%,416,"{""Lead"": {""start"": ""2006-02-22"", ""end"": ""2014-04-03"", ""count"": 16}}","{""GBR (Murdoch)"": {""start"": ""2006-02-22"", ""end"": ""2006-02-24"", ""count"": 2}, ""GBR"": {""start"": ""2010-02-16"", ""end"": ""2010-02-24"", ""count"": 8}, ""SCO"": {""start"": ""2014-03-29"", ""end"": ""2014-04-03"", ""count"": 6}}",Right,1974,"Dumfries, SCO",,,,,90.10%,91.10%,93.80%,52.80%,73.80%,78.30%,,75.00%,85.30%,78.60%,89.30%,83.30%,,,,75.00%,85.00%,83.30%,75.00%,50.00%,,,92.90%,,,,,75.00%,,50.00%,,,,,,,,,,,75.00%,50.00%,,,1.04,0.25,100,106,28,30.2,19.8,15,13,9,4,44.4,7,1,14.3,,,,,,,,,,,,,91.40%,90.60%,,,,,,,85.10%,82.10%,,,,,,,80.90%,76.00%,,,,,,,,,,,,,,,,,,,,,,,Wick CCW,50,Guard CW,93.8
Euan Kyle,90.30%,88.30%,89.20%,87.30%,1866,"{""Second"": {""start"": ""2017-02-16"", ""end"": ""2017-02-26"", ""count"": 9}, ""Lead"": {""start"": ""2017-02-20"", ""end"": ""2025-04-11"", ""count"": 95}}","{""Scotland"": {""start"": ""2017-02-16"", ""end"": ""2019-02-20"", ""count"": 17}, ""Whyte"": {""start"": ""2021-10-19"", ""end"": ""2025-04-11"", ""count"": 86}}",Right,,,,,,,96.60%,95.00%,96.20%,82.80%,88.50%,86.70%,86.70%,76.40%,82.70%,84.90%,68.80%,81.20%,83.30%,84.20%,71.40%,76.60%,88.00%,86.90%,55.60%,71.90%,62.50%,50.00%,97.30%,95.20%,91.70%,86.40%,91.50%,86.90%,96.90%,91.70%,,75.00%,,,,,50.00%,,,,33.30%,62.50%,,,1.15,0.24,458,443,36.5,33,16.9,16.8,19.7,32,5,15.6,45,1,2.2,,,,,,,,,,,,,,,,,,,,,,,,,,,,,,,,,,,79.30%,73.80%,86.60%,68.80%,85.70%,62.50%,,,89.20%,69.40%,90.20%,81.40%,93.50%,92.80%,94.10%,93.80%,91.80%,89.60%,Promotion CCW,50,Guard CW,96.2
Eun Ji Gim,76.00%,77.90%,77.00%,79.40%,647,"{""Fourth"": {""start"": ""2022-10-05"", ""end"": ""2024-10-05"", ""count"": 39}}","{""Gim"": {""start"": ""2022-10-05"", ""end"": ""2024-10-05"", ""count"": 39}}",Right,,"Dangjin-gun, KOR","Gyeonggi-do, KOR",,,,75.00%,,86.40%,96.10%,75.50%,71.00%,81.20%,65.60%,79.20%,84.20%,68.60%,78.90%,,96.40%,58.80%,43.80%,71.60%,75.00%,,,,,,,83.30%,75.00%,76.40%,58.30%,50.00%,50.00%,89.60%,87.50%,,,,87.50%,,,33.30%,,,,,,1.31,0.35,167,153,43.1,36.6,20.9,25.1,18,8,1,12.5,23,1,4.3,,,,,,,,,,,,,,,,,,,,,,,,,,,,,,,,,,,,,,,,,,,,,73.40%,81.50%,77.00%,81.90%,74.30%,71.10%,,,Double CCW,43.8,Guard CCW,96.1
Eunjung Kim,80.10%,78.10%,79.20%,69.30%,549,"{""Fourth"": {""start"": ""2022-10-04"", ""end"": ""2024-04-13"", ""count"": 34}, ""Third"": {""start"": ""2023-12-16"", ""end"": ""2023-12-16"", ""count"": 1}}","{""Kim"": {""start"": ""2022-10-04"", ""end"": ""2024-04-13"", ""count"": 29}, ""EJ Kim"": {""start"": ""2022-10-18"", ""end"": ""2022-10-22"", ""count"": 5}}",Right,1991,"Uiseong, KOR","Uiseong, KOR",,,,,,91.20%,98.50%,72.50%,80.70%,80.00%,86.10%,86.50%,76.00%,70.70%,72.70%,96.40%,,73.60%,45.00%,75.00%,73.70%,,,,,,,,,42.90%,88.90%,0.00%,,85.90%,72.90%,75.00%,75.00%,,,58.30%,0.00%,87.50%,83.30%,,,,,1.13,0.36,127,140,34.6,27.9,25.7,21.3,13.3,12,3,25,13,0,0,,,,,,,,,,,,,,,,,,,,,,,,,,,,,,,,,,,,,,,,,,,,,74.30%,73.40%,82.00%,84.70%,86.00%,77.40%,,,Double CCW,45,Guard CCW,98.5
Evan Latos,84.20%,87.60%,86.20%,83.50%,432,"{""Lead"": {""start"": ""2022-03-04"", ""end"": ""2024-03-07"", ""count"": 18}, ""Second"": {""start"": ""2024-03-05"", ""end"": ""2024-03-07"", ""count"": 3}}","{""YT (Scoffin)"": {""start"": ""2022-03-04"", ""end"": ""2024-03-07"", ""count"": 18}}",Right,1994,,,,,,90.60%,88.70%,85.00%,89.30%,79.50%,87.80%,75.00%,95.80%,73.80%,90.20%,67.90%,45.00%,,,,50.00%,,62.50%,0.00%,,,,94.40%,95.00%,75.00%,,75.00%,95.80%,,,50.00%,,,,,,,,,50.00%,,,,,0.9,0.29,101,111,16.8,24.3,18.9,32.7,-15.9,20,2,10,5,1,20,,,,,,,,,,,,,,,,,,,,,,,,,,,,,,,,,,,,,,,,,,,,,85.90%,64.30%,87.20%,78.60%,90.30%,84.50%,,,Wick CW,0,Freeze CCW,95.8
Eve Muirhead,78.10%,78.60%,78.40%,74.80%,3261,"{""Fourth"": {""start"": ""2009-03-13"", ""end"": ""2022-04-16"", ""count"": 128}}","{""SCO"": {""start"": ""2009-03-13"", ""end"": ""2015-11-28"", ""count"": 19}, ""GBR"": {""start"": ""2010-02-17"", ""end"": ""2014-02-20"", ""count"": 16}, ""Scotland"": {""start"": ""2016-11-19"", ""end"": ""2021-12-13"", ""count"": 55}, ""SCO (Muirhead)"": {""start"": ""2016-03-19"", ""end"": ""2016-03-24"", ""count"": 6}, ""GBR (Muirhead)"": {""start"": ""2018-02-14"", ""end"": ""2022-02-20"", ""count"": 19}, ""Muirhead"": {""start"": ""2021-04-15"", ""end"": ""2022-04-16"", ""count"": 13}}",Right,1990,"Perth, SCO","Blair Atholl, SCO",Professional Curler,,,,,84.20%,83.30%,78.30%,77.80%,70.00%,63.90%,84.60%,86.00%,74.80%,74.90%,89.50%,89.10%,61.00%,65.70%,68.90%,67.80%,50.00%,87.50%,67.50%,50.40%,,,89.30%,82.90%,74.50%,74.60%,83.30%,70.00%,85.40%,91.20%,72.20%,72.20%,96.20%,85.70%,38.90%,70.60%,66.70%,75.00%,0.00%,,85.00%,31.20%,1.18,0.32,797,827,37,36.6,23,19.1,17.9,54,12,22.2,93,6,6.5,,,,,,,,,,,,,,,,,,,93.80%,74.30%,73.40%,76.80%,,,,,,,77.90%,78.50%,74.30%,76.30%,82.70%,81.40%,84.30%,80.90%,70.30%,78.70%,77.30%,76.40%,,,79.60%,77.90%,81.50%,74.20%,,,,,,,Wick CW,50,Wick CCW,87.5
Evelyn Robert,79.90%,77.20%,78.70%,74.30%,290,"{""Lead"": {""start"": ""2022-03-27"", ""end"": ""2022-03-27"", ""count"": 1}, ""Third"": {""start"": ""2023-03-15"", ""end"": ""2024-03-15"", ""count"": 5}, ""Second"": {""start"": ""2023-03-16"", ""end"": ""2023-03-18"", ""count"": 3}}","{""ON1 (Deschenes)"": {""start"": ""2022-03-27"", ""end"": ""2022-03-27"", ""count"": 1}, ""MCM - W"": {""start"": ""2023-03-15"", ""end"": ""2023-03-18"", ""count"": 4}, ""MCM (Warriner)"": {""start"": ""2024-03-12"", ""end"": ""2024-03-15"", ""count"": 4}}",Right,2003,,,,,,,,83.30%,72.90%,72.20%,76.40%,50.00%,85.00%,78.10%,72.10%,80.60%,72.90%,89.10%,88.30%,75.00%,85.70%,90.00%,75.00%,,,,,,,,,70.80%,50.00%,,62.50%,50.00%,,,,86.10%,,,75.00%,,,,,,,1,0.46,71,71,28.2,33.8,32.4,28.2,0,6,1,16.7,10,3,30,,,,,,,,,,,,,,,,,,,,,,,,,,,,,,,,,,,,,,,,,,,,,84.60%,60.00%,73.10%,82.20%,78.40%,79.20%,,,Freeze CW,50,Raise CW,90
Evgeny Arkhipov,78.20%,75.90%,77.00%,87.20%,721,"{""Fourth"": {""start"": ""2013-02-28"", ""end"": ""2014-11-26"", ""count"": 16}, ""Third"": {""start"": ""2014-02-10"", ""end"": ""2014-04-03"", ""count"": 9}, ""Second"": {""start"": ""2014-03-29"", ""end"": ""2014-03-31"", ""count"": 3}}","{""RUS"": {""start"": ""2013-02-28"", ""end"": ""2014-11-26"", ""count"": 28}}",Right,,,,,,,93.30%,96.70%,88.10%,84.00%,75.80%,75.20%,83.30%,,81.70%,80.30%,70.00%,71.90%,90.90%,84.00%,83.70%,61.50%,56.70%,63.60%,,,21.40%,57.10%,,,66.70%,,76.60%,75.00%,,,,,,,,,,58.30%,,75.00%,,,,56.20%,0.99,0.25,186,171,28,33.9,18.7,19.9,8.1,15,3,20,13,1,7.7,,,,,,,,,,,,,,,,,,,,,,,,,,,83.50%,79.00%,77.50%,73.60%,,,,,,,,,,,,,,,,,,,,,,,Promotion CW,21.4,Guard CW,88.1
Ewan Macdonald,79.30%,79.40%,79.30%,71.50%,438,"{""Third"": {""start"": ""2006-02-22"", ""end"": ""2010-02-24"", ""count"": 10}, ""Fourth"": {""start"": ""2014-03-29"", ""end"": ""2014-04-03"", ""count"": 6}}","{""GBR (Murdoch)"": {""start"": ""2006-02-22"", ""end"": ""2006-02-24"", ""count"": 2}, ""GBR"": {""start"": ""2010-02-16"", ""end"": ""2010-02-24"", ""count"": 8}, ""SCO"": {""start"": ""2014-03-29"", ""end"": ""2014-04-03"", ""count"": 6}}",Right,1976,"Inverness, SCO",,,,,92.90%,,87.50%,96.70%,78.20%,77.60%,93.80%,50.00%,83.30%,81.70%,63.20%,79.80%,,96.90%,75.90%,60.70%,77.30%,75.00%,,75.00%,57.70%,77.80%,,,,,65.00%,70.00%,,25.00%,62.50%,,,62.50%,,91.70%,75.00%,50.00%,,0.00%,,,,,1.03,0.25,106,109,28.3,29.4,19.3,16,12.3,10,4,40,7,1,14.3,,,,,,,,,,,,,96.40%,78.90%,,,,,,,76.70%,81.30%,,,,,,,79.90%,75.00%,,,,,,,,,,,,,,,,,,,,,,,Freeze CCW,50,Guard CCW,96.7
Fabienne Rieder,79.50%,81.40%,80.70%,78.10%,529,"{""Second"": {""start"": ""2023-02-25"", ""end"": ""2025-04-11"", ""count"": 30}}","{""SUI (Schwaller)"": {""start"": ""2023-02-25"", ""end"": ""2024-02-24"", ""count"": 7}, ""X. Schwaller"": {""start"": ""2024-04-09"", ""end"": ""2025-04-11"", ""count"": 23}}",Right,,,,,,,,83.30%,85.30%,90.80%,71.60%,78.90%,85.40%,67.90%,80.00%,90.20%,76.50%,68.50%,88.30%,86.60%,55.60%,82.40%,84.10%,68.20%,75.00%,,75.00%,65.60%,,62.50%,68.80%,,62.50%,83.30%,75.00%,87.50%,,83.30%,66.70%,,96.40%,95.50%,,,81.20%,50.00%,,,,37.50%,0.88,0.34,133,126,25.6,23.8,23.8,30.1,-4.5,17,0,0,10,0,0,,,,,,,,,,,,,,,,,,,,,,,,,,,,,,,,,,,,,,,,,,,,,,,80.60%,85.30%,80.00%,80.50%,81.00%,78.50%,Double CW,55.6,Guard CCW,90.8
Fanny Sjoeberg,80.70%,78.60%,80.10%,70.90%,378,"{""Lead"": {""start"": ""2015-03-01"", ""end"": ""2018-03-10"", ""count"": 18}}","{""SWE"": {""start"": ""2015-03-01"", ""end"": ""2015-03-08"", ""count"": 3}, ""Sweden"": {""start"": ""2017-01-30"", ""end"": ""2018-03-10"", ""count"": 15}}",Right,1998,,"Stockholm, SWE",,,,90.90%,92.50%,80.00%,80.00%,84.10%,70.10%,,,60.40%,87.50%,66.70%,75.00%,,,,,50.00%,,61.70%,25.00%,,,95.00%,,,,82.50%,,,,,,,50.00%,,,,,25.00%,,60.70%,25.00%,,,1.12,0.39,98,90,34.7,45.6,23.3,18.4,16.3,5,1,20,14,1,7.1,,,,,,,,,,,,,,,,,,,,,,,,,,,,,,,82.70%,90.40%,,,84.40%,64.70%,80.70%,68.10%,,,,,,,,,,,,,,,Wick CCW,25,Take-out CCW,87.5
Felix Messenzehl,83.50%,81.80%,82.80%,82.90%,1161,"{""Third"": {""start"": ""2022-05-21"", ""end"": ""2024-02-21"", ""count"": 11}, ""Second"": {""start"": ""2024-03-30"", ""end"": ""2025-04-11"", ""count"": 41}}","{""GER (Kapp)"": {""start"": ""2022-05-21"", ""end"": ""2024-02-21"", ""count"": 11}, ""GER (Muskatewitz)"": {""start"": ""2024-03-30"", ""end"": ""2025-04-04"", ""count"": 23}, ""Muskatewitz"": {""start"": ""2024-10-01"", ""end"": ""2025-04-11"", ""count"": 18}}",Right,,,,,,,91.20%,,89.10%,94.10%,82.10%,78.90%,75.00%,83.30%,86.20%,84.00%,86.80%,83.20%,93.80%,90.00%,75.40%,76.70%,75.60%,79.20%,55.00%,,69.30%,66.90%,,,93.50%,,85.70%,79.20%,,25.00%,95.80%,,50.00%,93.80%,91.70%,93.10%,64.30%,,75.00%,,,,62.50%,83.30%,1.21,0.29,286,282,35.3,37.6,20.2,18.5,16.8,23,4,17.4,28,1,3.6,,,,,,,,,,,,,,,,,,,,,,,,,,,,,,,,,,,,,,,,,,,,,86.10%,79.60%,81.60%,84.90%,83.50%,82.70%,84.10%,80.40%,Wick CW,55,Guard CCW,94.1
Felix Schulze,77.70%,76.80%,77.10%,66.40%,367,"{""Fourth"": {""start"": ""2014-02-10"", ""end"": ""2014-04-03"", ""count"": 13}}","{""GER"": {""start"": ""2014-02-10"", ""end"": ""2014-04-03"", ""count"": 13}}",Right,1981,,,,,,,50.00%,,88.20%,81.90%,75.90%,43.80%,62.50%,80.30%,86.50%,71.90%,72.40%,57.10%,79.20%,61.10%,73.40%,,62.50%,,,70.80%,57.80%,,0.00%,,,82.10%,56.20%,,,50.00%,,,75.00%,,,,,,0.00%,,,,0.00%,1.15,0.27,86,99,34.9,26.3,20.2,14,20.9,11,1,9.1,3,0,0,,,,,,,,,,,,,,,,,,,,,,,,,,,,,79.20%,75.30%,,,,,,,,,,,,,,,,,,,,,,,Freeze CW,43.8,Guard CCW,88.2
Francois Gagne,65.90%,79.10%,74.30%,64.10%,203,"{""Fourth"": {""start"": ""2011-03-05"", ""end"": ""2011-03-10"", ""count"": 6}}","{""Quebec (Gagne)"": {""start"": ""2011-03-05"", ""end"": ""2011-03-10"", ""count"": 6}}",Right,1973,"Montreal, QC","Montreal, QC","Technology and workforce management administrator, Univesta Assurances",,,,,95.00%,,67.90%,88.80%,50.00%,62.50%,70.00%,83.20%,65.00%,54.70%,,,41.70%,46.40%,33.30%,83.30%,,,,,,,,,0.00%,,25.00%,87.50%,,56.20%,,25.00%,,,0.00%,,75.00%,,,,,,1.26,0.13,54,45,38.9,44.4,11.1,18.5,20.4,7,2,28.6,3,0,0,,,,,,,,,,,,,,,,,,,,,,,80.10%,71.00%,,,,,,,,,,,,,,,,,,,,,,,,,,,,,Raise CW,33.3,Guard CW,95
Francois Gionest,75.30%,78.90%,77.40%,86.40%,188,"{""Third"": {""start"": ""2010-03-06"", ""end"": ""2010-03-11"", ""count"": 6}}","{""QC (Reid)"": {""start"": ""2010-03-06"", ""end"": ""2010-03-11"", ""count"": 6}}",Right,1973,"Roberval, QC","Alma, QC","Forestry research, Unirersite du Quebec a Chicoutimi",,,95.00%,87.50%,75.00%,80.00%,66.10%,70.60%,62.50%,77.50%,75.00%,84.40%,90.00%,63.60%,,97.20%,41.70%,82.10%,85.00%,62.50%,,,,,,,75.00%,75.00%,,75.00%,,75.00%,50.00%,,,,,,,,,,,,,,0.84,0.34,51,41,21.6,26.8,19.5,29.4,-7.8,7,1,14.3,2,0,0,,,,,,,,,,,,,,,,,,,,,75.30%,79.20%,,,,,,,,,,,,,,,,,,,,,,,,,,,,,,,Double CW,41.7,Hit-roll CW,90
Francois Roberge,79.80%,78.50%,79.20%,71.60%,470,"{""Fourth"": {""start"": ""2002-03-09"", ""end"": ""2002-03-14"", ""count"": 6}, ""Third"": {""start"": ""2006-03-11"", ""end"": ""2006-03-19"", ""count"": 9}}","{""QC (Roberge)"": {""start"": ""2002-03-09"", ""end"": ""2002-03-14"", ""count"": 6}, ""QUE (Menard)"": {""start"": ""2006-03-11"", ""end"": ""2006-03-19"", ""count"": 9}}",Left,1968,"Levis, QC","Breakeyville, QC","supervisor, SSQ Financial Group",,Laval University,,,93.30%,85.50%,76.70%,79.80%,79.20%,72.50%,82.30%,83.30%,75.00%,71.90%,90.50%,87.50%,60.70%,48.30%,72.90%,83.30%,,,,,,,,75.00%,60.00%,62.50%,,50.00%,70.00%,91.70%,,50.00%,87.50%,83.30%,62.50%,0.00%,25.00%,,,,,,1.22,0.32,110,119,37.3,40.3,22.7,17.3,20,9,2,22.2,11,0,0,,,,,80.90%,71.30%,,,,,,,80.20%,83.10%,,,,,,,,,,,,,,,,,,,,,,,,,,,,,,,,,,,,,,,Double CCW,48.3,Guard CW,93.3
Franziska Kaufmann,81.50%,80.70%,81.10%,81.30%,916,"{""Second"": {""start"": ""2009-03-13"", ""end"": ""2018-03-23"", ""count"": 31}}","{""SUI"": {""start"": ""2009-03-13"", ""end"": ""2014-11-29"", ""count"": 10}, ""Switzerland"": {""start"": ""2016-11-19"", ""end"": ""2018-03-23"", ""count"": 13}, ""SUI (Feltscher)"": {""start"": ""2016-03-19"", ""end"": ""2016-03-27"", ""count"": 8}}",Right,1988,"Interlaken, SUI","Grindelwald, SUI",,,,78.80%,81.90%,73.20%,85.50%,72.00%,76.70%,70.80%,83.30%,82.40%,87.40%,80.50%,76.20%,95.30%,89.20%,75.00%,71.00%,91.20%,71.00%,,,66.70%,68.20%,80.00%,75.00%,81.20%,,80.60%,84.40%,50.00%,,,,83.30%,75.00%,95.80%,86.80%,,83.30%,,62.50%,,,25.00%,,1.02,0.33,229,216,27.5,38.9,21.8,20.1,7.4,20,6,30,19,1,5.3,,,,,,,,,,,,,,,,,,,54.50%,71.40%,,,,,,,,,74.20%,84.00%,,,75.20%,85.80%,,,83.50%,81.20%,,,,,,,,,,,,,,,Promotion CW,66.7,Raise CW,91.2
Fraser Reid,82.40%,84.70%,83.60%,90.90%,191,"{""Lead"": {""start"": ""2016-03-20"", ""end"": ""2017-02-02"", ""count"": 5}, ""Second"": {""start"": ""2017-02-04"", ""end"": ""2017-02-04"", ""count"": 1}}","{""WLU"": {""start"": ""2016-03-20"", ""end"": ""2016-03-23"", ""count"": 4}, ""CAN (Squires)"": {""start"": ""2017-02-02"", ""end"": ""2017-02-04"", ""count"": 2}}",Right,1993,,"Waterloo, ON",,,Wilfrid Laurier University,94.20%,93.50%,95.00%,65.00%,75.00%,85.20%,,,70.30%,91.70%,83.30%,,90.00%,50.00%,,,66.70%,,,75.00%,,0.00%,,,,,,,,,,,,,,50.00%,,,,,,50.00%,,,1.54,0.47,37,58,48.6,27.6,36.2,13.5,35.1,2,1,50,9,0,0,,,,,,,,,,,,,,,,,,,,,,,,,,,,,,,,,84.80%,79.40%,94.40%,75.00%,,,,,,,,,,,,,,,,,Promotion CCW,0,Guard CW,95
Fredrik Lindberg,81.50%,85.40%,83.40%,88.40%,461,"{""Second"": {""start"": ""2010-02-16"", ""end"": ""2014-02-21"", ""count"": 19}}","{""SWE"": {""start"": ""2010-02-16"", ""end"": ""2014-02-21"", ""count"": 19}}",Right,1986,"Bro, SWE","Karlstad, SWE",Curler,"Curling academy, Harnosand",,86.10%,,85.40%,82.10%,73.80%,79.60%,,,96.40%,86.20%,67.90%,75.90%,91.70%,94.20%,81.80%,80.40%,79.70%,90.90%,75.00%,,68.80%,70.00%,,,,,,75.00%,,,,,66.70%,75.00%,87.50%,95.50%,50.00%,,,,,,,,1.04,0.19,108,119,30.6,34.5,16,16.7,13.9,5,1,20,10,0,0,,,,,,,,,,,,,,,,,,,,,77.70%,84.60%,,,,,,,82.70%,85.40%,,,,,,,,,,,,,,,,,,,,,,,Hit-roll CW,67.9,Take-out CW,96.4
Fredrik Nyman,79.90%,75.00%,77.30%,65.00%,260,"{""Fourth"": {""start"": ""2015-02-28"", ""end"": ""2023-10-20"", ""count"": 10}, ""Third"": {""start"": ""2016-03-06"", ""end"": ""2016-03-09"", ""count"": 2}, ""Second"": {""start"": ""2017-01-31"", ""end"": ""2017-02-07"", ""count"": 3}}","{""SWE"": {""start"": ""2015-02-28"", ""end"": ""2015-03-08"", ""count"": 7}, ""SWE (Wranå)"": {""start"": ""2016-03-06"", ""end"": ""2016-03-09"", ""count"": 2}, ""SWE (Mabergs)"": {""start"": ""2017-01-31"", ""end"": ""2017-02-07"", ""count"": 3}, ""Nyman"": {""start"": ""2023-10-17"", ""end"": ""2023-10-20"", ""count"": 3}}",Right,,,,,,,,,,75.00%,72.10%,68.90%,,,83.80%,84.20%,80.00%,78.80%,92.90%,81.80%,70.00%,59.10%,80.00%,50.00%,,,37.50%,75.00%,,,,,75.00%,50.00%,,,60.00%,62.50%,50.00%,87.50%,,75.00%,50.00%,50.00%,50.00%,,,,0.00%,,1.02,0.27,59,67,33.9,31.3,19.4,25.4,8.5,7,2,28.6,6,0,0,,,,,,,,,,,,,,,,,,,,,,,,,,,,,,,81.70%,80.80%,77.10%,81.20%,71.90%,75.00%,,,,,,,,,,,55.90%,78.80%,,,,,Promotion CW,37.5,Take-out CCW,84.2
Gabriel Dyck,83.00%,82.70%,82.90%,78.70%,603,"{""Lead"": {""start"": ""2019-01-19"", ""end"": ""2023-03-18"", ""count"": 23}}","{""AB"": {""start"": ""2019-01-19"", ""end"": ""2020-01-24"", ""count"": 14}, ""Jacques"": {""start"": ""2022-05-03"", ""end"": ""2022-05-07"", ""count"": 5}, ""ALB - M"": {""start"": ""2023-03-15"", ""end"": ""2023-03-18"", ""count"": 4}}",Right,1999,,,,,,91.00%,89.10%,87.50%,80.60%,76.20%,78.30%,62.50%,75.00%,84.80%,85.70%,64.30%,80.80%,50.00%,0.00%,,,,,75.00%,88.90%,,,90.80%,89.30%,,,75.00%,88.60%,,,,,,,,0.00%,,,,,81.20%,83.30%,,,1.1,0.31,143,153,33.6,35.3,19.6,22.4,11.2,12,0,0,14,2,14.3,,,,,,,,,,,,,,,,,,,,,,,,,,,,,,,,,,,,,,,80.10%,78.50%,81.20%,83.90%,,,86.20%,100.00%,87.30%,87.50%,,,,,Freeze CW,62.5,Wick CCW,88.9
Galina Arsenkina,81.70%,82.90%,82.30%,86.30%,2454,"{""Lead"": {""start"": ""2009-03-13"", ""end"": ""2009-03-15"", ""count"": 2}, ""Second"": {""start"": ""2016-11-19"", ""end"": ""2022-02-17"", ""count"": 85}, ""Third"": {""start"": ""2018-12-05"", ""end"": ""2021-04-18"", ""count"": 6}}","{""RUS"": {""start"": ""2009-03-13"", ""end"": ""2009-03-15"", ""count"": 2}, ""Russia"": {""start"": ""2016-11-19"", ""end"": ""2021-11-26"", ""count"": 48}, ""Russian Federation"": {""start"": ""2017-01-30"", ""end"": ""2017-02-07"", ""count"": 2}, ""RUS (Moiseeva)"": {""start"": ""2018-02-14"", ""end"": ""2018-02-21"", ""count"": 6}, ""Kovaleva"": {""start"": ""2021-04-15"", ""end"": ""2021-11-06"", ""count"": 18}, ""RCF"": {""start"": ""2021-04-29"", ""end"": ""2021-05-08"", ""count"": 10}, ""ROC (Kovaleva)"": {""start"": ""2022-02-10"", ""end"": ""2022-02-17"", ""count"": 7}}",Right,1991,,,,,,95.40%,91.20%,89.10%,88.60%,76.60%,80.70%,76.20%,83.30%,82.10%,82.50%,77.80%,76.00%,91.80%,92.00%,75.00%,75.20%,69.90%,75.50%,,93.80%,76.20%,74.20%,92.90%,90.00%,,93.40%,83.90%,77.80%,81.20%,83.30%,91.70%,95.50%,85.00%,75.00%,90.10%,90.50%,71.20%,62.50%,,75.00%,,,,,1.17,0.29,586,612,35.7,33.8,21.9,17.7,18,44,7,15.9,65,8,12.3,,,,,,,,,,,,,,,,,,,77.60%,59.10%,,,,,,,,,,,,,77.70%,78.90%,70.60%,75.00%,83.80%,84.40%,80.80%,82.50%,,,83.80%,83.20%,82.10%,76.80%,,,,,,,Raise CW,69.9,Wick CCW,93.8
Garry Vandenberghe,78.60%,77.30%,77.90%,87.00%,200,"{""Second"": {""start"": ""2006-03-11"", ""end"": ""2006-03-16"", ""count"": 6}}","{""MAN (Stoughton)"": {""start"": ""2006-03-11"", ""end"": ""2006-03-16"", ""count"": 6}}",Right,1961,"La Rivere, MB",,,,,83.30%,75.00%,91.70%,75.00%,76.70%,73.10%,68.80%,64.30%,78.80%,83.90%,85.00%,72.50%,88.50%,95.80%,66.70%,70.00%,75.00%,75.00%,,,,,,75.00%,,,,50.00%,,,,,,,95.80%,,,,,62.50%,,,,,0.86,0.24,50,45,24,37.8,22.2,18,6,4,0,0,2,0,0,,,,,,,,,,,,,73.20%,81.10%,,,,,,,,,,,,,,,,,,,,,,,,,,,,,,,,,,,,,,,Freeze CCW,64.3,Guard CW,91.7
Garth Smith,81.60%,85.70%,84.50%,70.00%,190,"{""Lead"": {""start"": ""2008-03-08"", ""end"": ""2013-03-04"", ""count"": 7}}","{""MB (Butnyk)"": {""start"": ""2008-03-08"", ""end"": ""2008-03-13"", ""count"": 6}, ""MB ( Stoughton)"": {""start"": ""2013-03-04"", ""end"": ""2013-03-04"", ""count"": 1}}",Right,1969,"Winnipeg, MB","Winnipeg, MB","President, Momentum Dietary Solutions",John Taylor Collegiate,University of Manitoba,92.40%,95.90%,62.50%,90.00%,69.20%,81.70%,83.30%,72.20%,75.00%,71.90%,62.50%,62.50%,,,,,87.50%,,,0.00%,,,,96.90%,,,87.50%,85.70%,,,,50.00%,,,,,,,,,,0.00%,,,0.95,0.39,41,54,26.8,27.8,35.2,26.8,0,5,0,0,6,0,0,,,,,,,,,,,,,,,,,86.20%,71.70%,,,,,,,,,87.50%,,,,,,,,,,,,,,,,,,,,,,,,,,Wick CCW,0,Guard CCW,90
Gaute Nepstad,89.30%,82.40%,88.20%,70.10%,2105,"{""Lead"": {""start"": ""2013-03-01"", ""end"": ""2025-04-05"", ""count"": 88}, ""Second"": {""start"": ""2013-03-02"", ""end"": ""2013-03-04"", ""count"": 2}}","{""NOR"": {""start"": ""2013-03-01"", ""end"": ""2015-03-05"", ""count"": 7}, ""Ramsfjell"": {""start"": ""2022-12-06"", ""end"": ""2025-01-17"", ""count"": 40}, ""Norway"": {""start"": ""2022-04-02"", ""end"": ""2022-04-08"", ""count"": 7}, ""NOR (Ramsfjell)"": {""start"": ""2023-04-01"", ""end"": ""2025-04-05"", ""count"": 36}}",Right,1994,"Bergen, NOR","Hamar, NOR",Student,Stange VGS,,92.70%,91.60%,90.30%,93.50%,90.20%,84.90%,85.40%,76.60%,87.00%,69.90%,80.70%,68.80%,70.00%,50.00%,62.50%,85.70%,83.80%,53.10%,32.60%,34.40%,75.00%,,91.20%,96.40%,97.70%,87.50%,91.30%,85.00%,87.50%,,,33.30%,,,,0.00%,0.00%,,,50.00%,38.50%,33.30%,,,1.08,0.27,510,517,33.3,36,18.8,19.4,13.9,47,8,17,44,1,2.3,,,,,,,,,,,,,,,,,,,,,,,,,,,83.30%,59.90%,,,84.80%,76.40%,,,,,,,,,,,,,86.00%,65.80%,91.90%,81.10%,91.00%,72.70%,93.60%,74.10%,Wick CW,32.6,Guard CCW,93.5
Geoff Walker,91.10%,90.20%,90.60%,82.90%,7434,"{""Lead"": {""start"": ""2012-03-03"", ""end"": ""2025-04-11"", ""count"": 320}, ""Second"": {""start"": ""2018-04-06"", ""end"": ""2022-11-02"", ""count"": 6}, ""Third"": {""start"": ""2022-10-31"", ""end"": ""2022-11-01"", ""count"": 2}}","{""NL (Gushue)"": {""start"": ""2012-03-03"", ""end"": ""2020-03-08"", ""count"": 38}, ""Gushue"": {""start"": ""2015-12-02"", ""end"": ""2025-04-11"", ""count"": 151}, ""CA (Gushue)"": {""start"": ""2017-04-01"", ""end"": ""2024-03-10"", ""count"": 53}, ""Homan"": {""start"": ""2017-08-26"", ""end"": ""2017-08-26"", ""count"": 1}, ""CAN (Gushue)"": {""start"": ""2018-03-31"", ""end"": ""2025-03-09"", ""count"": 68}, ""WC1 (Gushue)"": {""start"": ""2022-03-05"", ""end"": ""2022-03-13"", ""count"": 9}}",Right,1986,"Beaverlodge, AB","St. John, NL","Instructor/Greens Keeper, Rocks & Rings/Bally Haly CC",Beaverlodge Regional High,Grande Prairie Regional College,95.90%,94.90%,93.00%,91.10%,90.70%,90.30%,84.80%,83.90%,88.90%,88.90%,81.90%,81.30%,89.50%,60.00%,82.10%,80.80%,83.70%,82.80%,59.50%,75.60%,68.80%,,95.60%,97.20%,96.40%,94.40%,92.90%,91.60%,91.70%,90.60%,88.60%,90.60%,,70.00%,90.00%,33.30%,25.00%,,78.60%,75.00%,61.20%,78.70%,,,1.32,0.3,1731,1884,41.8,40.2,20.5,9.8,32,72,16,22.2,249,9,3.6,,,,,,,,,,,,,,,,,,,,,,,,,87.40%,66.00%,90.40%,84.20%,,,93.80%,95.20%,94.40%,87.70%,93.00%,80.90%,92.10%,79.50%,91.20%,77.20%,93.60%,75.60%,92.30%,76.10%,91.10%,81.50%,92.20%,91.40%,92.00%,86.20%,92.30%,86.00%,Wick CW,59.5,Guard CW,93
Geri-lynn Ramsay,84.30%,80.90%,82.40%,70.60%,389,"{""Third"": {""start"": ""2022-10-18"", ""end"": ""2022-10-18"", ""count"": 1}, ""Second"": {""start"": ""2022-10-19"", ""end"": ""2023-10-20"", ""count"": 13}, ""Lead"": {""start"": ""2024-10-01"", ""end"": ""2025-01-17"", ""count"": 7}}","{""Skrlik"": {""start"": ""2022-10-18"", ""end"": ""2025-01-17"", ""count"": 15}, ""AB (Skrlik)"": {""start"": ""2023-02-17"", ""end"": ""2023-02-23"", ""count"": 6}}",Right,1989,"Summerside, PEI","Calgary, AB","Server, Vintage Chophouse and Tavern",Three Oaks Senior High,Holland College- Medical Support Services,83.30%,94.40%,88.00%,77.80%,80.30%,75.50%,81.20%,66.70%,91.40%,81.50%,79.70%,71.40%,89.00%,96.20%,56.20%,87.50%,75.00%,57.10%,,,,,83.30%,91.70%,68.80%,25.00%,72.20%,41.70%,,,50.00%,,,0.00%,81.20%,,,,75.00%,,,,,,1.11,0.31,99,91,34.3,33,20.9,31.3,3,12,4,33.3,13,3,23.1,,,,,,,,,,,,,,,,,,,,,,,,,,,,,,,,,,,,,,,,,,,,,67.50%,68.20%,81.20%,84.60%,85.00%,97.70%,80.90%,90.00%,Double CW,56.2,Take-out CW,91.4
Gerry Adam,85.00%,83.80%,84.40%,84.80%,470,"{""Second"": {""start"": ""2007-03-03"", ""end"": ""2008-03-15"", ""count"": 14}}","{""SASK (Simmons)"": {""start"": ""2007-03-03"", ""end"": ""2007-03-08"", ""count"": 6}, ""SK (Simmons)"": {""start"": ""2008-03-08"", ""end"": ""2008-03-15"", ""count"": 8}}",Right,1964,"Yorkton, SK","Yorkton, SK","Plumber, D and W Plumbing",,,78.60%,92.30%,95.80%,81.20%,85.50%,75.60%,80.40%,80.70%,88.20%,84.30%,79.30%,85.80%,91.70%,91.80%,81.20%,82.70%,66.70%,75.00%,,,,,,93.80%,,,,75.00%,75.00%,,,50.00%,75.00%,,85.00%,93.80%,,25.00%,,,,,,,1.21,0.34,117,109,37.6,44,22,19.7,17.9,6,2,33.3,13,1,7.7,,,,,,,,,,,,,,,85.80%,85.00%,79.70%,85.70%,,,,,,,,,,,,,,,,,,,,,,,,,,,,,,,,,,,Raise CW,66.7,Guard CW,95.8
Gina Aitken,76.40%,72.20%,74.50%,71.20%,814,"{""Fourth"": {""start"": ""2015-02-28"", ""end"": ""2022-03-20"", ""count"": 11}, ""Third"": {""start"": ""2022-11-18"", ""end"": ""2024-01-19"", ""count"": 20}, ""Second"": {""start"": ""2023-10-17"", ""end"": ""2023-12-15"", ""count"": 10}}","{""SCO"": {""start"": ""2015-02-28"", ""end"": ""2015-03-08"", ""count"": 6}, ""United Kingdom"": {""start"": ""2017-01-30"", ""end"": ""2017-02-05"", ""count"": 3}, ""SCO (Morrison)"": {""start"": ""2022-11-18"", ""end"": ""2023-11-23"", ""count"": 17}, ""Scotland"": {""start"": ""2022-03-19"", ""end"": ""2022-03-20"", ""count"": 2}, ""Morrison"": {""start"": ""2023-10-17"", ""end"": ""2024-01-19"", ""count"": 13}}",Right,,,,,,,97.50%,,85.80%,74.00%,71.90%,70.00%,63.60%,57.10%,79.60%,77.20%,86.40%,79.80%,93.10%,91.90%,62.70%,48.50%,69.70%,51.80%,62.50%,,41.70%,35.00%,87.50%,,95.00%,50.00%,58.80%,69.40%,75.00%,66.70%,67.90%,96.40%,,81.20%,,,50.00%,55.00%,0.00%,,,,0.00%,,0.93,0.4,194,200,26.8,24.5,28.5,30.4,-3.6,27,7,25.9,12,1,8.3,,,,,,,,,,,,,,,,,,,,,,,,,,,,,,,67.00%,79.40%,,,66.70%,67.20%,,,,,,,,,73.70%,71.00%,78.80%,78.60%,67.40%,66.90%,,,Promotion CCW,35,Hit-roll CW,86.4
Giulia Zardini Lacedelli,82.50%,86.70%,84.90%,88.50%,1333,"{""Lead"": {""start"": ""2021-04-29"", ""end"": ""2024-11-28"", ""count"": 53}, ""Second"": {""start"": ""2021-05-01"", ""end"": ""2024-11-06"", ""count"": 3}, ""Third"": {""start"": ""2024-11-07"", ""end"": ""2024-11-29"", ""count"": 5}}","{""Italy"": {""start"": ""2021-04-29"", ""end"": ""2022-03-25"", ""count"": 16}, ""ITA (Constantini)"": {""start"": ""2022-11-18"", ""end"": ""2023-03-25"", ""count"": 15}, ""Constantin"": {""start"": ""2023-01-10"", ""end"": ""2023-11-11"", ""count"": 8}, ""Constantini"": {""start"": ""2023-10-17"", ""end"": ""2024-11-29"", ""count"": 22}}",Right,1971,,,,,,90.10%,91.40%,81.50%,89.10%,77.10%,85.70%,83.30%,80.00%,85.20%,83.60%,70.20%,79.50%,,72.20%,83.30%,66.70%,82.50%,82.10%,87.50%,82.10%,75.00%,41.70%,89.30%,90.60%,75.00%,95.80%,70.60%,94.40%,,75.00%,,,,75.00%,,,,,75.00%,,,75.00%,,,0.93,0.35,337,303,24.9,28.7,26.1,25.2,-0.3,43,8,18.6,26,1,3.8,,,,,,,,,,,,,,,,,,,,,,,,,,,,,,,,,,,,,,,,,,,81.50%,76.90%,86.70%,80.80%,89.70%,84.00%,83.70%,86.20%,,,Promotion CCW,41.7,Guard CCW,89.1
Glen Kennedy,79.50%,76.90%,78.00%,78.80%,456,"{""Third"": {""start"": ""2022-03-05"", ""end"": ""2024-03-08"", ""count"": 17}}","{""NT (Koe)"": {""start"": ""2022-03-05"", ""end"": ""2024-03-08"", ""count"": 17}}",Right,1979,"Edmonton, AB","Edmonton, AB",,,,,80.00%,90.60%,80.60%,75.60%,67.00%,76.90%,65.00%,79.70%,83.90%,76.90%,72.40%,96.70%,95.20%,79.50%,72.30%,56.20%,77.50%,,,,,,62.50%,87.50%,91.70%,65.00%,66.70%,75.00%,75.00%,58.30%,86.10%,,87.50%,,81.20%,87.50%,75.00%,75.00%,87.50%,,,,,0.86,0.28,121,106,19.8,35.8,18.9,32.2,-12.4,16,1,6.2,9,3,33.3,,,,,,,,,,,,,,,,,,,,,,,,,,,,,,,,,,,,,,,,,,,,,76.90%,74.70%,60.80%,78.80%,81.30%,85.90%,,,Raise CW,56.2,Guard CW,90.6
Glen Muirhead,84.40%,86.00%,85.30%,89.20%,414,"{""Lead"": {""start"": ""2014-04-02"", ""end"": ""2014-04-03"", ""count"": 2}, ""Third"": {""start"": ""2016-04-02"", ""end"": ""2016-11-23"", ""count"": 11}}","{""SCO"": {""start"": ""2014-04-02"", ""end"": ""2014-04-03"", ""count"": 2}, ""Scotland"": {""start"": ""2016-04-02"", ""end"": ""2016-11-23"", ""count"": 11}}",Right,,,,,,,84.40%,,90.00%,84.60%,82.40%,77.50%,41.70%,,87.50%,92.30%,80.00%,81.80%,97.20%,97.20%,82.10%,76.40%,86.10%,93.80%,,0.00%,71.20%,86.40%,,,,75.00%,89.30%,75.00%,,,,,,75.00%,,97.70%,,58.30%,,,,,,,1.01,0.18,99,106,31.3,27.4,14.2,14.1,17.2,3,0,0,7,0,0,,,,,,,,,,,,,,,,,,,,,,,,,,,,,80.00%,0.00%,,,81.80%,87.80%,,,,,,,,,,,,,,,,,,,Wick CCW,0,Raise CCW,93.8
Glenn Howard,83.60%,85.50%,84.60%,86.60%,3173,"{""Fourth"": {""start"": ""2006-03-11"", ""end"": ""2022-10-07"", ""count"": 113}, ""Lead"": {""start"": ""2021-03-07"", ""end"": ""2023-09-28"", ""count"": 2}}","{""ONT (Howard)"": {""start"": ""2006-03-11"", ""end"": ""2006-03-19"", ""count"": 8}, ""ON (Howard)"": {""start"": ""2007-03-03"", ""end"": ""2022-03-10"", ""count"": 69}, ""ONT (G.Howard)"": {""start"": ""2009-03-07"", ""end"": ""2009-03-14"", ""count"": 8}, ""Howard"": {""start"": ""2017-11-06"", ""end"": ""2023-09-28"", ""count"": 28}, ""WC2 (Howard)"": {""start"": ""2020-02-28"", ""end"": ""2020-02-28"", ""count"": 1}, ""WC3 (Howard)"": {""start"": ""2021-03-07"", ""end"": ""2021-03-07"", ""count"": 1}}",Right,1962,"Midland, ON","Penetanguishene, ON","Manager, The Beer Store",Midland Secondary School,University of Waterloo,,95.00%,88.90%,90.50%,84.50%,84.70%,79.20%,80.10%,85.70%,89.20%,80.00%,81.60%,96.60%,98.10%,67.20%,71.00%,79.60%,77.80%,,,,,,,93.20%,96.40%,87.50%,83.30%,,77.80%,82.60%,91.70%,86.70%,93.40%,,96.20%,84.40%,60.00%,63.90%,62.50%,,,,,1.23,0.32,735,842,37.1,36.9,22.1,11.8,25.3,34,6,17.6,99,3,3,,,,,,,,,,,,,84.70%,87.30%,83.90%,82.00%,86.10%,87.00%,88.00%,84.70%,87.50%,83.40%,84.80%,86.70%,86.90%,86.90%,87.50%,86.80%,,,,,83.30%,87.00%,85.50%,84.40%,,,80.00%,78.20%,78.10%,68.80%,83.40%,79.80%,77.10%,81.80%,88.30%,100.00%,,,,,Double CW,67.2,Guard CCW,90.5
Glenn Venance,84.90%,86.00%,85.50%,85.70%,765,"{""Second"": {""start"": ""2018-01-13"", ""end"": ""2023-10-21"", ""count"": 18}, ""Lead"": {""start"": ""2018-03-26"", ""end"": ""2023-03-09"", ""count"": 17}}","{""AB"": {""start"": ""2018-01-13"", ""end"": ""2018-01-19"", ""count"": 7}, ""ALTA"": {""start"": ""2018-03-26"", ""end"": ""2018-03-27"", ""count"": 2}, ""Alberta (m)"": {""start"": ""2020-03-11"", ""end"": ""2020-03-15"", ""count"": 5}, ""Sturmay"": {""start"": ""2021-10-26"", ""end"": ""2023-10-21"", ""count"": 15}, ""WC3 (Sturmay)"": {""start"": ""2023-03-04"", ""end"": ""2023-03-09"", ""count"": 4}}",Right,1996,,,,,,92.20%,92.10%,90.90%,88.00%,83.60%,82.80%,82.90%,87.50%,80.30%,86.60%,75.00%,78.80%,94.80%,84.50%,87.50%,75.00%,78.80%,89.30%,50.00%,50.00%,,,93.80%,90.90%,87.50%,90.00%,96.40%,,,87.50%,75.00%,83.30%,60.00%,,94.40%,85.00%,,75.00%,87.50%,,,50.00%,,,1.1,0.42,178,198,31.5,29.3,27.8,20.2,11.3,16,3,18.8,22,2,9.1,,,,,,,,,,,,,,,,,,,,,,,,,,,,,,,,,,,,,86.60%,83.90%,,,86.80%,75.80%,89.80%,81.20%,87.30%,68.80%,84.50%,85.70%,,,,,Wick CW,50,Guard CW,90.9
Go Aoki,75.50%,72.80%,74.20%,62.60%,305,"{""Fourth"": {""start"": ""2018-03-31"", ""end"": ""2018-09-13"", ""count"": 8}, ""Third"": {""start"": ""2019-01-30"", ""end"": ""2019-02-02"", ""count"": 4}}","{""Japan"": {""start"": ""2018-09-13"", ""end"": ""2019-02-02"", ""count"": 5}, ""JPN (Aoki)"": {""start"": ""2018-03-31"", ""end"": ""2018-04-06"", ""count"": 7}}",Right,,,,,,,87.50%,,75.00%,63.90%,73.90%,70.00%,12.50%,,83.30%,80.40%,72.90%,81.20%,,81.20%,81.80%,75.00%,62.50%,67.50%,,,69.40%,53.80%,87.50%,,,,72.70%,70.80%,0.00%,,0.00%,,75.00%,,,,50.00%,33.30%,37.50%,75.00%,,,,0.00%,0.96,0.14,76,76,23.7,27.6,11.8,25,-1.3,13,2,15.4,4,0,0,,,,,,,,,,,,,,,,,,,,,,,,,,,,,,,,,,,,,68.60%,72.30%,81.70%,86.00%,,,,,,,,,,,,,Freeze CW,12.5,Take-out CW,83.3
Grace Holyoke,76.30%,81.50%,78.90%,81.90%,509,"{""Third"": {""start"": ""2017-01-22"", ""end"": ""2018-01-19"", ""count"": 14}, ""Lead"": {""start"": ""2021-10-25"", ""end"": ""2021-10-29"", ""count"": 5}}","{""ON (Armstrong)"": {""start"": ""2017-01-22"", ""end"": ""2017-01-29"", ""count"": 7}, ""ON"": {""start"": ""2018-01-13"", ""end"": ""2018-01-19"", ""count"": 7}, ""Murphy"": {""start"": ""2021-10-25"", ""end"": ""2021-10-29"", ""count"": 5}}",Right,1997,,,,,,90.20%,89.40%,55.60%,87.50%,69.50%,75.00%,79.20%,43.80%,85.20%,84.10%,72.30%,80.80%,83.30%,85.00%,71.40%,76.20%,50.00%,,40.00%,91.70%,,,,,0.00%,,75.00%,83.30%,66.70%,,83.30%,90.60%,,,,70.00%,,91.70%,,,50.00%,,,,1.09,0.44,111,136,32.4,30.1,28.7,18.9,13.5,6,1,16.7,13,1,7.7,,,,,,,,,,,,,,,,,,,,,,,,,,,,,,,,,,,78.50%,81.60%,69.50%,84.90%,,,,,78.10%,66.40%,,,,,,,,,Wick CW,40,Wick CCW,91.7
Grace Lloyd,76.40%,76.00%,76.20%,78.30%,495,"{""Second"": {""start"": ""2020-03-11"", ""end"": ""2023-01-12"", ""count"": 9}, ""Third"": {""start"": ""2023-03-16"", ""end"": ""2023-10-18"", ""count"": 11}}","{""McMaster (w)"": {""start"": ""2020-03-11"", ""end"": ""2020-03-15"", ""count"": 5}, ""ON1 (Deschenes)"": {""start"": ""2022-03-27"", ""end"": ""2022-03-27"", ""count"": 1}, ""Ladouceur"": {""start"": ""2023-01-10"", ""end"": ""2023-10-18"", ""count"": 11}, ""MCM - W"": {""start"": ""2023-03-16"", ""end"": ""2023-03-18"", ""count"": 3}}",Right,2001,,,,,,85.00%,75.00%,83.90%,86.50%,69.20%,72.80%,78.10%,85.70%,74.70%,74.40%,78.70%,67.20%,90.00%,98.50%,60.00%,72.90%,60.00%,55.00%,,,,,,,87.50%,75.00%,56.20%,72.20%,50.00%,,90.60%,65.00%,75.00%,70.00%,95.00%,75.00%,,,,62.50%,,,,,0.94,0.43,113,130,25.7,29.2,32.3,28.3,-2.6,11,1,9.1,13,3,23.1,,,,,,,,,,,,,,,,,,,,,,,,,,,,,,,,,,,,,,,,,74.60%,72.90%,,,96.90%,82.50%,75.00%,78.20%,,,,,Raise CCW,55,Guard CCW,86.5
Grace Mccusker,80.90%,81.40%,81.10%,82.40%,359,"{""Lead"": {""start"": ""2023-03-15"", ""end"": ""2024-09-27"", ""count"": 7}, ""Second"": {""start"": ""2024-03-12"", ""end"": ""2024-03-16"", ""count"": 5}}","{""DAL - W"": {""start"": ""2023-03-15"", ""end"": ""2023-03-19"", ""count"": 5}, ""MacNutt"": {""start"": ""2024-09-26"", ""end"": ""2024-09-27"", ""count"": 2}, ""DAL (MacNutt)"": {""start"": ""2024-03-12"", ""end"": ""2024-03-16"", ""count"": 5}}",Right,,,,,,,88.40%,79.80%,85.00%,89.10%,81.60%,80.70%,55.00%,71.90%,79.50%,85.80%,64.30%,73.80%,95.00%,,50.00%,62.50%,,,,,,,,85.70%,75.00%,91.70%,80.00%,91.70%,50.00%,25.00%,62.50%,,,75.00%,,,,,,,,,,,1.09,0.5,77,101,33.8,32.7,35.6,29.9,3.9,8,1,12.5,10,1,10,,,,,,,,,,,,,,,,,,,,,,,,,,,,,,,,,,,,,,,,,,,,,,,79.50%,79.20%,85.20%,79.30%,,,Double CW,50,Guard CCW,89.1
Grady Lamontagne,77.80%,72.70%,75.00%,65.50%,300,"{""Second"": {""start"": ""2017-03-18"", ""end"": ""2018-03-27"", ""count"": 9}}","{""UofR (Wills)"": {""start"": ""2017-03-18"", ""end"": ""2017-03-22"", ""count"": 5}, ""REG"": {""start"": ""2018-03-24"", ""end"": ""2018-03-27"", ""count"": 4}}",Right,1996,,,,,,97.20%,81.70%,70.00%,83.30%,76.90%,65.20%,55.00%,52.50%,75.90%,83.50%,63.20%,54.70%,90.60%,85.00%,62.50%,62.50%,,45.80%,,,,,95.80%,83.30%,,75.00%,62.50%,50.00%,,0.00%,50.00%,68.80%,,,87.50%,62.50%,,,,50.00%,,,,,0.96,0.27,67,81,26.9,22.2,19.8,19.4,7.5,8,4,50,2,0,0,,,,,,,,,,,,,,,,,,,,,,,,,,,,,,,,,,,69.50%,75.40%,78.20%,75.00%,,,,,,,,,,,,,,,Raise CCW,45.8,Take-out CCW,83.5
Graem Fenson,81.60%,67.60%,77.90%,77.80%,442,"{""Lead"": {""start"": ""2017-02-16"", ""end"": ""2020-02-20"", ""count"": 19}}","{""United States"": {""start"": ""2017-02-16"", ""end"": ""2019-02-19"", ""count"": 13}, ""USA (Violette)"": {""start"": ""2020-02-15"", ""end"": ""2020-02-20"", ""count"": 6}}",Right,,,"Bemidji, MN",,,,88.40%,82.10%,65.30%,58.30%,80.30%,63.60%,0.00%,0.00%,88.00%,63.20%,75.00%,65.00%,,,75.00%,50.00%,75.00%,66.70%,59.60%,,,,85.30%,,,,84.60%,,0.00%,,,,,,,,,,,,75.00%,,,,0.92,0.36,111,108,27.9,30.6,24.1,18.9,9,6,2,33.3,9,0,0,,,,,,,,,,,,,,,,,,,,,,,,,,,,,,,,,,,77.20%,75.00%,66.90%,87.50%,89.10%,72.20%,81.70%,59.40%,,,,,,,,,,,Freeze CW,0,Take-out CW,88
Graeme Mccarrel,85.20%,88.20%,86.80%,94.00%,226,"{""Third"": {""start"": ""2001-03-03"", ""end"": ""2001-03-10"", ""count"": 8}}","{""ON (Middaugh)"": {""start"": ""2001-03-03"", ""end"": ""2001-03-10"", ""count"": 8}}",Right,1971,,"Brampton, ON",,,,,,,97.90%,73.20%,85.90%,81.80%,81.20%,88.20%,89.80%,85.60%,84.40%,83.30%,,87.50%,65.00%,95.00%,70.00%,,,,,,,,,,87.50%,,,,,80.00%,,66.70%,,,,,,,,,,1.39,0.29,49,62,42.9,33.9,22.6,18.4,24.5,3,1,33.3,8,0,0,,,86.10%,87.20%,,,,,,,,,,,,,,,,,,,,,,,,,,,,,,,,,,,,,,,,,,,,,,,,,Double CCW,65,Guard CCW,97.9
Graeme Weagle,77.60%,79.30%,78.40%,81.90%,369,"{""Third"": {""start"": ""2019-01-19"", ""end"": ""2020-01-24"", ""count"": 13}}","{""NS"": {""start"": ""2019-01-19"", ""end"": ""2020-01-24"", ""count"": 13}}",Right,1999,,,,,,,,89.70%,91.10%,71.60%,74.30%,50.00%,35.00%,78.60%,83.80%,81.20%,69.00%,91.70%,92.60%,70.50%,83.30%,87.50%,61.10%,,,,,,,,81.20%,85.00%,70.00%,,,66.70%,90.00%,,75.00%,,90.00%,,,75.00%,50.00%,,,,,1.03,0.4,89,92,28.1,32.6,23.9,23.6,4.5,10,2,20,8,0,0,,,,,,,,,,,,,,,,,,,,,,,,,,,,,,,,,,,,,,,72.10%,75.80%,80.90%,84.10%,,,,,,,,,,,Freeze CCW,35,Guard CCW,91.1
Graham Breckon,76.10%,87.50%,83.10%,94.90%,188,"{""Second"": {""start"": ""2013-03-02"", ""end"": ""2013-03-07"", ""count"": 6}, ""Third"": {""start"": ""2013-03-05"", ""end"": ""2013-03-05"", ""count"": 1}}","{""NS (Flemming)"": {""start"": ""2013-03-02"", ""end"": ""2013-03-07"", ""count"": 6}}",Right,,,,,,,92.90%,93.80%,91.70%,84.40%,69.60%,85.90%,45.00%,66.70%,72.20%,86.10%,65.00%,94.20%,93.80%,92.50%,62.50%,85.00%,,87.50%,,,,,,,,91.70%,87.50%,75.00%,,,,,,,,,,,,,,,,,0.7,0.08,54,39,18.5,33.3,5.1,29.6,-11.1,9,0,0,1,0,0,,,,,,,,,,,,,,,,,,,,,,,,,,,81.40%,85.10%,,,,,,,,,,,,,,,,,,,,,,,,,Freeze CW,45,Hit-roll CCW,94.2
Graham Mcfarlane,79.10%,80.40%,79.80%,88.40%,220,"{""Second"": {""start"": ""2017-01-21"", ""end"": ""2017-01-27"", ""count"": 7}}","{""MB (Ryan)"": {""start"": ""2017-01-21"", ""end"": ""2017-01-27"", ""count"": 7}}",Right,1996,,,,,,95.80%,87.50%,95.00%,90.00%,72.40%,73.10%,70.80%,75.00%,71.70%,80.80%,84.40%,72.50%,83.30%,91.70%,85.00%,75.00%,50.00%,,,,,,91.70%,,87.50%,,,75.00%,,,,,,,66.70%,,75.00%,,,,,,,,1.14,0.35,57,48,35.1,35.4,25,24.6,10.5,3,3,100,5,0,0,,,,,,,,,,,,,,,,,,,,,,,,,,,,,,,,,,,78.50%,80.80%,,,,,,,,,,,,,,,,,Raise CW,50,Guard CW,95
Grant Hardie,87.10%,86.10%,86.60%,87.80%,4505,"{""Third"": {""start"": ""2018-03-31"", ""end"": ""2025-04-13"", ""count"": 204}, ""Second"": {""start"": ""2023-05-03"", ""end"": ""2023-05-05"", ""count"": 3}}","{""Scotland"": {""start"": ""2018-09-13"", ""end"": ""2022-11-26"", ""count"": 45}, ""SCO (Mouat)"": {""start"": ""2018-03-31"", ""end"": ""2025-04-06"", ""count"": 52}, ""Mouat"": {""start"": ""2021-04-15"", ""end"": ""2025-04-13"", ""count"": 99}, ""GBR (Mouat)"": {""start"": ""2022-02-10"", ""end"": ""2022-02-19"", ""count"": 8}}",Right,1992,"Dumfries, SCO","Dumfries, SCO",Student,,Strathclyde University,98.40%,86.80%,94.50%,92.20%,82.70%,84.30%,86.40%,79.50%,90.70%,90.30%,86.60%,85.90%,96.30%,95.70%,80.80%,81.50%,74.80%,78.20%,,65.00%,81.60%,69.40%,98.10%,,99.00%,95.00%,76.00%,82.10%,,62.50%,98.10%,87.00%,86.90%,87.50%,98.40%,98.90%,80.60%,71.60%,75.00%,87.50%,,,84.40%,75.00%,1.32,0.36,1060,1121,41.2,38.7,24.6,12.8,28.4,49,10,20.4,170,9,5.3,,,,,,,,,,,,,,,,,,,,,,,,,,,,,,,,,,,,,82.90%,83.40%,88.10%,86.20%,,,85.70%,85.50%,88.90%,86.60%,86.50%,86.90%,87.40%,87.60%,87.20%,90.00%,Wick CCW,65,Guard CW,94.5
Grant Odishaw,89.80%,88.20%,88.70%,72.00%,1014,"{""Lead"": {""start"": ""2002-03-09"", ""end"": ""2019-03-06"", ""count"": 33}}","{""N.B. (Howard)"": {""start"": ""2002-03-09"", ""end"": ""2002-03-16"", ""count"": 8}, ""N.B (Howard)"": {""start"": ""2003-03-01"", ""end"": ""2003-03-07"", ""count"": 7}, ""NB (Howard)"": {""start"": ""2004-03-06"", ""end"": ""2004-03-12"", ""count"": 7}, ""NB (Odishaw)"": {""start"": ""2012-03-03"", ""end"": ""2012-03-08"", ""count"": 6}, ""NB"": {""start"": ""2019-03-02"", ""end"": ""2019-03-06"", ""count"": 5}}",Right,,"Vancouver, BC",,,,,95.50%,93.00%,82.10%,86.80%,88.90%,90.80%,82.10%,77.50%,86.10%,86.60%,92.90%,89.30%,78.60%,85.70%,87.50%,76.80%,85.00%,81.00%,40.00%,46.20%,,,97.90%,98.10%,,75.00%,94.20%,91.20%,50.00%,,37.50%,66.70%,,,75.00%,86.10%,,,,87.50%,33.30%,43.20%,,,1.17,0.27,245,258,34.3,42.6,19.4,17.6,16.7,15,3,20,24,2,8.3,,,,,89.50%,81.60%,91.70%,83.50%,94.40%,76.90%,,,,,,,,,,,,,,,88.00%,73.50%,,,,,,,,,,,,,89.80%,75.00%,,,,,,,,,,,,,Wick CW,40,Hit-roll CW,92.9
Greg Balsdon,76.30%,75.90%,76.00%,82.10%,193,"{""Fourth"": {""start"": ""2017-11-07"", ""end"": ""2023-09-27"", ""count"": 7}}","{""Balsdon"": {""start"": ""2017-11-07"", ""end"": ""2023-09-27"", ""count"": 7}}",Right,1977,"Toronto, ON","Toronto, ON",,,,,0.00%,65.00%,87.50%,79.50%,57.40%,70.00%,75.00%,79.80%,92.90%,62.50%,69.60%,,85.70%,90.00%,64.30%,25.00%,83.30%,,,,,,0.00%,75.00%,,,,83.30%,,,,,87.50%,,,75.00%,,,,,,,,1.21,0.2,42,55,31,29.1,14.5,9.5,21.5,3,0,0,3,0,0,,,,,,,,,,,,,,,,,,,,,,,,,,,,,,,,,,,69.80%,80.80%,,,,,,,,,,,46.90%,90.00%,,,,,Raise CW,25,Take-out CCW,92.9
Greg Drummond,83.30%,86.60%,85.00%,85.60%,440,"{""Third"": {""start"": ""2014-02-10"", ""end"": ""2017-04-06"", ""count"": 17}}","{""GBR"": {""start"": ""2014-02-10"", ""end"": ""2014-02-21"", ""count"": 11}, ""Scotland"": {""start"": ""2017-04-01"", ""end"": ""2017-04-06"", ""count"": 6}}",Right,1989,"Dundee, SCO","Stirling, SCO",,,,87.50%,91.70%,95.80%,94.10%,84.60%,83.70%,,,85.80%,94.00%,83.00%,73.70%,90.60%,97.70%,78.40%,75.00%,59.40%,83.30%,,,59.40%,65.40%,87.50%,,,85.00%,83.30%,69.60%,,,,,,50.00%,,87.50%,,,50.00%,,,,,,1.03,0.23,107,109,27.1,36.7,19.3,13.1,14,6,2,33.3,7,0,0,,,,,,,,,,,,,,,,,,,,,,,,,,,,,88.70%,85.10%,,,,,83.10%,83.30%,,,,,,,,,,,,,,,,,Raise CW,59.4,Guard CW,95.8
Greg Persinger,82.30%,79.60%,80.90%,77.70%,270,"{""Fourth"": {""start"": ""2018-03-31"", ""end"": ""2018-09-15"", ""count"": 9}}","{""United States"": {""start"": ""2018-09-15"", ""end"": ""2018-09-15"", ""count"": 1}, ""USA (Ruohonen)"": {""start"": ""2018-03-31"", ""end"": ""2018-04-07"", ""count"": 8}}",Right,1978,"Fairbanks, AK","Fairbanks, AK","Cold Stone Creamery Owner, Self Employed",Lathrop,UAA,,,92.30%,89.30%,71.50%,83.50%,,25.00%,89.70%,92.60%,85.00%,73.30%,,85.00%,87.50%,68.80%,35.00%,45.80%,,0.00%,,50.00%,,,75.00%,,35.70%,50.00%,,,,,,50.00%,,,,,,,,0.00%,,,0.83,0.22,70,65,21.4,35.4,20,18.6,2.8,2,1,50,3,0,0,,,,,,,,,,,,,,,,,,,,,,,,,,,,,,,,,,,,,79.60%,81.80%,,,,,,,,,,,,,,,Wick CCW,0,Take-out CCW,92.6
Greg Smith,69.00%,67.80%,68.30%,60.50%,439,"{""Fourth"": {""start"": ""2016-01-23"", ""end"": ""2022-09-21"", ""count"": 18}}","{""NL"": {""start"": ""2016-01-23"", ""end"": ""2018-03-09"", ""count"": 12}, ""NL (Smith)"": {""start"": ""2021-03-05"", ""end"": ""2021-03-10"", ""count"": 5}, ""Smith"": {""start"": ""2022-09-21"", ""end"": ""2022-09-21"", ""count"": 1}}",Right,,,,,,,,,71.20%,75.00%,73.10%,60.50%,80.00%,78.60%,72.40%,71.60%,63.00%,72.10%,87.50%,,42.90%,50.00%,37.50%,66.70%,,,,,,,,75.00%,53.10%,66.70%,,,97.20%,83.30%,,41.70%,75.00%,,,12.50%,0.00%,,,,,,0.98,0.38,114,107,21.9,17.8,25.2,31.6,-9.7,16,2,12.5,11,3,27.3,,,,,,,,,,,,,,,,,,,,,,,,,,,,,,,,,71.90%,64.30%,,,61.60%,68.20%,,,,,74.40%,72.10%,55.00%,65.90%,,,,,,,Raise CW,37.5,Freeze CW,80
Gustav Eskilsson,79.40%,82.80%,81.20%,73.60%,292,"{""Third"": {""start"": ""2013-02-28"", ""end"": ""2017-02-07"", ""count"": 12}, ""Second"": {""start"": ""2014-04-01"", ""end"": ""2014-04-01"", ""count"": 1}}","{""SWE"": {""start"": ""2013-02-28"", ""end"": ""2014-04-01"", ""count"": 10}, ""SWE (Mabergs)"": {""start"": ""2017-01-31"", ""end"": ""2017-02-07"", ""count"": 3}}",Right,1992,"Skellefteå, SWE","Skellefteå, SWE",Studying,,,83.30%,,87.50%,94.20%,70.50%,72.60%,,75.00%,81.70%,89.00%,72.90%,75.00%,92.40%,91.70%,68.80%,70.00%,83.30%,68.80%,,87.50%,60.70%,83.30%,,,75.00%,,50.00%,60.00%,,,,,,75.00%,,,,,,50.00%,,,0.00%,,1.03,0.33,65,75,35.4,30.7,22.7,26.2,9.2,5,2,40,6,0,0,,,,,,,,,,,,,,,,,,,,,,,,,,,78.50%,81.80%,93.80%,85.40%,,,,,77.70%,82.00%,,,,,,,,,,,,,,,,,Promotion CW,60.7,Guard CCW,94.2
Guy Hemmings,77.80%,81.50%,79.60%,87.60%,392,"{""Fourth"": {""start"": ""2001-03-03"", ""end"": ""2003-03-06"", ""count"": 13}}","{""QC (Hemmings)"": {""start"": ""2001-03-03"", ""end"": ""2001-03-09"", ""count"": 7}, ""QUE (Hemmings)"": {""start"": ""2003-03-01"", ""end"": ""2003-03-06"", ""count"": 6}}",Right,1962,"Montreal, QC",,,,,,,94.10%,84.70%,83.50%,81.60%,77.50%,87.50%,79.20%,81.00%,75.00%,76.70%,90.60%,95.50%,44.60%,75.00%,63.20%,75.00%,,,,,,,,75.00%,90.00%,71.90%,,,81.20%,,,66.70%,,,,,,66.70%,,,,,1.18,0.45,92,103,33.7,33,29.1,15.2,18.5,7,0,0,12,0,0,,,81.70%,77.10%,,,86.30%,75.70%,,,,,,,,,,,,,,,,,,,,,,,,,,,,,,,,,,,,,,,,,,,,,Double CW,44.6,Guard CW,94.1
Guy Thibaudeau,77.60%,81.80%,79.80%,82.40%,202,"{""Second"": {""start"": ""2001-03-03"", ""end"": ""2001-03-09"", ""count"": 7}}","{""QC (Hemmings)"": {""start"": ""2001-03-03"", ""end"": ""2001-03-09"", ""count"": 7}}",Right,,,,,,,89.30%,,95.00%,98.30%,75.00%,85.30%,55.60%,73.40%,83.30%,78.90%,69.20%,66.70%,82.70%,80.80%,60.00%,75.00%,79.20%,77.80%,,,,,,,75.00%,,,50.00%,,,,50.00%,62.50%,,83.30%,75.00%,,,,75.00%,,,,,1.23,0.52,48,50,37.5,30,32,10.4,27.1,4,0,0,6,0,0,,,83.00%,77.10%,,,,,,,,,,,,,,,,,,,,,,,,,,,,,,,,,,,,,,,,,,,,,,,,,Freeze CW,55.6,Guard CCW,98.3
Haavard Vad Petersson,84.20%,86.50%,85.70%,82.90%,1755,"{""Lead"": {""start"": ""2010-02-16"", ""end"": ""2019-05-11"", ""count"": 65}}","{""NOR"": {""start"": ""2010-02-16"", ""end"": ""2015-11-27"", ""count"": 34}, ""Norway"": {""start"": ""2016-04-02"", ""end"": ""2019-05-11"", ""count"": 24}, ""NOR (Ulsrud)"": {""start"": ""2018-02-14"", ""end"": ""2018-02-21"", ""count"": 7}}",Right,1984,"Oslo, NOR","Arendal, NOR","Smoothie and Froyo Store Owner , Myself",Oslo Katedralskole,,93.20%,91.30%,79.50%,71.90%,81.50%,88.70%,50.00%,,86.00%,88.90%,81.80%,86.50%,,90.00%,75.00%,73.10%,90.20%,85.00%,50.70%,67.80%,75.00%,84.40%,86.90%,84.70%,87.50%,,84.10%,89.70%,,,75.00%,75.00%,,,,75.00%,,,,,43.30%,76.30%,,,1.21,0.25,407,464,36.9,40.5,18.3,12.8,24.1,21,5,23.8,49,1,2,,,,,,,,,,,,,,,,,,,,,90.40%,79.10%,,,,,,,88.00%,80.10%,94.70%,50.00%,87.90%,78.40%,86.50%,76.80%,83.80%,76.70%,86.00%,86.40%,,,,,,,,,,,,,Freeze CW,50,Raise CW,90.2
Hailey Armstrong,71.00%,76.00%,73.50%,75.50%,598,"{""Fourth"": {""start"": ""2017-01-22"", ""end"": ""2017-01-29"", ""count"": 7}, ""Third"": {""start"": ""2021-02-20"", ""end"": ""2022-02-03"", ""count"": 14}}","{""ON (Armstrong)"": {""start"": ""2017-01-22"", ""end"": ""2017-01-29"", ""count"": 7}, ""QC (St-Georges)"": {""start"": ""2021-02-20"", ""end"": ""2022-02-03"", ""count"": 14}}",Right,1996,"Carleton Place, ON","Carleton Place, ON",Student,Carleton Place High School,Algonquin college,92.90%,87.50%,67.40%,85.00%,65.90%,72.20%,68.80%,67.30%,73.10%,77.50%,70.30%,80.50%,79.60%,87.90%,58.30%,55.30%,60.70%,45.00%,,,,,,,50.00%,75.00%,62.50%,91.70%,87.50%,37.50%,56.20%,80.00%,91.70%,91.70%,85.00%,,75.00%,,25.00%,75.00%,,,,,1.04,0.35,139,149,30.2,33.6,23.5,21.6,8.6,12,5,41.7,12,1,8.3,,,,,,,,,,,,,,,,,,,,,,,,,,,,,,,,,,,78.20%,81.00%,,,,,,,69.60%,73.40%,64.70%,68.60%,,,,,,,Raise CCW,45,Guard CCW,85
Hailey Beaudry,70.70%,65.60%,68.40%,46.70%,325,"{""Fourth"": {""start"": ""2017-03-18"", ""end"": ""2018-01-19"", ""count"": 12}}","{""LH (Beaudry)"": {""start"": ""2017-03-18"", ""end"": ""2017-03-22"", ""count"": 5}, ""NO"": {""start"": ""2018-01-13"", ""end"": ""2018-01-19"", ""count"": 7}}",Right,,,,,,,,75.00%,66.70%,71.90%,64.70%,54.50%,41.70%,25.00%,73.50%,70.50%,84.70%,72.40%,93.80%,70.00%,71.90%,65.00%,58.30%,75.00%,,,,,,,,,47.20%,50.00%,0.00%,50.00%,79.50%,25.00%,25.00%,,,,50.00%,62.50%,25.00%,,,,,,1.05,0.26,85,76,21.2,40.8,18.4,23.5,-2.3,9,1,11.1,6,1,16.7,,,,,,,,,,,,,,,,,,,,,,,,,,,,,,,,,,,55.70%,72.40%,63.80%,74.10%,,,,,,,,,,,,,,,Freeze CCW,25,Hit-roll CW,84.7
Hailey Duff,81.70%,83.20%,82.60%,70.20%,582,"{""Second"": {""start"": ""2018-03-04"", ""end"": ""2021-11-22"", ""count"": 4}, ""Lead"": {""start"": ""2021-11-20"", ""end"": ""2022-11-23"", ""count"": 24}, ""Third"": {""start"": ""2022-10-18"", ""end"": ""2022-10-18"", ""count"": 1}}","{""Scotland"": {""start"": ""2018-03-04"", ""end"": ""2021-12-13"", ""count"": 11}, ""SCO (Morrison)"": {""start"": ""2022-11-23"", ""end"": ""2022-11-23"", ""count"": 1}, ""Muirhead"": {""start"": ""2022-04-12"", ""end"": ""2022-04-16"", ""count"": 5}, ""Farmer"": {""start"": ""2022-10-18"", ""end"": ""2022-10-18"", ""count"": 1}, ""GBR (Muirhead)"": {""start"": ""2022-02-10"", ""end"": ""2022-02-20"", ""count"": 10}}",Right,1963,"Stranraer, SCO","Stranraer, SCO",,,,93.00%,89.20%,75.00%,89.00%,86.70%,84.00%,62.50%,54.20%,73.60%,80.90%,66.70%,66.70%,77.80%,85.00%,50.00%,60.00%,29.20%,71.90%,52.30%,72.10%,,,83.30%,82.50%,,,91.70%,90.00%,,25.00%,50.00%,,,,56.20%,,,,,,0.00%,63.60%,,,1.2,0.43,148,138,37.2,40.6,29,19.6,17.6,11,2,18.2,24,1,4.2,,,,,,,,,,,,,,,,,,,,,,,,,,,,,,,,,,,,,78.80%,71.40%,,,,,87.10%,75.40%,86.70%,65.60%,,,,,,,Raise CW,29.2,Guard CCW,89
Hammy Mcmillan,90.90%,89.50%,90.40%,84.30%,4696,"{""Lead"": {""start"": ""2013-03-06"", ""end"": ""2025-04-06"", ""count"": 200}, ""Second"": {""start"": ""2021-11-04"", ""end"": ""2023-12-15"", ""count"": 10}}","{""SCO"": {""start"": ""2013-03-06"", ""end"": ""2013-03-06"", ""count"": 1}, ""Scotland"": {""start"": ""2016-04-02"", ""end"": ""2022-11-26"", ""count"": 56}, ""SCO (Mouat)"": {""start"": ""2018-03-31"", ""end"": ""2025-04-06"", ""count"": 52}, ""Mouat"": {""start"": ""2021-04-15"", ""end"": ""2024-10-06"", ""count"": 84}, ""GBR (Mouat)"": {""start"": ""2022-02-10"", ""end"": ""2022-02-19"", ""count"": 8}}",Right,,,,,,,95.00%,94.50%,91.80%,90.10%,90.20%,88.70%,85.00%,87.30%,86.50%,95.30%,84.30%,83.20%,80.80%,79.50%,64.60%,88.30%,81.00%,77.10%,76.50%,71.00%,75.00%,62.50%,97.60%,94.30%,91.70%,93.80%,93.10%,89.00%,79.20%,92.90%,87.50%,,85.00%,75.00%,79.20%,58.30%,,,62.50%,62.50%,86.40%,73.40%,,,1.28,0.34,1109,1156,40.4,36.9,23.1,13.2,27.2,51,11,21.6,161,9,5.6,,,,,,,,,,,,,,,,,,,,,,,,,,,91.70%,80.00%,,,,,88.20%,79.70%,,,90.20%,79.60%,93.10%,91.70%,,,91.80%,79.20%,91.30%,82.20%,92.00%,82.50%,93.30%,87.10%,90.80%,82.50%,Promotion CCW,62.5,Take-out CCW,95.3
Hammy Mcmillan Jr.,92.20%,89.80%,91.60%,88.60%,387,"{""Lead"": {""start"": ""2024-11-05"", ""end"": ""2025-04-13"", ""count"": 23}}","{""Mouat"": {""start"": ""2024-11-05"", ""end"": ""2025-04-13"", ""count"": 23}}",Right,1992,,,,,,94.90%,96.90%,94.40%,,92.70%,87.20%,86.80%,72.70%,70.80%,,83.30%,79.20%,,,,,91.70%,94.40%,75.00%,,,,,,,,88.20%,94.40%,,,0.00%,,,,,,,,,93.80%,75.00%,,,,1.42,0.39,81,106,43.2,42.5,26.4,8.6,34.6,4,0,0,18,0,0,,,,,,,,,,,,,,,,,,,,,,,,,,,,,,,,,,,,,,,,,,,,,,,,,92.80%,86.50%,91.60%,86.70%,Take-out CW,70.8,Guard CW,94.4
Hannah Fleming,72.30%,77.90%,75.10%,71.10%,408,"{""Fourth"": {""start"": ""2013-02-28"", ""end"": ""2018-03-23"", ""count"": 16}}","{""SCO"": {""start"": ""2013-02-28"", ""end"": ""2013-03-10"", ""count"": 9}, ""Scotland"": {""start"": ""2018-03-17"", ""end"": ""2018-03-23"", ""count"": 7}}",Right,1991,,,,,,,,82.70%,83.30%,68.80%,75.30%,37.50%,,81.90%,84.00%,72.20%,71.70%,83.30%,,64.10%,75.00%,59.10%,65.60%,,,29.20%,42.50%,,,,,40.60%,42.90%,,,50.00%,,,62.50%,,,66.70%,50.00%,,83.30%,,,,0.00%,1.07,0.38,96,109,35.4,29.4,25.7,17.7,17.7,5,0,0,11,0,0,,,,,,,,,,,,,,,,,,,,,,,,,,,79.30%,80.20%,,,,,,,,,69.60%,72.50%,,,,,,,,,,,,,,,Promotion CW,29.2,Take-out CCW,84
Hasumi Ishigooka,83.70%,80.40%,82.10%,72.50%,562,"{""Lead"": {""start"": ""2019-03-16"", ""end"": ""2023-10-21"", ""count"": 25}, ""Second"": {""start"": ""2022-03-25"", ""end"": ""2022-03-25"", ""count"": 1}}","{""Japan"": {""start"": ""2019-03-16"", ""end"": ""2022-03-25"", ""count"": 21}, ""Kitazawa"": {""start"": ""2023-10-17"", ""end"": ""2023-10-21"", ""count"": 4}}",Right,1996,"Aomori, JPN",,,,,87.00%,84.50%,83.30%,65.60%,83.80%,80.90%,,83.30%,85.60%,76.20%,58.30%,68.80%,,,66.70%,,75.00%,83.30%,59.40%,52.80%,,,77.80%,84.10%,50.00%,,84.20%,87.50%,,,,,,,,,,,,75.00%,66.70%,0.00%,,,1.15,0.41,130,143,33.1,35,25.9,25.4,7.7,13,2,15.4,15,1,6.7,,,,,,,,,,,,,,,,,,,,,,,,,,,,,,,,,,,,,,,82.10%,78.30%,,,,,84.60%,62.50%,89.80%,84.40%,,,,,Wick CCW,52.8,Take-out CW,85.6
Hayato Sato,78.40%,79.80%,79.10%,71.60%,356,"{""Fourth"": {""start"": ""2020-01-18"", ""end"": ""2020-01-24"", ""count"": 7}, ""Second"": {""start"": ""2024-10-27"", ""end"": ""2024-11-02"", ""count"": 6}}","{""BC1"": {""start"": ""2020-01-18"", ""end"": ""2020-01-24"", ""count"": 7}, ""JPN (Abe)"": {""start"": ""2024-10-27"", ""end"": ""2024-11-02"", ""count"": 6}}",Right,2000,,"Coquitlam, CAN",,,,,,86.40%,95.80%,79.60%,80.90%,,50.00%,70.70%,76.80%,75.00%,76.40%,90.60%,93.40%,78.80%,91.70%,71.90%,50.00%,,,75.00%,,,,75.00%,,88.90%,78.60%,,50.00%,81.20%,25.00%,,,,79.20%,0.00%,,25.00%,,,,,,0.99,0.34,83,91,26.5,35.2,25.3,21.7,4.8,8,0,0,7,0,0,,,,,,,,,,,,,,,,,,,,,,,,,,,,,,,,,,,,,,,,,81.00%,74.60%,,,,,,,84.10%,80.20%,,,Freeze CCW,50,Guard CCW,95.8
Haylee Jameson,64.60%,62.00%,63.20%,57.20%,253,"{""Fourth"": {""start"": ""2017-03-18"", ""end"": ""2018-03-27"", ""count"": 8}}","{""UofR (Jameson)"": {""start"": ""2017-03-18"", ""end"": ""2017-03-21"", ""count"": 4}, ""REG"": {""start"": ""2018-03-24"", ""end"": ""2018-03-27"", ""count"": 4}}",Right,,,,,,,,,55.00%,,61.40%,59.30%,75.00%,58.30%,70.60%,63.80%,50.00%,73.10%,87.50%,75.00%,56.20%,16.70%,83.30%,37.50%,,,,,,,50.00%,,40.00%,50.00%,,25.00%,50.00%,,,,,,,,75.00%,25.00%,,,,,0.91,0.33,66,61,22.7,34.4,23,27.3,-4.6,6,2,33.3,7,2,28.6,,,,,,,,,,,,,,,,,,,,,,,,,,,,,,,,,,,59.60%,65.20%,61.20%,65.20%,,,,,,,,,,,,,,,Double CCW,16.7,Raise CW,83.3
Heather Kalenchuk,83.90%,85.90%,85.00%,72.30%,459,"{""Lead"": {""start"": ""2011-02-19"", ""end"": ""2012-02-23"", ""count"": 15}}","{""SK(Holland)"": {""start"": ""2011-02-19"", ""end"": ""2011-02-27"", ""count"": 9}, ""CAN (Holland)"": {""start"": ""2012-02-18"", ""end"": ""2012-02-23"", ""count"": 6}}",Right,1984,"Edmonton, AB","Regina, SK",,,,85.10%,93.50%,79.40%,91.10%,84.60%,83.30%,76.40%,87.50%,88.50%,91.70%,87.50%,79.20%,,0.00%,,,62.50%,75.00%,,0.00%,,,,,,,92.50%,71.90%,75.00%,,0.00%,,,,,0.00%,,,,,,0.00%,,,1.16,0.33,122,108,34.4,48.1,19.4,23,11.4,7,3,42.9,15,3,20,,,,,,,,,,,,,,,,,,,,,,,84.50%,89.50%,85.60%,80.40%,,,,,,,,,,,,,,,,,,,,,,,,,,,Wick CCW,0,Take-out CCW,91.7
Heather Martin,78.40%,77.40%,77.90%,84.40%,397,"{""Lead"": {""start"": ""2011-02-19"", ""end"": ""2013-02-22"", ""count"": 13}}","{""NL(Devereaux)"": {""start"": ""2011-02-19"", ""end"": ""2011-02-24"", ""count"": 6}, ""NL (Devereaux)"": {""start"": ""2013-02-16"", ""end"": ""2013-02-22"", ""count"": 7}}",Right,1964,"Halifax, NS","St. John's, NL",,,,85.30%,88.00%,86.10%,77.50%,71.70%,67.10%,56.80%,61.10%,78.30%,85.20%,81.20%,62.50%,,,,,75.00%,,,,,,83.30%,,,87.50%,66.70%,68.80%,,,,,,,,,,,,,,,,,0.83,0.22,108,85,18.5,38.8,16.5,42.6,-24.1,16,2,12.5,3,1,33.3,,,,,,,,,,,,,,,,,,,,,,,80.50%,88.20%,,,74.10%,78.30%,,,,,,,,,,,,,,,,,,,,,,,,,Freeze CW,56.8,Guard CW,86.1
Heather Nedohin,78.00%,80.70%,79.50%,79.70%,663,"{""Fourth"": {""start"": ""2012-02-18"", ""end"": ""2017-02-24"", ""count"": 21}, ""Lead"": {""start"": ""2017-02-19"", ""end"": ""2017-02-19"", ""count"": 1}}","{""AB (Nedohin)"": {""start"": ""2012-02-18"", ""end"": ""2012-02-26"", ""count"": 8}, ""CA (Nedohin)"": {""start"": ""2013-02-16"", ""end"": ""2013-02-24"", ""count"": 8}, ""AB (Kleibrink)"": {""start"": ""2017-02-19"", ""end"": ""2017-02-24"", ""count"": 5}}",Right,1975,"Fort St. John, BC","Sherwood Park, AB","Mother, Nedohin Estates",North Peace High School,Grande Prairie College,,80.00%,89.70%,89.70%,80.10%,72.40%,61.40%,64.60%,80.60%,84.30%,75.00%,86.60%,85.00%,90.50%,66.70%,71.20%,62.50%,58.30%,,,,,,66.70%,50.00%,50.00%,72.20%,71.40%,83.30%,,85.70%,71.40%,83.30%,,87.50%,,33.30%,,,,,,,,1.23,0.27,158,170,36.7,40.6,19.4,19.6,17.1,10,5,50,18,3,16.7,,,,,,,,,,,,,,,,,,,,,,,,,80.90%,78.00%,77.10%,81.20%,,,,,,,75.00%,82.00%,,,,,,,,,,,,,,,,,Raise CCW,58.3,Guard CW,89.7
Heather Strong,72.20%,78.80%,76.10%,66.70%,197,"{""Fourth"": {""start"": ""2012-02-18"", ""end"": ""2012-02-23"", ""count"": 6}}","{""NL (Strong)"": {""start"": ""2012-02-18"", ""end"": ""2012-02-23"", ""count"": 6}}",Left,1976,"St. John's, NL","St. John's, NL","Provincial Director, Terry Fox Foundation",,,,,25.00%,98.10%,78.40%,73.70%,56.20%,96.40%,79.30%,84.00%,50.00%,75.00%,,91.70%,58.30%,46.40%,50.00%,37.50%,,,,,,,,,50.00%,83.30%,0.00%,,,,,,,,75.00%,,25.00%,,,,,,0.96,0.34,56,44,32.1,38.6,25,33.9,-1.8,6,0,0,6,2,33.3,,,,,,,,,,,,,,,,,,,,,,,,,78.10%,74.50%,,,,,,,,,,,,,,,,,,,,,,,,,,,Guard CW,25,Guard CCW,98.1
Heidi Hossi,67.90%,67.50%,67.70%,73.10%,361,"{""Third"": {""start"": ""2014-11-22"", ""end"": ""2015-03-19"", ""count"": 12}, ""Fourth"": {""start"": ""2015-03-18"", ""end"": ""2015-03-18"", ""count"": 1}}","{""FIN"": {""start"": ""2014-11-22"", ""end"": ""2015-03-19"", ""count"": 12}}",Right,,,,,,,75.00%,96.40%,54.20%,67.90%,63.70%,67.50%,,65.00%,76.40%,67.60%,64.00%,72.40%,88.30%,77.10%,60.00%,57.80%,60.00%,50.00%,,,50.00%,35.70%,,95.00%,,25.00%,75.00%,56.20%,,,,,87.50%,,83.30%,66.70%,50.00%,50.00%,,,,,50.00%,58.30%,1.05,0.31,83,90,27.7,28.9,24.4,27.7,0,12,4,33.3,5,0,0,,,,,,,,,,,,,,,,,,,,,,,,,,,,,75.40%,73.50%,61.40%,62.40%,,,,,,,,,,,,,,,,,,,,,Promotion CCW,35.7,Take-out CW,76.4
Henrietta Miklai,71.50%,70.70%,71.00%,81.90%,202,"{""Third"": {""start"": ""2016-03-07"", ""end"": ""2017-11-23"", ""count"": 8}}","{""Hungary"": {""start"": ""2016-03-07"", ""end"": ""2017-11-23"", ""count"": 8}}",Right,,,,,,,,58.30%,72.90%,62.50%,68.40%,78.20%,,,61.60%,67.00%,87.50%,71.20%,90.00%,56.20%,55.00%,81.20%,75.00%,80.00%,,,,0.00%,,70.80%,,87.50%,62.50%,75.00%,,,66.70%,,,,75.00%,,,,,,,,,,1.16,0.15,51,48,27.5,33.3,10.4,23.5,4,9,2,22.2,2,0,0,,,,,,,,,,,,,,,,,,,,,,,,,,,,,,,,,75.00%,63.00%,72.90%,71.20%,,,,,,,,,,,,,,,,,Promotion CCW,0,Hit-roll CW,87.5
Hollie Duncan,75.80%,71.10%,73.60%,74.40%,742,"{""Fourth"": {""start"": ""2018-01-27"", ""end"": ""2023-09-27"", ""count"": 33}}","{""ON"": {""start"": ""2018-01-27"", ""end"": ""2018-02-02"", ""count"": 7}, ""Duncan"": {""start"": ""2021-10-25"", ""end"": ""2023-09-27"", ""count"": 20}, ""ON (Duncan)"": {""start"": ""2022-01-29"", ""end"": ""2022-02-03"", ""count"": 6}}",Right,1987,"Toronto, ON","Markham, ON",,,,68.80%,50.00%,92.90%,78.40%,71.80%,66.50%,69.60%,45.80%,82.20%,82.20%,67.90%,57.90%,87.50%,93.80%,60.00%,52.60%,59.60%,76.60%,,,,,75.00%,,,,45.60%,81.20%,,37.50%,69.40%,75.00%,35.00%,,,,,56.20%,66.70%,75.00%,,,,,1.2,0.32,175,190,34.3,34.7,20.5,20.6,13.7,19,3,15.8,18,5,27.8,,,,,,,,,,,,,,,,,,,,,,,,,,,,,,,,,,,,,77.30%,78.50%,,,,,74.20%,73.80%,63.10%,75.30%,90.00%,65.00%,,,,,Freeze CCW,45.8,Guard CW,92.9
Holly Thompson,69.80%,73.40%,71.60%,77.80%,485,"{""Lead"": {""start"": ""2017-11-04"", ""end"": ""2024-03-22"", ""count"": 8}, ""Third"": {""start"": ""2022-10-30"", ""end"": ""2023-03-24"", ""count"": 13}}","{""New Zealand"": {""start"": ""2017-11-04"", ""end"": ""2022-11-04"", ""count"": 7}, ""NZL (Becker)"": {""start"": ""2023-03-18"", ""end"": ""2023-03-24"", ""count"": 7}, ""NZL (Smith)"": {""start"": ""2024-03-16"", ""end"": ""2024-03-22"", ""count"": 7}}",Right,,,,,,,82.20%,83.30%,86.10%,82.70%,69.20%,74.70%,,,61.80%,63.10%,64.60%,68.80%,57.10%,88.90%,50.00%,53.80%,54.20%,50.00%,,,0.00%,25.00%,86.10%,87.50%,93.80%,80.00%,87.50%,67.50%,,,37.50%,68.80%,,50.00%,,,,75.00%,,,,,,,0.77,0.33,122,118,18.9,26.3,22,41,-22.1,26,5,19.2,5,1,20,,,,,,,,,,,,,,,,,,,,,,,,,,,,,,,,,,,53.10%,87.50%,,,,,,,,,80.00%,69.60%,71.00%,56.10%,80.90%,48.40%,,,Promotion CW,0,Guard CW,86.1
Hope Sunley,82.00%,78.80%,80.50%,69.00%,354,"{""Lead"": {""start"": ""2016-01-23"", ""end"": ""2016-01-29"", ""count"": 7}, ""Second"": {""start"": ""2016-01-24"", ""end"": ""2018-01-19"", ""count"": 8}}","{""AB"": {""start"": ""2016-01-23"", ""end"": ""2018-01-19"", ""count"": 14}}",Right,1998,,,,,,87.20%,94.60%,81.20%,55.00%,82.60%,76.80%,68.80%,62.50%,84.00%,81.90%,60.90%,74.00%,89.50%,83.30%,,50.00%,50.00%,66.70%,75.00%,0.00%,,,96.40%,,,,16.70%,,,,75.00%,,0.00%,,90.00%,75.00%,,,,,75.00%,0.00%,,,1.34,0.45,89,85,38.2,37.6,29.4,18,20.2,6,2,33.3,15,2,13.3,,,,,,,,,,,,,,,,,,,,,,,,,,,,,,,,,85.00%,83.10%,,,75.00%,77.40%,,,,,,,,,,,,,,,Wick CCW,0,Take-out CW,84
Hyerin Kim,75.20%,75.00%,75.10%,71.40%,484,"{""Third"": {""start"": ""2021-04-15"", ""end"": ""2024-10-05"", ""count"": 17}, ""Fourth"": {""start"": ""2021-10-19"", ""end"": ""2023-11-09"", ""count"": 9}, ""Second"": {""start"": ""2021-04-20"", ""end"": ""2024-10-02"", ""count"": 5}}","{""Kim"": {""start"": ""2021-04-15"", ""end"": ""2021-04-23"", ""count"": 8}, ""M. Kim"": {""start"": ""2021-10-19"", ""end"": ""2021-11-05"", ""count"": 8}, ""Ha"": {""start"": ""2023-10-17"", ""end"": ""2024-10-05"", ""count"": 13}}",Right,2000,,,,,,75.00%,75.00%,88.00%,90.60%,70.50%,66.30%,65.00%,75.00%,78.30%,83.00%,72.70%,74.00%,88.60%,87.10%,73.40%,54.60%,66.10%,75.00%,,,,,0.00%,50.00%,66.70%,91.70%,66.70%,75.00%,50.00%,,66.70%,85.70%,83.30%,,,78.60%,50.00%,50.00%,,,,,,,0.88,0.37,113,123,21.2,32.5,27.6,23,-1.8,10,2,20,12,1,8.3,,,,,,,,,,,,,,,,,,,,,,,,,,,,,,,,,,,,,,,,,,,69.90%,74.50%,,,69.80%,74.30%,88.60%,83.10%,,,Double CCW,54.6,Guard CCW,90.6
Ian Fitzner-leblanc,71.80%,71.80%,71.80%,78.80%,373,"{""Fourth"": {""start"": ""2010-03-06"", ""end"": ""2013-03-07"", ""count"": 12}}","{""NS (Fitzner-LeBlanc)"": {""start"": ""2010-03-06"", ""end"": ""2010-03-11"", ""count"": 6}, ""NS (Flemming)"": {""start"": ""2013-03-02"", ""end"": ""2013-03-07"", ""count"": 6}}",Left,,"Halifax, NS","Halifax, NS",Management,,,75.00%,91.70%,91.70%,88.60%,66.50%,64.10%,75.00%,53.80%,76.90%,78.40%,61.20%,72.70%,,81.20%,65.00%,69.40%,75.00%,70.80%,,,,,,,91.70%,85.00%,58.30%,60.00%,75.00%,50.00%,50.00%,87.50%,,,,,,,,66.70%,,,,,0.88,0.13,106,79,25.5,29.1,8.9,33,-7.5,16,0,0,4,1,25,,,,,,,,,,,,,,,,,,,,,65.40%,69.20%,,,,,72.60%,78.30%,,,,,,,,,,,,,,,,,,,,,,,,,Freeze CCW,53.8,Guard CW,91.7
Ian Macaulay,77.40%,80.70%,79.50%,84.00%,336,"{""Second"": {""start"": ""2003-03-01"", ""end"": ""2003-03-06"", ""count"": 6}, ""Third"": {""start"": ""2020-02-29"", ""end"": ""2020-03-04"", ""count"": 5}}","{""ONT (Cochrane)"": {""start"": ""2003-03-01"", ""end"": ""2003-03-06"", ""count"": 6}, ""PE (Cochrane)"": {""start"": ""2020-02-29"", ""end"": ""2020-03-04"", ""count"": 5}}",Right,1964,"Souris, PEI",,,,,,96.40%,95.80%,83.90%,75.90%,79.40%,66.70%,71.40%,79.30%,77.10%,62.50%,82.50%,78.60%,85.80%,83.30%,73.50%,72.90%,87.50%,,,,,,,,,91.70%,90.00%,87.50%,75.00%,75.00%,50.00%,,87.50%,75.00%,93.80%,,50.00%,,,,,,,1.19,0.23,75,88,30.7,30.7,17,20,10.7,10,4,40,6,0,0,,,,,,,81.40%,81.60%,,,,,,,,,,,,,,,,,,,,,,,,,,,,,,,,,76.00%,76.20%,,,,,,,,,,,Hit-roll CW,62.5,Guard CW,95.8
Ian Mcmillan,88.30%,88.60%,88.50%,91.30%,685,"{""Second"": {""start"": ""2017-11-07"", ""end"": ""2022-09-22"", ""count"": 14}, ""Lead"": {""start"": ""2025-01-14"", ""end"": ""2025-04-12"", ""count"": 17}}","{""Gunnlaugson"": {""start"": ""2017-11-07"", ""end"": ""2018-03-02"", ""count"": 6}, ""Calvert"": {""start"": ""2021-10-26"", ""end"": ""2022-09-22"", ""count"": 8}, ""NO (Epping)"": {""start"": ""2025-02-28"", ""end"": ""2025-03-06"", ""count"": 7}, ""Epping"": {""start"": ""2025-01-14"", ""end"": ""2025-04-12"", ""count"": 10}}",Right,,,,,,,92.90%,97.10%,94.60%,93.00%,88.40%,89.20%,89.70%,84.50%,75.60%,90.20%,88.90%,80.00%,93.10%,89.40%,79.20%,77.90%,41.70%,77.10%,,,,,,90.00%,,91.70%,93.00%,87.50%,,83.30%,,,,,91.70%,,,,,50.00%,,,,,1.15,0.23,163,168,35.6,29.8,16.7,20.2,15.4,10,3,30,12,1,8.3,,,,,,,,,,,,,,,,,,,,,,,,,,,,,,,,,,,91.40%,91.30%,80.00%,97.10%,,,,,86.00%,71.80%,97.20%,96.40%,,,,,91.60%,86.50%,Raise CW,41.7,Guard CW,94.6
Ian Tetley,92.20%,87.90%,89.80%,89.10%,226,"{""Second"": {""start"": ""2001-03-03"", ""end"": ""2001-03-10"", ""count"": 8}}","{""ON (Middaugh)"": {""start"": ""2001-03-03"", ""end"": ""2001-03-10"", ""count"": 8}}",Right,1962,"Thunder Bay, ON","Oakville, ON",,,,87.50%,83.30%,90.00%,96.40%,75.00%,80.00%,96.70%,84.20%,,86.70%,85.00%,85.60%,98.20%,96.80%,90.00%,87.50%,,50.00%,,,,,50.00%,87.50%,,,,,,75.00%,,,,,,,,,,,,,,,1.39,0.29,49,62,42.9,33.9,22.6,18.4,24.5,3,1,33.3,8,0,0,,,87.50%,91.10%,,,,,,,,,,,,,,,,,,,,,,,,,,,,,,,,,,,,,,,,,,,,,,,,,Raise CCW,50,Freeze CW,96.7
Ian Withycombe,75.90%,75.70%,75.70%,78.30%,332,"{""Second"": {""start"": ""2017-01-21"", ""end"": ""2017-01-27"", ""count"": 7}, ""Lead"": {""start"": ""2018-03-03"", ""end"": ""2018-03-09"", ""count"": 6}}","{""NL (Blyde)"": {""start"": ""2017-01-21"", ""end"": ""2017-01-27"", ""count"": 7}, ""NL"": {""start"": ""2018-03-03"", ""end"": ""2018-03-09"", ""count"": 6}}",Right,,,,,,,83.30%,90.50%,,83.30%,69.30%,69.60%,41.70%,,82.40%,80.60%,66.70%,75.00%,78.80%,73.50%,68.80%,55.80%,56.20%,75.00%,,,,,,87.50%,,,62.50%,66.70%,25.00%,,,83.30%,,,,83.30%,,75.00%,,,,,,,0.94,0.33,83,78,21.7,33.3,23.1,27.7,-6,9,2,22.2,8,3,37.5,,,,,,,,,,,,,,,,,,,,,,,,,,,,,,,,,,,71.10%,75.40%,78.50%,77.10%,,,,,,,,,,,,,,,Freeze CW,41.7,Guard CCW,83.3
Ieva Krusta,73.30%,69.60%,71.70%,77.70%,705,"{""Third"": {""start"": ""2017-12-05"", ""end"": ""2019-03-16"", ""count"": 5}, ""Second"": {""start"": ""2018-11-17"", ""end"": ""2019-11-21"", ""count"": 18}, ""Lead"": {""start"": ""2021-12-14"", ""end"": ""2021-12-18"", ""count"": 2}}","{""Latvia"": {""start"": ""2017-12-05"", ""end"": ""2021-12-18"", ""count"": 25}}",Right,1976,"Riga, LAT",,,,,80.00%,86.40%,84.80%,77.00%,67.90%,63.10%,0.00%,50.00%,84.00%,73.20%,66.40%,81.00%,80.40%,76.20%,63.60%,52.80%,59.10%,71.90%,,,58.30%,75.00%,94.40%,,80.60%,81.20%,66.20%,54.20%,,,90.00%,60.00%,,83.30%,,87.50%,43.80%,50.00%,75.00%,,,,,,1.06,0.26,164,179,25,21.8,19,25,0,23,4,17.4,9,2,22.2,,,,,,,,,,,,,,,,,,,,,,,,,,,,,,,,,,,69.10%,71.70%,64.00%,72.60%,72.10%,74.90%,,,74.20%,56.20%,,,,,,,,,Freeze CW,0,Guard CW,84.8
Ieva Rudzite,76.60%,66.80%,72.60%,54.00%,503,"{""Third"": {""start"": ""2014-11-22"", ""end"": ""2022-11-21"", ""count"": 7}, ""Lead"": {""start"": ""2019-11-16"", ""end"": ""2019-11-21"", ""count"": 6}, ""Second"": {""start"": ""2021-12-14"", ""end"": ""2021-12-18"", ""count"": 2}, ""Fourth"": {""start"": ""2022-11-18"", ""end"": ""2022-11-23"", ""count"": 6}}","{""LAT"": {""start"": ""2014-11-22"", ""end"": ""2014-11-27"", ""count"": 6}, ""Latvia"": {""start"": ""2019-11-16"", ""end"": ""2022-11-23"", ""count"": 14}}",Right,,,,,,,94.80%,85.90%,82.10%,82.10%,73.60%,66.00%,50.00%,41.70%,76.80%,65.20%,54.70%,69.00%,66.70%,80.00%,47.70%,54.20%,53.10%,57.50%,50.00%,,62.50%,68.80%,,,75.00%,,75.00%,60.00%,0.00%,50.00%,,66.70%,75.00%,,50.00%,,0.00%,50.00%,50.00%,,,,,50.00%,0.8,0.17,127,120,18.1,21.7,15,36.2,-18.1,25,2,8,2,2,100,,,,,,,,,,,,,,,,,,,,,,,,,,,,,69.90%,64.30%,,,,,,,,,88.50%,67.30%,,,73.70%,76.70%,64.30%,64.50%,,,,,,,Freeze CCW,41.7,Guard CW,82.1
Ikue Kitazawa,75.50%,76.20%,75.90%,79.00%,778,"{""Fourth"": {""start"": ""2019-03-16"", ""end"": ""2025-01-17"", ""count"": 38}}","{""Japan"": {""start"": ""2019-03-16"", ""end"": ""2022-03-25"", ""count"": 21}, ""Kitazawa"": {""start"": ""2023-10-17"", ""end"": ""2025-01-17"", ""count"": 17}}",Right,,,,,,,62.50%,,91.20%,87.10%,75.20%,74.50%,71.40%,75.00%,78.80%,79.30%,68.60%,84.20%,72.20%,92.90%,77.00%,64.50%,65.20%,75.70%,,0.00%,58.80%,52.10%,,,87.50%,75.00%,80.60%,75.00%,,,90.00%,76.90%,75.00%,,,,87.50%,62.50%,50.00%,87.50%,,0.00%,75.00%,,1.19,0.41,181,206,34.8,31.6,28.6,23.8,11,17,2,11.8,21,1,4.8,,,,,,,,,,,,,,,,,,,,,,,,,,,,,,,,,,,,,,,74.70%,71.10%,,,,,81.70%,71.60%,94.00%,91.20%,75.00%,78.30%,81.20%,72.90%,Wick CCW,0,Guard CW,91.2
Irene Schori,76.90%,80.90%,79.00%,78.80%,1057,"{""Second"": {""start"": ""2010-02-23"", ""end"": ""2010-02-23"", ""count"": 1}, ""Third"": {""start"": ""2014-11-22"", ""end"": ""2023-01-13"", ""count"": 37}, ""Fourth"": {""start"": ""2021-11-02"", ""end"": ""2021-11-04"", ""count"": 3}}","{""SUI"": {""start"": ""2010-02-23"", ""end"": ""2014-11-29"", ""count"": 8}, ""Switzerland"": {""start"": ""2016-11-19"", ""end"": ""2018-03-23"", ""count"": 13}, ""SUI (Feltscher)"": {""start"": ""2016-03-19"", ""end"": ""2016-03-27"", ""count"": 8}, ""Schori"": {""start"": ""2021-11-02"", ""end"": ""2021-11-04"", ""count"": 3}, ""Jaeggi"": {""start"": ""2022-12-06"", ""end"": ""2023-01-13"", ""count"": 9}}",Right,1984,"Zurich, SUI","Zurich, SUI",,,,,93.80%,83.70%,78.30%,68.80%,75.80%,70.80%,76.10%,83.50%,86.70%,72.60%,81.10%,93.80%,93.10%,65.20%,71.00%,74.00%,85.00%,,,43.20%,61.80%,,,83.30%,92.90%,69.20%,83.30%,,,70.00%,95.00%,95.00%,75.00%,91.70%,96.20%,50.00%,62.50%,0.00%,,,,,75.00%,1.02,0.35,261,254,27.6,39.8,22.8,22.2,5.4,26,7,26.9,23,3,13,,,,,,,,,,,,,,,,,,,,,65.00%,94.40%,,,,,,,75.00%,77.50%,,,75.70%,85.00%,,,72.70%,79.10%,,,,,71.10%,62.00%,79.60%,78.90%,88.00%,87.80%,,,,,Promotion CW,43.2,Take-out CCW,86.7
Isabella Wrana,74.20%,76.40%,75.40%,71.10%,712,"{""Fourth"": {""start"": ""2023-10-17"", ""end"": ""2025-04-11"", ""count"": 45}}","{""Wrana"": {""start"": ""2023-10-17"", ""end"": ""2025-04-11"", ""count"": 45}}",,,,,,,,75.00%,,87.50%,91.20%,70.80%,76.40%,75.00%,81.80%,76.70%,81.00%,67.90%,75.60%,,94.20%,72.60%,55.00%,65.70%,66.00%,,,95.00%,52.10%,,,75.00%,,64.30%,78.80%,62.50%,,76.80%,82.40%,60.00%,50.00%,,62.50%,75.00%,56.20%,45.00%,58.30%,,,75.00%,58.30%,1,0.39,182,167,28.6,27.5,26.3,24.7,3.9,23,4,17.4,18,0,0,,,,,,,,,,,,,,,,,,,,,,,,,,,,,,,,,,,,,,,,,,,,,,,75.90%,75.20%,77.90%,74.30%,74.10%,75.20%,Promotion CCW,52.1,Promotion CW,95
Isabelle Ladouceur,72.00%,68.50%,70.30%,63.40%,342,"{""Fourth"": {""start"": ""2020-03-11"", ""end"": ""2023-10-18"", ""count"": 17}}","{""Laurier (w)"": {""start"": ""2020-03-11"", ""end"": ""2020-03-14"", ""count"": 4}, ""Canada"": {""start"": ""2022-05-18"", ""end"": ""2022-05-19"", ""count"": 2}, ""Ladouceur"": {""start"": ""2023-01-10"", ""end"": ""2023-10-18"", ""count"": 11}}",Left,2000,"St. Catharines, ON","Bedford, NS",Student,Charles P. Allen High School,Wilfrid Laurier University,,,81.20%,72.20%,75.00%,67.20%,65.00%,95.00%,69.80%,74.50%,70.00%,61.70%,83.30%,87.50%,69.20%,60.00%,57.10%,41.10%,,,,,,,,50.00%,59.40%,50.00%,25.00%,,62.50%,53.10%,50.00%,37.50%,50.00%,,,,50.00%,,,,,,0.98,0.34,81,89,29.6,24.7,23.6,28.4,1.2,12,1,8.3,6,1,16.7,,,,,,,,,,,,,,,,,,,,,,,,,,,,,,,,,,,,,,,,,76.20%,71.60%,,,61.80%,53.60%,72.40%,69.60%,,,,,Raise CCW,41.1,Freeze CCW,95
Iveta Stasa-sarsune,67.40%,67.20%,67.30%,62.60%,633,"{""Fourth"": {""start"": ""2014-11-22"", ""end"": ""2019-03-22"", ""count"": 22}}","{""LAT"": {""start"": ""2014-11-22"", ""end"": ""2014-11-27"", ""count"": 6}, ""Latvia"": {""start"": ""2017-12-05"", ""end"": ""2019-03-22"", ""count"": 16}}",Right,1976,"Riga, LAT","Riga, LAT",,,,,,86.80%,95.50%,63.70%,67.00%,40.00%,50.00%,74.50%,69.80%,65.30%,66.20%,73.10%,,56.50%,65.40%,66.70%,57.70%,,,15.00%,18.80%,,,83.30%,,52.30%,57.80%,,12.50%,20.00%,50.00%,45.80%,75.00%,,,16.70%,50.00%,,,,,0.00%,,1.09,0.25,147,166,29.3,20.5,18.7,25.9,3.4,18,3,16.7,9,2,22.2,,,,,,,,,,,,,,,,,,,,,,,,,,,,,58.70%,61.70%,,,,,68.80%,65.40%,62.90%,71.70%,76.60%,68.80%,,,,,,,,,,,,,Promotion CW,15,Guard CCW,95.5
Jaap Van Dorp,78.50%,79.60%,79.00%,78.70%,2558,"{""Fourth"": {""start"": ""2017-04-01"", ""end"": ""2018-04-06"", ""count"": 24}, ""Third"": {""start"": ""2018-11-17"", ""end"": ""2023-11-18"", ""count"": 47}, ""Second"": {""start"": ""2023-01-10"", ""end"": ""2024-10-03"", ""count"": 23}}","{""Netherlands"": {""start"": ""2017-04-01"", ""end"": ""2022-04-08"", ""count"": 62}, ""NED (Van Dorp)"": {""start"": ""2018-03-31"", ""end"": ""2018-04-06"", ""count"": 7}, ""NED (Goesgens)"": {""start"": ""2023-11-18"", ""end"": ""2024-04-05"", ""count"": 13}, ""Gosgens"": {""start"": ""2023-01-10"", ""end"": ""2024-10-03"", ""count"": 10}}",Right,,,,,,,93.60%,91.00%,92.00%,92.60%,76.30%,77.70%,65.00%,72.70%,81.00%,83.70%,76.10%,82.20%,89.10%,83.80%,71.40%,72.60%,70.80%,70.90%,50.00%,75.00%,56.10%,50.00%,,85.70%,90.00%,95.70%,70.80%,78.00%,60.00%,,80.00%,86.50%,62.50%,87.50%,,87.50%,50.00%,47.20%,,70.80%,0.00%,,,,0.95,0.22,612,643,24.2,31.3,16.6,24,0.2,85,9,10.6,21,3,14.3,,,,,,,,,,,,,,,,,,,,,,,,,,,,,,,,,,,76.50%,75.50%,79.10%,80.00%,87.50%,76.20%,,,79.10%,80.80%,83.90%,70.20%,79.20%,80.30%,85.40%,79.10%,,,Wick CW,50,Guard CCW,92.6
Jack Smeltzer,71.30%,67.70%,69.50%,75.80%,336,"{""Fourth"": {""start"": ""2018-03-24"", ""end"": ""2022-09-22"", ""count"": 12}}","{""UNB"": {""start"": ""2018-03-24"", ""end"": ""2018-03-28"", ""count"": 5}, ""NB"": {""start"": ""2019-01-19"", ""end"": ""2019-01-24"", ""count"": 6}, ""Smeltzer"": {""start"": ""2022-09-22"", ""end"": ""2022-09-22"", ""count"": 1}}",Right,,,,,,,75.00%,,91.70%,78.30%,71.60%,70.00%,50.00%,87.50%,75.00%,70.20%,59.70%,55.30%,87.50%,,29.20%,52.50%,81.20%,57.50%,,,,,62.50%,,87.50%,50.00%,62.50%,50.00%,,,80.00%,80.00%,87.50%,50.00%,,,,,,,,,,,1.05,0.41,80,85,28.8,31.8,23.5,35,-6.2,11,3,27.3,8,0,0,,,,,,,,,,,,,,,,,,,,,,,,,,,,,,,,,,,,,71.40%,68.80%,74.70%,66.70%,,,,,63.90%,35.70%,,,,,,,Double CW,29.2,Guard CW,91.7
Jacob Horgan,82.70%,81.20%,81.90%,73.90%,1926,"{""Third"": {""start"": ""2016-01-23"", ""end"": ""2025-04-12"", ""count"": 51}, ""Fourth"": {""start"": ""2017-04-18"", ""end"": ""2024-09-26"", ""count"": 19}, ""Second"": {""start"": ""2023-01-10"", ""end"": ""2023-03-10"", ""count"": 10}}","{""NO"": {""start"": ""2016-01-23"", ""end"": ""2020-01-23"", ""count"": 29}, ""NO (Horgan)"": {""start"": ""2017-01-22"", ""end"": ""2023-03-10"", ""count"": 18}, ""Horgan"": {""start"": ""2021-11-25"", ""end"": ""2024-09-26"", ""count"": 11}, ""LAU - M"": {""start"": ""2023-03-15"", ""end"": ""2023-03-19"", ""count"": 5}, ""NO (Epping)"": {""start"": ""2025-02-28"", ""end"": ""2025-03-06"", ""count"": 7}, ""Epping"": {""start"": ""2025-01-14"", ""end"": ""2025-04-12"", ""count"": 10}}",,,,,,,,,96.40%,87.70%,90.10%,83.20%,77.80%,73.90%,77.10%,81.10%,83.00%,78.40%,72.70%,96.80%,97.10%,70.40%,70.70%,76.70%,58.60%,,,,72.20%,,95.80%,90.40%,89.70%,86.10%,86.70%,62.50%,45.00%,71.20%,80.00%,80.00%,73.20%,98.70%,98.30%,0.00%,62.50%,91.70%,66.70%,,,,0.00%,1.13,0.31,465,470,33.5,36,21.9,78.3,11.8,33,2,6.1,50,1,2,,,,,,,,,,,,,,,,,,,,,,,,,,,,,,,,,73.20%,85.70%,80.70%,81.20%,87.70%,83.20%,82.40%,76.30%,85.20%,75.20%,50.00%,50.00%,78.60%,79.00%,82.80%,82.90%,100.00%,54.20%,83.60%,84.50%,Raise CCW,58.6,Guard CCW,90.1
Jacob Jones,78.20%,81.70%,79.80%,84.40%,452,"{""Second"": {""start"": ""2022-03-31"", ""end"": ""2023-03-02"", ""count"": 7}, ""Fourth"": {""start"": ""2023-03-15"", ""end"": ""2024-03-16"", ""count"": 10}}","{""ON1 (Rooney)"": {""start"": ""2022-03-31"", ""end"": ""2022-04-01"", ""count"": 2}, ""Rooney"": {""start"": ""2022-09-21"", ""end"": ""2022-09-21"", ""count"": 1}, ""Jones (Moh)"": {""start"": ""2023-03-15"", ""end"": ""2023-03-19"", ""count"": 5}, ""CAN (Rooney)"": {""start"": ""2023-02-26"", ""end"": ""2023-03-02"", ""count"": 4}, ""MOH - M"": {""start"": ""2024-03-12"", ""end"": ""2024-03-16"", ""count"": 5}}",Right,2001,,,,,,83.30%,,84.00%,86.10%,75.50%,78.70%,87.50%,75.00%,80.90%,84.80%,73.20%,82.50%,82.70%,87.50%,65.60%,54.20%,80.00%,62.50%,,,70.80%,,75.00%,,75.00%,75.00%,84.10%,78.10%,,,,82.10%,50.00%,,,,,62.50%,,,,,,,1.48,0.52,95,132,43.2,28.8,33.3,18.9,24.3,8,3,37.5,20,3,15,,,,,,,,,,,,,,,,,,,,,,,,,,,,,,,,,,,,,,,,,,,,,83.30%,80.20%,76.40%,76.10%,82.20%,86.90%,,,Double CCW,54.2,Freeze CW,87.5
Jacob Libbus,76.70%,79.50%,78.10%,69.10%,337,"{""Fourth"": {""start"": ""2017-04-18"", ""end"": ""2017-04-21"", ""count"": 4}, ""Second"": {""start"": ""2019-01-19"", ""end"": ""2019-01-25"", ""count"": 7}}","{""AB (Libbus)"": {""start"": ""2017-04-18"", ""end"": ""2017-04-21"", ""count"": 4}, ""AB"": {""start"": ""2019-01-19"", ""end"": ""2019-01-25"", ""count"": 7}}",Right,2000,,,,,,75.00%,83.30%,87.50%,85.70%,72.80%,74.40%,93.80%,,78.60%,82.50%,81.70%,70.80%,91.10%,94.10%,77.30%,81.20%,53.60%,56.20%,,,,,37.50%,75.00%,,62.50%,50.00%,65.00%,75.00%,,,50.00%,,50.00%,87.50%,,,75.00%,50.00%,58.30%,,,,,1.16,0.33,83,85,37.3,29.4,21.2,13.3,24,4,1,25,9,2,22.2,,,,,,,,,,,,,,,,,,,,,,,,,,,,,,,,,,,70.00%,78.90%,,,80.10%,78.70%,,,,,,,,,,,,,Raise CW,53.6,Freeze CW,93.8
Jacqueline Harrison,73.80%,73.70%,73.70%,83.60%,439,"{""Fourth"": {""start"": ""2017-11-06"", ""end"": ""2021-11-26"", ""count"": 17}}","{""Harrison"": {""start"": ""2017-11-06"", ""end"": ""2021-11-26"", ""count"": 17}}",Right,1978,"Niagara Falls, ON","Waterdown, ON",Full Time Mother,M.M. Robinson,Wilfrid Laurier University,50.00%,,81.80%,75.00%,76.40%,70.00%,68.80%,69.60%,84.40%,79.40%,58.30%,76.10%,,,52.30%,50.00%,10.00%,65.60%,,,,,,,,,75.00%,72.50%,,,,92.90%,,,,,,,0.00%,62.50%,,,,,1.2,0.29,102,114,37.3,32.5,22.8,24.5,12.8,9,1,11.1,11,2,18.2,,,,,,,,,,,,,,,,,,,,,,,,,,,,,,,,,,,80.00%,70.20%,,,,,,,70.00%,75.80%,,,,,,,,,Raise CW,10,Take-out CW,84.4
Jacques Gauthier,83.20%,82.50%,82.80%,80.70%,1761,"{""Third"": {""start"": ""2017-01-21"", ""end"": ""2019-01-27"", ""count"": 26}, ""Fourth"": {""start"": ""2020-01-18"", ""end"": ""2023-03-09"", ""count"": 23}, ""Lead"": {""start"": ""2021-03-06"", ""end"": ""2021-03-06"", ""count"": 1}, ""Second"": {""start"": ""2021-03-12"", ""end"": ""2024-04-12"", ""count"": 30}}","{""MB (Ryan)"": {""start"": ""2017-01-21"", ""end"": ""2017-01-27"", ""count"": 7}, ""MB"": {""start"": ""2018-01-13"", ""end"": ""2019-01-27"", ""count"": 17}, ""Canada"": {""start"": ""2018-03-05"", ""end"": ""2018-03-05"", ""count"": 1}, ""JT Ryan"": {""start"": ""2018-02-04"", ""end"": ""2018-02-04"", ""count"": 1}, ""MB2"": {""start"": ""2020-01-18"", ""end"": ""2020-01-26"", ""count"": 8}, ""CAN (Gauthier)"": {""start"": ""2020-02-15"", ""end"": ""2020-02-22"", ""count"": 8}, ""MB (Gunnlaugson"": {""start"": ""2021-03-06"", ""end"": ""2021-03-12"", ""count"": 2}, ""Gauthier"": {""start"": ""2022-10-18"", ""end"": ""2022-10-18"", ""count"": 1}, ""BC (Gauthier)"": {""start"": ""2023-03-03"", ""end"": ""2023-03-09"", ""count"": 6}, ""Koe"": {""start"": ""2023-09-27"", ""end"": ""2024-04-12"", ""count"": 22}, ""AB-K (Koe)"": {""start"": ""2024-03-01"", ""end"": ""2024-03-07"", ""count"": 7}}",Right,1999,,,,,,87.50%,86.90%,92.00%,86.40%,77.90%,79.00%,80.10%,79.20%,87.50%,85.40%,85.30%,78.70%,91.90%,95.30%,75.30%,77.60%,74.40%,64.70%,,,25.00%,66.70%,79.20%,83.30%,88.50%,,74.10%,75.00%,,25.00%,94.10%,92.20%,92.90%,93.80%,95.80%,93.50%,82.10%,65.60%,66.70%,50.00%,,,,,1.11,0.34,428,431,36.4,33.2,25.1,21.5,14.9,31,15,48.4,46,2,4.3,,,,,,,,,,,,,,,,,,,,,,,,,,,,,,,,,,,84.20%,80.80%,80.40%,89.60%,79.50%,84.10%,81.10%,85.20%,91.70%,75.00%,50.00%,85.00%,81.40%,80.40%,79.80%,83.80%,,,Promotion CW,25,Guard CW,92
Jacquie Armstrong,83.30%,81.10%,82.30%,71.10%,484,"{""Lead"": {""start"": ""2011-02-19"", ""end"": ""2012-02-26"", ""count"": 15}}","{""BC(Scott)"": {""start"": ""2011-02-19"", ""end"": ""2011-02-25"", ""count"": 7}, ""BC (Scott)"": {""start"": ""2012-02-18"", ""end"": ""2012-02-26"", ""count"": 8}}",Right,1976,,"Kelowna, BC",,,,93.90%,89.20%,81.50%,90.30%,83.20%,76.80%,66.70%,46.40%,77.90%,89.50%,77.80%,62.50%,,,50.00%,87.50%,54.20%,68.80%,66.70%,64.30%,,,92.60%,,,,66.70%,62.50%,,,0.00%,,,,,,,,50.00%,50.00%,66.70%,64.30%,,,1.1,0.35,116,127,28.4,37.8,25.2,18.1,10.3,10,4,40,9,0,0,,,,,,,,,,,,,,,,,,,,,,,81.70%,75.50%,85.50%,77.80%,,,,,,,,,,,,,,,,,,,,,,,,,,,Freeze CCW,46.4,Guard CCW,90.3
Jaedon Neuert,81.40%,78.70%,80.20%,83.80%,300,"{""Third"": {""start"": ""2022-04-01"", ""end"": ""2024-03-16"", ""count"": 11}, ""Second"": {""start"": ""2023-03-16"", ""end"": ""2023-03-16"", ""count"": 1}}","{""AB1 (Tao)"": {""start"": ""2022-04-01"", ""end"": ""2022-04-01"", ""count"": 1}, ""Tao"": {""start"": ""2022-10-18"", ""end"": ""2023-09-27"", ""count"": 2}, ""ALB - M"": {""start"": ""2023-03-16"", ""end"": ""2024-03-16"", ""count"": 7}, ""CAN (Tao)"": {""start"": ""2024-02-17"", ""end"": ""2024-02-19"", ""count"": 2}}",Right,2002,,,,,,,,92.20%,83.30%,71.20%,61.10%,,37.50%,83.50%,74.40%,71.20%,79.50%,96.60%,93.00%,72.90%,82.50%,,85.00%,,,25.00%,,,,,,50.00%,50.00%,,,65.00%,50.00%,,,90.00%,,,,,,,,,,0.96,0.38,67,79,25.4,30.4,26.6,28.4,-3,5,1,20,9,0,0,,,,,,,,,,,,,,,,,,,,,,,,,,,,,,,,,,,,,,,,,,,,,76.60%,84.70%,73.60%,79.70%,78.00%,81.70%,,,Promotion CW,25,Guard CW,92.2
Jake Flemming,71.60%,76.70%,74.30%,78.70%,328,"{""Second"": {""start"": ""2017-04-18"", ""end"": ""2020-01-24"", ""count"": 12}}","{""NS (Abraham)"": {""start"": ""2017-04-18"", ""end"": ""2017-04-22"", ""count"": 5}, ""PE"": {""start"": ""2020-01-18"", ""end"": ""2020-01-24"", ""count"": 7}}",Right,,,,,,,,75.00%,73.60%,82.70%,68.90%,75.00%,79.20%,83.30%,70.20%,75.00%,70.30%,66.70%,95.80%,88.50%,37.50%,87.50%,43.80%,37.50%,,,,,,80.00%,,87.50%,75.00%,64.30%,,,62.50%,,50.00%,,95.80%,72.20%,,,,,,,,,1.05,0.4,77,80,29.9,31.2,22.5,20.8,9.1,8,1,12.5,10,0,0,,,,,,,,,,,,,,,,,,,,,,,,,,,,,,,,,,,69.10%,73.20%,,,,,78.40%,75.00%,,,,,,,,,,,Double CW,37.5,Double CCW,87.5
Jake Higgs,70.60%,74.70%,72.80%,70.40%,440,"{""Second"": {""start"": ""2016-11-13"", ""end"": ""2016-11-19"", ""count"": 7}, ""Fourth"": {""start"": ""2020-02-29"", ""end"": ""2023-03-08"", ""count"": 10}}","{""ON (Tuck)"": {""start"": ""2016-11-13"", ""end"": ""2016-11-19"", ""count"": 7}, ""NU (Higgs)"": {""start"": ""2020-02-29"", ""end"": ""2023-03-08"", ""count"": 10}}",Right,1976,,"Strathroy, ON",,,,85.00%,75.00%,79.20%,87.50%,71.00%,72.20%,76.50%,80.40%,73.30%,75.80%,67.00%,69.90%,75.00%,96.90%,48.50%,70.80%,66.70%,45.00%,,,,,,,50.00%,,64.30%,87.50%,81.20%,75.00%,62.50%,87.50%,75.00%,60.00%,25.00%,,50.00%,87.50%,50.00%,,,,,,0.84,0.23,119,96,21.8,32.3,16.7,26.1,-4.3,13,0,0,8,0,0,,,,,,,,,,,,,,,,,,,,,,,,,,,,,,,,,77.20%,78.00%,,,,,,,71.90%,68.10%,,,,,74.10%,64.60%,,,,,Raise CCW,45,Guard CCW,87.5
James Craik,79.90%,79.80%,79.90%,80.50%,941,"{""Second"": {""start"": ""2019-02-18"", ""end"": ""2023-04-14"", ""count"": 6}, ""Fourth"": {""start"": ""2020-02-15"", ""end"": ""2024-11-29"", ""count"": 48}}","{""Scotland"": {""start"": ""2019-02-18"", ""end"": ""2019-02-20"", ""count"": 2}, ""SCO (Craik)"": {""start"": ""2020-02-15"", ""end"": ""2022-05-22"", ""count"": 11}, ""Craik"": {""start"": ""2023-10-17"", ""end"": ""2024-11-29"", ""count"": 35}, ""Ramsfjell"": {""start"": ""2023-04-11"", ""end"": ""2023-04-14"", ""count"": 4}, ""GBR (Craik)"": {""start"": ""2023-01-19"", ""end"": ""2023-01-21"", ""count"": 2}}",Right,,,,,,,66.70%,91.70%,86.80%,93.10%,81.30%,74.40%,88.20%,67.50%,81.20%,87.90%,76.30%,78.30%,89.00%,96.40%,83.30%,65.40%,70.70%,73.10%,,,50.00%,60.40%,,,,,91.70%,62.50%,95.00%,90.00%,90.00%,86.40%,71.40%,75.00%,80.00%,,93.80%,39.30%,50.00%,75.00%,,,37.50%,91.70%,1.11,0.28,219,243,34.7,30.5,19.8,18.7,16,24,2,8.3,22,0,0,,,,,,,,,,,,,,,,,,,,,,,,,,,,,,,,,,,,,,,86.70%,82.40%,79.10%,78.30%,,,82.80%,87.90%,79.60%,82.30%,78.70%,77.60%,,,Promotion CW,50,Guard CCW,93.1
James Grattan,77.90%,80.10%,79.20%,78.10%,2778,"{""Third"": {""start"": ""2002-03-09"", ""end"": ""2009-03-12"", ""count"": 28}, ""Fourth"": {""start"": ""2006-03-11"", ""end"": ""2025-03-06"", ""count"": 65}}","{""N.B. (Howard)"": {""start"": ""2002-03-09"", ""end"": ""2002-03-16"", ""count"": 8}, ""N.B (Howard)"": {""start"": ""2003-03-01"", ""end"": ""2003-03-07"", ""count"": 7}, ""NB (Howard)"": {""start"": ""2004-03-06"", ""end"": ""2004-03-12"", ""count"": 7}, ""N.B. (Grattan)"": {""start"": ""2006-03-11"", ""end"": ""2008-03-13"", ""count"": 12}, ""NB (R.Howard)"": {""start"": ""2009-03-07"", ""end"": ""2009-03-12"", ""count"": 6}, ""NB (Grattan)"": {""start"": ""2010-03-06"", ""end"": ""2025-03-06"", ""count"": 47}, ""NB"": {""start"": ""2018-03-03"", ""end"": ""2018-03-09"", ""count"": 6}}",Right,1974,"Ottawa, ON","Oromocto, NB","Customer Service Agent, Air Canada",,,83.30%,95.20%,89.30%,87.70%,76.40%,77.40%,68.10%,73.50%,81.00%,84.00%,74.20%,75.40%,93.40%,95.90%,68.50%,66.80%,67.60%,66.40%,,,,,87.50%,95.80%,85.00%,86.10%,72.50%,67.60%,57.10%,83.30%,81.90%,81.20%,70.50%,63.90%,97.50%,97.90%,87.50%,75.00%,68.80%,46.20%,,,,,1.11,0.24,658,708,31,36.7,17.9,18.4,12.6,66,9,13.6,50,4,8,,,,,78.10%,81.90%,82.80%,83.20%,85.20%,85.60%,,,78.00%,72.40%,,,79.30%,74.80%,82.40%,79.70%,75.70%,77.50%,78.00%,76.10%,,,77.30%,83.00%,,,,,,,,,78.60%,81.60%,,,72.50%,79.80%,79.70%,76.50%,78.50%,81.10%,,,55.70%,81.60%,77.00%,80.90%,Raise CCW,66.4,Guard CW,89.3
Jamie Danbrook,84.80%,88.80%,86.90%,69.00%,252,"{""Lead"": {""start"": ""2011-03-05"", ""end"": ""2011-03-13"", ""count"": 9}}","{""NL (Gushue)"": {""start"": ""2011-03-05"", ""end"": ""2011-03-13"", ""count"": 9}}",Right,1988,"Vernon, BC","Halifax, NS","Sales Rep, Bell Canada",Clarence Fulton,Memorial University,99.10%,,95.80%,84.10%,79.70%,89.80%,70.80%,87.50%,90.00%,87.50%,,87.50%,,0.00%,,,78.60%,87.50%,,25.00%,,,,,,75.00%,83.30%,,37.50%,,,,,,,0.00%,,,,,,25.00%,,,1.24,0.24,66,59,36.4,42.4,16.9,16.7,19.7,3,1,33.3,8,0,0,,,,,,,,,,,,,,,,,,,,,,,88.30%,79.10%,,,,,,,,,,,,,,,,,,,,,,,,,,,,,Wick CCW,25,Guard CW,95.8
Jamie Koe,74.20%,75.20%,74.70%,70.20%,2863,"{""Fourth"": {""start"": ""2006-03-11"", ""end"": ""2024-03-08"", ""count"": 98}, ""Third"": {""start"": ""2019-03-06"", ""end"": ""2020-03-02"", ""count"": 2}}","{""NWTY (Koe)"": {""start"": ""2006-03-11"", ""end"": ""2006-03-16"", ""count"": 6}, ""NWT/Yukon (Koe)"": {""start"": ""2007-03-03"", ""end"": ""2007-03-08"", ""count"": 6}, ""NWTY  (Koe)"": {""start"": ""2009-03-07"", ""end"": ""2009-03-12"", ""count"": 6}, ""NT/Y (Koe)"": {""start"": ""2010-03-06"", ""end"": ""2010-03-11"", ""count"": 6}, ""NT/YT (Koe)"": {""start"": ""2011-03-05"", ""end"": ""2012-03-11"", ""count"": 13}, ""NT/NY (Koe)"": {""start"": ""2013-03-02"", ""end"": ""2013-03-07"", ""count"": 6}, ""NT (Koe)"": {""start"": ""2014-11-10"", ""end"": ""2024-03-08"", ""count"": 44}, ""NT"": {""start"": ""2018-03-03"", ""end"": ""2019-03-06"", ""count"": 11}}",Right,1978,"Yellowknife, NT","Yellowknife, NT",,,,,92.90%,89.50%,91.70%,71.50%,72.90%,73.20%,76.50%,76.00%,77.80%,73.70%,72.00%,93.30%,98.40%,64.60%,54.60%,68.80%,66.80%,,,,,,,81.20%,81.80%,64.40%,71.40%,55.60%,64.60%,76.80%,73.10%,69.40%,58.30%,,,50.00%,51.80%,46.20%,18.80%,,,,,0.99,0.22,729,694,26.9,36.2,16.7,25,1.9,86,9,10.5,53,7,13.2,,,,,,,,,,,,,76.50%,74.40%,76.60%,74.60%,,,64.20%,78.80%,67.10%,61.80%,75.90%,69.50%,80.40%,79.00%,79.60%,75.70%,73.20%,77.60%,,,77.70%,84.40%,75.30%,77.20%,78.20%,71.80%,73.10%,69.40%,79.30%,74.70%,,,78.10%,66.60%,53.80%,69.10%,79.50%,77.40%,,,Double CCW,54.6,Guard CCW,91.7
Jamie Korab,83.50%,83.90%,83.80%,83.40%,1068,"{""Second"": {""start"": ""2003-03-01"", ""end"": ""2004-03-12"", ""count"": 13}, ""Lead"": {""start"": ""2006-02-22"", ""end"": ""2010-03-11"", ""count"": 22}}","{""NL (Gushue)"": {""start"": ""2003-03-01"", ""end"": ""2010-03-11"", ""count"": 33}, ""CAN (Gushue)"": {""start"": ""2006-02-22"", ""end"": ""2006-02-24"", ""count"": 2}}",Right,1980,"Harbour Grace, NL",,"Marketing Coordinator, Bell Aliant",St. Fransis High,,93.50%,92.20%,84.60%,90.50%,84.00%,82.30%,70.80%,76.70%,78.80%,82.40%,72.50%,78.30%,94.60%,87.10%,68.80%,71.90%,81.70%,80.90%,0.00%,33.30%,,,92.50%,85.70%,91.70%,91.70%,83.30%,69.30%,75.00%,90.00%,,,,,97.70%,90.40%,,,,,0.00%,50.00%,,,1.38,0.36,234,294,42.7,34,26.9,14.1,28.6,12,3,25,38,2,5.3,,,,,,,82.70%,79.00%,85.80%,85.70%,,,82.10%,41.70%,84.20%,78.00%,,,85.50%,72.70%,88.50%,79.40%,,,,,,,,,,,,,,,,,,,,,,,,,,,,,,,Wick CW,0,Guard CCW,90.5
Jamie Murphy,77.80%,79.30%,78.60%,76.40%,1006,"{""Fourth"": {""start"": ""2012-03-03"", ""end"": ""2020-03-04"", ""count"": 36}}","{""NS (Murphy)"": {""start"": ""2012-03-03"", ""end"": ""2020-03-04"", ""count"": 23}, ""Murphy"": {""start"": ""2017-11-06"", ""end"": ""2017-11-11"", ""count"": 6}, ""NS"": {""start"": ""2018-03-03"", ""end"": ""2018-03-09"", ""count"": 7}}",Right,1981,"Saint John, NB","Halifax, NS","Operations Manager, ADESA Halifax",,,,91.70%,89.60%,90.50%,78.70%,76.80%,71.70%,78.40%,79.70%,83.10%,78.30%,75.90%,91.70%,92.90%,48.00%,71.60%,79.40%,63.70%,,,,,,,75.00%,,62.50%,54.20%,68.80%,62.50%,59.70%,72.70%,81.20%,,75.00%,,37.50%,75.00%,,75.00%,,,,,1.11,0.3,243,254,32.1,38.6,20.1,19.8,12.3,27,6,22.2,22,1,4.5,,,,,,,,,,,,,,,,,,,,,,,,,78.80%,74.50%,,,,,,,78.70%,81.80%,75.80%,79.30%,81.20%,78.00%,,,83.70%,80.70%,,,,,,,,,,,Double CW,48,Guard CCW,90.5
Jamie Sinclair,76.90%,78.70%,77.70%,74.00%,909,"{""Fourth"": {""start"": ""2018-03-17"", ""end"": ""2019-03-22"", ""count"": 18}, ""Third"": {""start"": ""2022-10-04"", ""end"": ""2024-02-22"", ""count"": 17}, ""Second"": {""start"": ""2023-04-11"", ""end"": ""2023-04-14"", ""count"": 4}}","{""USA (Sinclair)"": {""start"": ""2018-03-17"", ""end"": ""2019-03-22"", ""count"": 18}, ""Carey"": {""start"": ""2022-10-04"", ""end"": ""2022-12-10"", ""count"": 10}, ""Scheidegger"": {""start"": ""2023-04-11"", ""end"": ""2023-04-14"", ""count"": 4}, ""QC (St. Georges)"": {""start"": ""2024-02-16"", ""end"": ""2024-02-22"", ""count"": 6}}",Right,1992,"Anchorage, AK","Manotick, ON",Full Time Athlete,,Carleton University,95.00%,81.20%,89.20%,88.70%,72.20%,74.50%,71.90%,,78.90%,84.90%,81.10%,71.50%,91.30%,95.80%,64.10%,65.50%,72.70%,77.40%,,50.00%,71.90%,56.80%,93.80%,62.50%,83.30%,84.10%,61.50%,68.20%,87.50%,,66.70%,75.00%,75.00%,50.00%,93.80%,,75.00%,62.50%,83.30%,75.00%,,,58.30%,50.00%,1.04,0.31,217,226,28.1,37.2,22.1,25.8,2.3,26,7,26.9,16,1,6.2,,,,,,,,,,,,,,,,,,,,,,,,,,,,,,,,,,,,,78.90%,80.60%,71.80%,72.60%,,,,,76.50%,76.80%,86.40%,86.20%,73.20%,79.60%,,,Wick CCW,50,Guard CW,89.2
Jamie Smith,72.10%,74.00%,73.10%,62.30%,259,"{""Third"": {""start"": ""2022-03-26"", ""end"": ""2023-01-12"", ""count"": 7}, ""Second"": {""start"": ""2023-05-02"", ""end"": ""2023-10-18"", ""count"": 8}}","{""NO (Lukowich)"": {""start"": ""2022-03-26"", ""end"": ""2022-03-30"", ""count"": 2}, ""Canada"": {""start"": ""2022-05-18"", ""end"": ""2022-05-19"", ""count"": 2}, ""Ladouceur"": {""start"": ""2023-01-10"", ""end"": ""2023-10-18"", ""count"": 11}}",Right,1973,"Kelowna, BC","Kelowna, BC",,,,91.70%,,90.60%,86.40%,62.80%,62.10%,75.00%,75.00%,72.40%,77.30%,82.70%,81.50%,58.30%,90.60%,65.40%,68.80%,87.50%,50.00%,,,50.00%,25.00%,50.00%,,,90.00%,64.30%,0.00%,,,67.90%,50.00%,0.00%,50.00%,,,,,75.00%,,,,,,1.03,0.34,64,61,34.4,27.9,23,32.8,1.6,9,1,11.1,5,0,0,,,,,,,,,,,,,,,,,,,,,,,,,,,,,,,,,,,,,,,,,,,,,71.30%,79.00%,70.40%,73.20%,,,,,Promotion CCW,25,Guard CW,90.6
Jamie Waters,81.90%,75.60%,78.00%,91.40%,289,"{""Lead"": {""start"": ""2016-03-20"", ""end"": ""2016-03-23"", ""count"": 4}, ""Third"": {""start"": ""2018-03-24"", ""end"": ""2018-03-27"", ""count"": 4}}","{""BRK"": {""start"": ""2016-03-20"", ""end"": ""2018-03-27"", ""count"": 8}}",Right,,,,,,,90.00%,80.30%,81.20%,85.40%,79.50%,69.60%,82.10%,85.70%,71.90%,75.80%,85.00%,72.70%,,66.70%,,70.80%,,50.00%,,,,,,95.00%,,68.80%,75.00%,75.00%,,,,,,,,,,,,,,,,,0.94,0.36,68,77,22.1,24.7,23.4,22.1,0,10,1,10,6,1,16.7,,,,,,,,,,,,,,,,,,,,,,,,,,,,,,,,,81.90%,95.00%,,,74.60%,68.70%,,,,,,,,,,,,,,,Raise CCW,50,Freeze CCW,85.7
Jan Hess,78.40%,75.80%,77.20%,73.80%,295,"{""Fourth"": {""start"": ""2017-02-16"", ""end"": ""2024-10-04"", ""count"": 14}, ""Second"": {""start"": ""2018-04-06"", ""end"": ""2024-10-03"", ""count"": 2}}","{""Switzerland"": {""start"": ""2017-02-16"", ""end"": ""2018-03-09"", ""count"": 9}, ""SUI (Pfister)"": {""start"": ""2018-04-06"", ""end"": ""2018-04-06"", ""count"": 1}, ""Stocker"": {""start"": ""2022-10-18"", ""end"": ""2024-10-04"", ""count"": 5}}",Right,1998,,,,,,,,81.20%,75.00%,79.40%,70.30%,60.00%,71.40%,87.00%,80.60%,64.80%,75.00%,81.20%,,63.60%,80.00%,85.40%,68.80%,,50.00%,68.80%,58.30%,,,,83.30%,72.20%,43.80%,50.00%,,,,45.00%,75.00%,50.00%,,66.70%,,,,,,,,1.04,0.31,72,74,26.4,29.7,27,19.4,7,7,3,42.9,7,2,28.6,,,,,,,,,,,,,,,,,,,,,,,,,,,,,,,,,,,69.20%,75.50%,76.90%,75.90%,,,,,,,85.40%,100.00%,,,88.50%,85.60%,,,Wick CCW,50,Take-out CW,87
Jane Boyle,81.70%,80.90%,81.50%,90.70%,216,"{""Lead"": {""start"": ""2013-02-21"", ""end"": ""2016-02-26"", ""count"": 8}}","{""NB (Crawford)"": {""start"": ""2013-02-21"", ""end"": ""2013-02-21"", ""count"": 1}, ""NB (Robichaud)"": {""start"": ""2016-02-20"", ""end"": ""2016-02-26"", ""count"": 7}}",Right,,,,"Senior Field Engineer, Hilti Canada Corporation",,,88.80%,81.90%,86.40%,,79.00%,76.90%,37.50%,66.70%,77.90%,86.10%,85.70%,79.20%,,,,0.00%,75.00%,,,,,,,83.30%,,,70.00%,,,,,,,,,,,,,,,,,,0.91,0.17,55,52,21.8,38.5,13.5,12.7,9.1,5,2,40,3,1,33.3,,,,,,,,,,,,,,,,,,,,,,,,,,,,,,,,,81.60%,81.00%,,,,,,,,,,,,,,,,,,,Double CCW,0,Guard CW,86.4
Janique Leblanc,77.30%,78.20%,77.90%,78.40%,459,"{""Lead"": {""start"": ""2016-01-23"", ""end"": ""2016-03-13"", ""count"": 11}, ""Second"": {""start"": ""2017-01-21"", ""end"": ""2017-01-27"", ""count"": 7}}","{""NS"": {""start"": ""2016-01-23"", ""end"": ""2016-01-31"", ""count"": 8}, ""Canada"": {""start"": ""2016-03-06"", ""end"": ""2016-03-13"", ""count"": 3}, ""NS (Clarke)"": {""start"": ""2017-01-21"", ""end"": ""2017-01-27"", ""count"": 7}}",Right,1997,,,,,,91.70%,89.70%,91.70%,83.80%,68.20%,82.30%,58.30%,72.90%,79.70%,78.80%,80.80%,76.70%,75.00%,71.40%,,62.50%,50.00%,55.00%,,30.40%,,0.00%,50.00%,,,50.00%,75.00%,95.50%,75.00%,,80.00%,,50.00%,75.00%,,68.80%,,,,,,56.20%,,,1.31,0.42,99,128,41.4,31.2,29.7,18.2,23.2,5,2,40,14,0,0,,,,,,,,,,,,,,,,,,,,,,,,,,,,,,,,,86.50%,63.10%,69.80%,78.00%,,,,,,,,,,,,,,,,,Promotion CCW,0,Guard CW,91.7
Janne Pitko,80.30%,85.80%,84.50%,73.20%,549,"{""Lead"": {""start"": ""2015-11-27"", ""end"": ""2017-12-09"", ""count"": 18}}","{""FIN"": {""start"": ""2015-11-27"", ""end"": ""2015-11-27"", ""count"": 1}, ""Finland"": {""start"": ""2016-04-02"", ""end"": ""2017-12-09"", ""count"": 17}}",Right,,,,,,,92.70%,91.80%,75.00%,76.70%,71.20%,83.40%,,,92.90%,77.50%,81.20%,65.00%,,,50.00%,50.00%,43.80%,81.20%,37.50%,80.00%,,,,95.70%,,50.00%,70.00%,79.20%,,,,,,,,,,,,,37.50%,80.00%,,,0.99,0.24,135,131,25.9,35.1,19.1,20.7,5.2,14,0,0,8,1,12.5,,,,,,,,,,,,,,,,,,,,,,,,,,,,,,,95.80%,60.00%,86.20%,74.50%,82.50%,81.20%,,,,,,,,,,,,,,,,,Wick CW,37.5,Take-out CW,92.9
Jared Kolomaya,77.80%,81.00%,79.50%,70.60%,413,"{""Fourth"": {""start"": ""2014-11-10"", ""end"": ""2014-11-14"", ""count"": 5}, ""Second"": {""start"": ""2017-11-07"", ""end"": ""2022-03-10"", ""count"": 10}}","{""MB (Kolomaya)"": {""start"": ""2014-11-10"", ""end"": ""2014-11-14"", ""count"": 5}, ""Lyburn"": {""start"": ""2017-11-07"", ""end"": ""2017-11-11"", ""count"": 5}, ""BC (Pierce)"": {""start"": ""2022-03-05"", ""end"": ""2022-03-10"", ""count"": 5}}",Right,1990,,"Ashern, MB",,,,87.50%,,86.10%,92.60%,73.10%,75.00%,65.00%,68.80%,76.50%,78.20%,70.80%,72.40%,97.10%,94.80%,75.00%,82.80%,80.00%,75.00%,,,,,,,58.30%,75.00%,45.00%,70.00%,50.00%,58.30%,68.80%,,75.00%,0.00%,,75.00%,87.50%,,75.00%,62.50%,,,,,1.2,0.26,98,106,36.7,34.9,19.8,19.4,17.3,9,0,0,13,2,15.4,,,,,,,,,,,,,,,,,,,,,,,,,,,,,72.00%,75.80%,,,,,81.80%,89.30%,,,,,,,,,79.90%,75.00%,,,,,,,Freeze CW,65,Guard CCW,92.6
Jason Camm,81.30%,82.80%,82.10%,87.30%,298,"{""Third"": {""start"": ""2016-01-23"", ""end"": ""2016-01-29"", ""count"": 7}, ""Lead"": {""start"": ""2023-09-27"", ""end"": ""2023-10-20"", ""count"": 5}, ""Second"": {""start"": ""2024-10-01"", ""end"": ""2024-10-04"", ""count"": 4}}","{""ON"": {""start"": ""2016-01-23"", ""end"": ""2016-01-29"", ""count"": 7}, ""Epping"": {""start"": ""2023-09-27"", ""end"": ""2023-10-20"", ""count"": 5}, ""Howard"": {""start"": ""2024-10-01"", ""end"": ""2024-10-04"", ""count"": 4}}",Right,,,,,,,81.80%,89.30%,78.60%,88.30%,80.60%,78.80%,82.50%,42.90%,80.30%,90.00%,64.60%,55.60%,,,80.60%,82.10%,91.70%,89.30%,,,,,,75.00%,,,,87.50%,,,83.30%,90.00%,75.00%,,,,50.00%,,,,,,,,1.24,0.21,72,73,40.3,41.1,13.7,25,15.3,11,1,9.1,9,1,11.1,,,,,,,,,,,,,,,,,,,,,,,,,,,,,,,,,78.30%,88.20%,,,,,,,,,,,,,81.00%,87.50%,81.50%,65.70%,,,Freeze CCW,42.9,Raise CW,91.7
Jason Ginter,82.90%,86.00%,84.50%,90.10%,798,"{""Second"": {""start"": ""2016-03-20"", ""end"": ""2023-10-20"", ""count"": 25}, ""Third"": {""start"": ""2024-03-02"", ""end"": ""2024-03-07"", ""count"": 6}}","{""ALB"": {""start"": ""2016-03-20"", ""end"": ""2016-03-23"", ""count"": 4}, ""ALTA"": {""start"": ""2018-03-24"", ""end"": ""2018-03-28"", ""count"": 5}, ""Tardi"": {""start"": ""2021-10-26"", ""end"": ""2021-10-30"", ""count"": 5}, ""Gauthier"": {""start"": ""2022-10-18"", ""end"": ""2022-10-18"", ""count"": 1}, ""BC (Gauthier)"": {""start"": ""2023-03-03"", ""end"": ""2023-03-09"", ""count"": 6}, ""Schneider"": {""start"": ""2023-10-17"", ""end"": ""2023-10-20"", ""count"": 4}, ""BC (Schneider)"": {""start"": ""2024-03-02"", ""end"": ""2024-03-07"", ""count"": 6}}",Right,1993,"Vancouver, BC","Dawson Creek, BC",,,,83.80%,,85.50%,89.10%,79.60%,82.80%,79.30%,76.50%,81.90%,87.00%,76.30%,73.30%,95.80%,96.50%,73.10%,69.00%,67.30%,88.80%,,,,,,,80.00%,,83.30%,90.00%,87.50%,,,75.00%,83.30%,66.70%,91.20%,98.40%,,,,96.40%,,,,,1.25,0.37,181,207,37,36.7,24.2,14.9,22.1,13,4,30.8,23,1,4.3,,,,,,,,,,,,,,,,,,,,,,,,,,,,,,,,,86.70%,89.40%,,,84.00%,87.00%,,,,,78.60%,84.50%,92.50%,66.70%,80.50%,82.90%,86.20%,83.20%,,,Raise CW,67.3,Guard CCW,89.1
Jason Gunnlaugson,79.40%,79.50%,79.50%,76.60%,1868,"{""Fourth"": {""start"": ""2017-11-07"", ""end"": ""2022-05-07"", ""count"": 69}, ""Third"": {""start"": ""2022-09-22"", ""end"": ""2022-12-09"", ""count"": 17}}","{""Gunnlaugson"": {""start"": ""2017-11-07"", ""end"": ""2022-05-07"", ""count"": 28}, ""Canada"": {""start"": ""2018-12-05"", ""end"": ""2018-12-08"", ""count"": 3}, ""J. Gunnlaugson"": {""start"": ""2019-02-10"", ""end"": ""2019-02-10"", ""count"": 1}, ""MB (Gunnlaugson)"": {""start"": ""2020-02-29"", ""end"": ""2020-03-06"", ""count"": 7}, ""Gunnlaugsson"": {""start"": ""2020-02-09"", ""end"": ""2020-02-09"", ""count"": 1}, ""MB (Gunnlaugson"": {""start"": ""2021-03-06"", ""end"": ""2021-03-13"", ""count"": 7}, ""Gunnlaugso"": {""start"": ""2021-04-15"", ""end"": ""2021-10-31"", ""count"": 15}, ""WC3 (Gunnlaugs)"": {""start"": ""2022-03-05"", ""end"": ""2022-03-11"", ""count"": 7}, ""Carruthers"": {""start"": ""2022-09-22"", ""end"": ""2022-12-09"", ""count"": 17}}",Right,1984,"Winnipeg, MB","Winnipeg, MB","Owner, DV Painting",Shaftesbury High School,,,93.80%,86.20%,89.60%,77.50%,82.10%,72.90%,65.90%,84.00%,82.40%,76.90%,75.00%,94.10%,97.10%,71.30%,66.20%,76.20%,66.70%,,,33.30%,25.00%,,,88.90%,90.00%,82.40%,79.50%,,75.00%,78.80%,82.10%,54.20%,50.00%,66.70%,87.50%,85.70%,64.30%,78.60%,41.70%,,,50.00%,,1,0.27,470,445,30.6,31.7,20.7,20.4,10.2,49,9,18.4,34,2,5.9,,,,,,,,,,,,,,,,,,,,,,,,,,,,,,,,,,,88.20%,85.90%,75.60%,67.70%,62.50%,75.00%,71.60%,78.40%,78.00%,76.50%,84.60%,82.70%,,,,,,,Promotion CCW,25,Guard CCW,89.6
Jason Roach,87.00%,79.50%,82.60%,79.20%,214,"{""Third"": {""start"": ""2013-03-02"", ""end"": ""2013-03-07"", ""count"": 6}}","{""NB (Grattan)"": {""start"": ""2013-03-02"", ""end"": ""2013-03-07"", ""count"": 6}}",Right,1984,"Saint John, NB",,,,,,,92.90%,90.00%,86.80%,66.70%,62.50%,65.60%,82.60%,84.70%,81.80%,86.80%,,83.90%,,77.30%,83.30%,75.00%,,,,,,,,87.50%,75.00%,50.00%,,50.00%,87.50%,,,,,,,,,0.00%,,,,,1.09,0.35,43,60,25.6,21.7,26.7,11.6,14,5,1,20,3,0,0,,,,,,,,,,,,,,,,,,,,,,,,,,,78.00%,85.00%,,,,,,,,,,,,,,,,,,,,,,,,,Freeze CW,62.5,Guard CW,92.9
Jay Merchant,70.70%,69.20%,70.00%,54.30%,300,"{""Second"": {""start"": ""2017-11-03"", ""end"": ""2017-11-03"", ""count"": 1}, ""Third"": {""start"": ""2018-11-03"", ""end"": ""2022-11-03"", ""count"": 10}, ""Fourth"": {""start"": ""2018-11-06"", ""end"": ""2018-11-06"", ""count"": 1}, ""Lead"": {""start"": ""2019-11-05"", ""end"": ""2019-11-05"", ""count"": 1}}","{""Australia"": {""start"": ""2017-11-03"", ""end"": ""2019-11-05"", ""count"": 7}, ""AUS (Hewitt)"": {""start"": ""2022-10-30"", ""end"": ""2022-11-03"", ""count"": 5}}",Right,,,,,,,97.50%,68.80%,78.60%,41.70%,62.50%,74.60%,,,72.20%,79.30%,73.10%,71.40%,81.20%,53.10%,72.20%,55.60%,37.50%,87.50%,,,61.10%,44.40%,,87.50%,25.00%,25.00%,66.70%,62.50%,,,75.00%,87.50%,75.00%,,37.50%,37.50%,,50.00%,25.00%,,,,,6.20%,0.89,0.35,76,68,15.8,33.8,17.6,25,-9.2,9,0,0,5,2,40,,,,,,,,,,,,,,,,,,,,,,,,,,,,,,,,,,,83.30%,60.00%,68.40%,75.70%,83.30%,,,,,,66.80%,65.00%,,,,,,,Raise CW,37.5,Raise CCW,87.5
Jay Peachey,75.80%,79.00%,77.60%,86.60%,264,"{""Fourth"": {""start"": ""2004-03-06"", ""end"": ""2004-03-13"", ""count"": 8}}","{""BC (Peachey)"": {""start"": ""2004-03-06"", ""end"": ""2004-03-13"", ""count"": 8}}",Right,1966,"Vernon, BC","New Westminster, BC",Chartered Accountant,,Simon Fraser University,,,,,65.40%,73.30%,62.50%,78.10%,79.70%,80.70%,83.30%,88.90%,,,25.00%,50.00%,50.00%,66.70%,,,,,,,,,80.00%,87.50%,,,,75.00%,,,,,,50.00%,,,,,,,0.93,0.32,71,60,25.4,31.7,23.3,23.9,1.5,5,0,0,5,0,0,,,,,,,,,73.20%,80.20%,,,,,,,,,,,,,,,,,,,,,,,,,,,,,,,,,,,,,,,,,,,Double CW,25,Hit-roll CCW,88.9
Jean Gagnon,82.00%,84.70%,83.80%,86.90%,810,"{""Lead"": {""start"": ""2002-03-09"", ""end"": ""2009-03-13"", ""count"": 20}, ""Second"": {""start"": ""2015-11-08"", ""end"": ""2015-11-13"", ""count"": 6}}","{""QC (Roberge)"": {""start"": ""2002-03-09"", ""end"": ""2002-03-14"", ""count"": 6}, ""QUE (Menard)"": {""start"": ""2006-03-13"", ""end"": ""2009-03-13"", ""count"": 8}, ""QC (Menard)"": {""start"": ""2008-03-08"", ""end"": ""2008-03-13"", ""count"": 6}, ""QC (Elmaleh)"": {""start"": ""2015-11-08"", ""end"": ""2015-11-13"", ""count"": 6}}",Right,1971,"Gagnon, QC","Saint-Étienne, QC","Head of Technical Services, CRDI Lévis",,,93.80%,92.60%,90.20%,82.30%,78.00%,84.90%,79.70%,79.40%,86.10%,73.80%,68.80%,73.60%,79.50%,89.10%,50.00%,62.50%,68.80%,73.20%,0.00%,25.00%,,,85.00%,95.80%,,,77.80%,87.50%,,87.50%,,,,75.00%,75.00%,82.50%,,,50.00%,,,,,,1.13,0.3,196,200,31.1,39,23,17.3,13.8,20,4,20,16,2,12.5,,,,,88.90%,75.70%,,,,,,,100.00%,,,,87.20%,65.60%,86.50%,62.50%,,,,,,,,,,,72.50%,81.80%,,,,,,,,,,,,,,,,,,,,,Wick CW,0,Guard CW,90.2
Jean-michel Arsenault,79.80%,80.60%,80.30%,91.40%,266,"{""Third"": {""start"": ""2021-10-26"", ""end"": ""2024-03-07"", ""count"": 11}}","{""Roberge"": {""start"": ""2021-10-26"", ""end"": ""2021-10-29"", ""count"": 4}, ""QC (Tremblay)"": {""start"": ""2024-03-01"", ""end"": ""2024-03-07"", ""count"": 7}}",Right,1989,"Quebec, CAN","Quebec, CAN",Automation Technician,,Cegep Limoilou,96.40%,,95.50%,91.70%,78.90%,78.90%,55.00%,87.50%,77.80%,76.40%,78.60%,69.10%,87.50%,95.30%,59.40%,71.90%,85.70%,87.50%,,,,,,,,97.20%,75.00%,91.70%,,,,,,,,,50.00%,,,,,,,,1.3,0.22,66,65,43.9,40,15.4,21.2,22.7,7,1,14.3,4,0,0,,,,,,,,,,,,,,,,,,,,,,,,,,,,,,,,,,,,,,,,,,,84.30%,79.00%,,,,,82.70%,77.20%,,,Freeze CW,55,Guard CW,95.5
Jeanna Schraeder,76.80%,77.70%,77.20%,81.50%,606,"{""Third"": {""start"": ""2011-02-19"", ""end"": ""2022-02-03"", ""count"": 20}}","{""BC(Scott)"": {""start"": ""2011-02-19"", ""end"": ""2011-02-25"", ""count"": 7}, ""BC (Scott)"": {""start"": ""2013-02-16"", ""end"": ""2013-02-24"", ""count"": 8}, ""BC (Arsenault)"": {""start"": ""2022-01-29"", ""end"": ""2022-02-03"", ""count"": 5}}",Right,1976,"Kelowna, BC","Kelowna, BC","IT coordinator, Interior Health",Springvalley secondary,okanagan university college,,91.70%,85.80%,84.30%,75.30%,70.10%,60.90%,55.60%,77.00%,84.10%,69.40%,69.70%,85.70%,88.20%,68.20%,73.80%,70.00%,61.10%,,,,,,,90.00%,86.10%,77.80%,71.40%,75.00%,0.00%,66.70%,90.00%,,,83.30%,,,,,,,,,,1.17,0.36,148,148,31.8,33.8,25.7,19.6,12.2,11,2,18.2,15,1,6.7,,,,,,,,,,,,,,,,,,,,,,,72.20%,76.10%,,,80.40%,80.60%,,,,,,,,,,,,,,,,,73.70%,77.90%,,,,,,,Freeze CCW,55.6,Guard CW,85.8
Jeanne Ellegaard,73.60%,75.00%,74.30%,76.20%,588,"{""Second"": {""start"": ""2014-02-10"", ""end"": ""2014-11-28"", ""count"": 14}, ""Third"": {""start"": ""2015-03-14"", ""end"": ""2015-03-19"", ""count"": 6}}","{""DEN"": {""start"": ""2014-02-10"", ""end"": ""2015-03-19"", ""count"": 20}}",Right,1987,,"Hvidovre, DEN",,,,93.30%,77.10%,70.80%,88.80%,71.00%,63.10%,,41.70%,82.40%,83.80%,64.00%,73.30%,82.80%,75.60%,63.40%,70.50%,71.40%,80.60%,,75.00%,31.80%,29.20%,,50.00%,91.70%,85.70%,58.30%,37.50%,,,,,87.50%,75.00%,95.00%,58.30%,66.70%,75.00%,62.50%,,,,,,0.97,0.33,154,132,27.3,33.3,22.7,22.7,4.6,13,2,15.4,11,0,0,,,,,,,,,,,,,,,,,,,,,,,,,,,,,78.40%,75.90%,65.10%,72.20%,,,,,,,,,,,,,,,,,,,,,Promotion CCW,29.2,Guard CCW,88.8
Jean-sebastien Roy,78.80%,78.40%,78.50%,90.10%,406,"{""Second"": {""start"": ""2004-03-06"", ""end"": ""2004-03-11"", ""count"": 6}, ""Third"": {""start"": ""2012-03-03"", ""end"": ""2012-03-08"", ""count"": 6}}","{""QC (Lafleur)"": {""start"": ""2004-03-06"", ""end"": ""2004-03-11"", ""count"": 6}, ""QC (Desjardins)"": {""start"": ""2012-03-03"", ""end"": ""2012-03-08"", ""count"": 6}}",Right,1978,"Jonquiere, QC","Gatineau, QC",,,,96.90%,78.60%,97.20%,87.50%,67.40%,77.40%,90.00%,63.50%,80.90%,78.70%,75.00%,81.90%,90.90%,,73.60%,53.60%,85.70%,67.70%,,,,,93.80%,,,87.50%,77.80%,71.40%,,,87.50%,68.80%,,,,,,,,75.00%,,,,,1.05,0.21,99,101,26.3,28.7,17.8,19.2,7.1,12,3,25,5,0,0,,,,,,,,,76.00%,82.90%,,,,,,,,,,,,,,,78.20%,75.80%,,,,,,,,,,,,,,,,,,,,,,,,,,,Double CCW,53.6,Guard CW,97.2
Jeff Richard,78.90%,77.90%,78.40%,73.20%,468,"{""Fourth"": {""start"": ""2010-03-06"", ""end"": ""2010-03-11"", ""count"": 6}, ""Third"": {""start"": ""2018-03-03"", ""end"": ""2022-03-10"", ""count"": 10}}","{""BC (Richard)"": {""start"": ""2010-03-06"", ""end"": ""2010-03-11"", ""count"": 6}, ""BC"": {""start"": ""2018-03-03"", ""end"": ""2018-03-07"", ""count"": 5}, ""BC (Pierce)"": {""start"": ""2022-03-05"", ""end"": ""2022-03-10"", ""count"": 5}}",Left,1979,"Kelowna , BC","Kelowna, BC","Manager, Sunset Ranch Golf Club",,,86.10%,,96.90%,,75.80%,76.20%,63.60%,79.20%,82.30%,80.20%,73.40%,73.10%,96.70%,87.50%,71.60%,69.30%,70.30%,71.90%,,,,,,,95.00%,,57.10%,91.70%,25.00%,75.00%,,,50.00%,0.00%,,,,50.00%,,0.00%,,,,,1.16,0.24,117,115,34.2,35.7,16.5,22.2,12,11,0,0,11,2,18.2,,,,,,,,,,,,,,,,,,,,,79.50%,76.20%,,,,,,,,,,,,,,,74.60%,76.10%,,,,,,,82.70%,82.60%,,,,,,,Freeze CW,63.6,Guard CW,96.9
Jeff Sharp,80.00%,83.60%,82.00%,74.70%,660,"{""Third"": {""start"": ""2006-03-11"", ""end"": ""2008-03-15"", ""count"": 20}}","{""SASK (Simmons)"": {""start"": ""2006-03-11"", ""end"": ""2007-03-08"", ""count"": 12}, ""SK (Simmons)"": {""start"": ""2008-03-08"", ""end"": ""2008-03-15"", ""count"": 8}}",Right,,,,,,,,98.40%,89.10%,88.50%,80.60%,83.80%,71.00%,71.60%,80.10%,89.10%,77.20%,78.20%,89.20%,94.70%,65.60%,66.70%,81.60%,62.50%,,,,,,,91.70%,85.00%,91.70%,79.20%,50.00%,58.30%,62.50%,92.90%,62.50%,,83.30%,,50.00%,25.00%,87.50%,25.00%,,,,,1.13,0.35,164,156,32.3,39.7,21.8,18.9,13.4,11,3,27.3,18,2,11.1,,,,,,,,,,,,,85.00%,79.60%,78.10%,80.10%,85.50%,83.50%,,,,,,,,,,,,,,,,,,,,,,,,,,,,,,,,,,,Raise CCW,62.5,Guard CW,89.1
Jeff Smith,74.40%,85.70%,78.30%,62.20%,203,"{""Lead"": {""start"": ""2002-03-09"", ""end"": ""2002-03-14"", ""count"": 6}}","{""PEI (Likely)"": {""start"": ""2002-03-09"", ""end"": ""2002-03-14"", ""count"": 6}}",Right,,,,,,,83.00%,91.90%,67.00%,,76.40%,83.90%,60.70%,85.00%,86.10%,86.10%,25.00%,,75.00%,50.00%,50.00%,,50.00%,70.00%,25.00%,,,,60.00%,66.70%,75.00%,,83.30%,75.00%,62.50%,25.00%,,,,,87.50%,,,,,,25.00%,,,,1.02,0.13,47,53,19.1,34,13.2,25.5,-6.4,5,1,20,1,0,0,,,,,79.70%,72.40%,,,,,,,,,,,,,,,,,,,,,,,,,,,,,,,,,,,,,,,,,,,,,,,Hit-roll CW,25,Take-out CW,86.1
Jeff Stoughton,79.40%,83.10%,81.50%,78.20%,1336,"{""Fourth"": {""start"": ""2006-03-11"", ""end"": ""2013-03-10"", ""count"": 44}}","{""MAN (Stoughton)"": {""start"": ""2006-03-11"", ""end"": ""2009-03-15"", ""count"": 15}, ""MB (Stoughton)"": {""start"": ""2007-03-03"", ""end"": ""2011-03-13"", ""count"": 21}, ""MB ( Stoughton)"": {""start"": ""2013-03-02"", ""end"": ""2013-03-10"", ""count"": 8}}",Right,1963,"Winnipeg, MB","Winnipeg, MB","Financial Systems Manager, Air Canada",,,,,82.30%,87.80%,80.20%,84.10%,71.80%,84.90%,83.20%,84.20%,72.40%,78.30%,,96.90%,72.30%,67.00%,68.90%,77.40%,,,,,,,75.00%,,86.70%,88.60%,12.50%,58.30%,91.20%,81.10%,,53.10%,,95.00%,50.00%,87.50%,91.70%,58.30%,,,,,1.15,0.28,330,333,34.2,44.4,19.2,16.1,18.1,20,3,15,35,1,2.9,,,,,,,,,,,,,81.30%,76.20%,89.70%,77.90%,,,76.40%,81.00%,71.20%,78.30%,85.70%,87.90%,,,86.90%,83.60%,,,,,,,,,,,,,,,,,,,,,,,,,Double CCW,67,Guard CCW,87.8
Jeffrey Meagher,82.70%,83.40%,83.00%,89.70%,847,"{""Second"": {""start"": ""2019-01-19"", ""end"": ""2024-03-06"", ""count"": 30}}","{""NS"": {""start"": ""2019-01-19"", ""end"": ""2020-01-24"", ""count"": 13}, ""Dalhousie (m)"": {""start"": ""2020-03-11"", ""end"": ""2020-03-15"", ""count"": 5}, ""NS (Manuel)"": {""start"": ""2023-03-04"", ""end"": ""2024-03-06"", ""count"": 12}}",Right,1999,,,,,,95.50%,95.50%,94.40%,83.30%,79.40%,76.70%,78.80%,86.40%,81.20%,86.20%,76.50%,84.20%,93.90%,92.90%,64.70%,88.60%,80.90%,72.50%,,,,,,,93.80%,,82.50%,68.80%,,75.00%,90.00%,92.90%,,81.20%,,92.90%,,,83.30%,64.30%,,,,,1.07,0.37,195,221,30.3,33.5,26.2,20.5,9.8,21,6,28.6,18,1,5.6,,,,,,,,,,,,,,,,,,,,,,,,,,,,,,,,,,,,,,,76.10%,81.70%,84.50%,85.10%,,,,,83.30%,79.60%,85.20%,85.40%,,,Double CW,64.7,Guard CW,94.4
Jen Gates,82.80%,84.50%,83.50%,76.50%,858,"{""Lead"": {""start"": ""2012-02-21"", ""end"": ""2020-02-22"", ""count"": 22}, ""Second"": {""start"": ""2019-02-16"", ""end"": ""2019-02-23"", ""count"": 8}}","{""ON (Horgan)"": {""start"": ""2012-02-21"", ""end"": ""2012-02-21"", ""count"": 1}, ""Rocque"": {""start"": ""2015-12-02"", ""end"": ""2017-11-12"", ""count"": 13}, ""NO (McCarville)"": {""start"": ""2019-02-16"", ""end"": ""2020-02-22"", ""count"": 16}}",Right,1990,"Sudbury, ON","Edmonton, AB",Curler,,Wilfrid Laurier University,90.70%,91.90%,88.20%,88.80%,79.00%,85.00%,83.30%,88.90%,87.10%,86.10%,76.10%,77.20%,62.50%,63.60%,75.00%,83.30%,66.70%,73.20%,66.10%,57.90%,,,91.70%,96.20%,,91.70%,64.60%,75.00%,,87.50%,,75.00%,,75.00%,87.50%,,0.00%,,,37.50%,68.80%,50.00%,,,1,0.35,194,230,26.8,34.8,23.9,19.6,7.2,17,2,11.8,17,2,11.8,,,,,,,,,,,,,,,,,,,,,,,,,87.50%,,,,,,90.60%,75.90%,86.40%,82.50%,84.80%,74.50%,,,83.50%,80.30%,87.60%,73.90%,,,,,,,,,,,Wick CCW,57.9,Freeze CCW,88.9
Jen Rusnell,88.50%,83.50%,84.90%,93.80%,233,"{""Lead"": {""start"": ""2019-02-16"", ""end"": ""2019-02-22"", ""count"": 7}}","{""BC (Wark)"": {""start"": ""2019-02-16"", ""end"": ""2019-02-22"", ""count"": 7}}",Left,,,,,,,93.50%,87.30%,83.30%,,85.00%,84.10%,75.00%,,86.40%,69.60%,95.00%,62.50%,,,,25.00%,75.00%,62.50%,,,,,93.80%,87.50%,75.00%,,,,,,,,,,,,,,,,,,,,1.22,0.25,54,60,31.5,41.7,18.3,20.4,11.1,3,0,0,3,1,33.3,,,,,,,,,,,,,,,,,,,,,,,,,,,,,,,,,,,,,,,86.60%,78.20%,,,,,,,,,,,,,Double CCW,25,Hit-roll CW,95
Jenn Baxter,87.50%,75.00%,79.70%,100.00%,16,"{""Second"": {""start"": ""2024-11-28"", ""end"": ""2024-11-28"", ""count"": 1}}","{""Black"": {""start"": ""2024-11-28"", ""end"": ""2024-11-28"", ""count"": 1}}",,,,,,,,,,,,,75.00%,62.50%,91.70%,,,,,,66.70%,,,,,,,,0.00%,,,,,,,,,,,,,,,,,,,,,,,1.33,0.5,3,4,33.3,50,50,66.7,0,,,,1,0,0,,,,,,,,,,,,,,,,,,,,,,,,,,,,,,,,,,,,,,,,,,,,,,,,,86.10%,71.40%,,,Promotion CCW,0,Freeze CCW,91.7
Jenn Hanna,77.20%,80.80%,79.10%,67.20%,214,"{""Fourth"": {""start"": ""2016-02-20"", ""end"": ""2016-02-26"", ""count"": 7}}","{""ON (Hanna)"": {""start"": ""2016-02-20"", ""end"": ""2016-02-26"", ""count"": 7}}",Right,1980,"Ottawa, ON",,,,,,,,,72.60%,82.90%,87.50%,57.50%,86.50%,87.50%,83.30%,78.10%,78.60%,93.80%,37.50%,83.30%,64.30%,43.80%,,,,,,,,,54.20%,70.80%,,25.00%,62.50%,75.00%,,,,,50.00%,,,,,,,,0.78,0.38,55,50,20,36,30,20,0,4,0,0,2,0,0,,,,,,,,,,,,,,,,,,,,,,,,,,,,,,,,,78.20%,79.70%,,,,,,,,,,,,,,,,,,,Double CW,37.5,Freeze CW,87.5
Jenna Duncan,73.20%,66.60%,70.40%,78.00%,246,"{""Lead"": {""start"": ""2017-02-16"", ""end"": ""2017-02-16"", ""count"": 1}, ""Third"": {""start"": ""2017-02-17"", ""end"": ""2023-02-23"", ""count"": 10}}","{""YT (Koltun)"": {""start"": ""2017-02-16"", ""end"": ""2017-02-17"", ""count"": 2}, ""YT"": {""start"": ""2018-01-27"", ""end"": ""2018-02-02"", ""count"": 6}, ""YT (Birnie)"": {""start"": ""2023-02-19"", ""end"": ""2023-02-23"", ""count"": 3}}",Right,,,,,,,83.30%,62.50%,75.00%,80.00%,67.00%,64.80%,75.00%,75.00%,78.30%,68.10%,65.90%,59.40%,87.50%,58.30%,50.00%,50.00%,89.30%,85.00%,,,,,,,25.00%,91.70%,60.00%,75.00%,75.00%,,81.20%,75.00%,75.00%,,,,,,,,,,,,0.92,0.25,71,48,21.1,35.4,20.8,32.4,-11.3,10,1,10,4,1,25,,,,,,,,,,,,,,,,,,,,,,,,,,,,,,,,,,,70.20%,69.00%,70.70%,67.20%,,,,,,,,,59.40%,85.00%,,,,,Double CW,50,Raise CW,89.3
Jenna Enge,79.10%,76.60%,77.90%,80.70%,513,"{""Second"": {""start"": ""2012-02-18"", ""end"": ""2022-09-23"", ""count"": 18}}","{""ON (Horgan)"": {""start"": ""2012-02-18"", ""end"": ""2012-02-23"", ""count"": 6}, ""Barker"": {""start"": ""2021-10-26"", ""end"": ""2022-09-23"", ""count"": 6}, ""SK (Barker)"": {""start"": ""2022-01-29"", ""end"": ""2022-02-03"", ""count"": 6}}",Right,1988,"Fort Frances, ON","Thunder Bay, ON",,,,97.10%,85.90%,83.00%,85.30%,76.60%,66.80%,77.10%,75.00%,80.70%,75.40%,61.80%,82.50%,88.00%,90.50%,64.30%,69.70%,65.90%,75.00%,,,,,,91.70%,87.50%,,70.80%,62.50%,,,80.00%,75.00%,50.00%,,91.70%,70.80%,50.00%,,,,,,,,0.98,0.43,121,129,28.1,31,31,28.9,-0.8,14,4,28.6,10,1,10,,,,,,,,,,,,,,,,,,,,,,,,,80.30%,81.20%,,,,,,,,,,,,,,,,,84.30%,81.70%,70.40%,73.10%,,,,,,,Hit-roll CW,61.8,Guard CCW,85.3
Jenna Loder,74.60%,74.10%,74.40%,74.20%,348,"{""Third"": {""start"": ""2021-02-19"", ""end"": ""2021-10-29"", ""count"": 14}}","{""Peterson"": {""start"": ""2021-10-25"", ""end"": ""2021-10-29"", ""count"": 5}, ""WC3 (Peterson)"": {""start"": ""2021-02-19"", ""end"": ""2021-02-27"", ""count"": 9}}",Right,1988,"Winnipeg, MB","Winnipeg, MB",Curler,,,,,83.30%,80.80%,69.40%,73.80%,77.80%,65.00%,76.20%,81.90%,66.70%,64.10%,75.00%,75.00%,65.60%,50.00%,75.00%,68.80%,,,,,,,75.00%,,41.70%,62.50%,50.00%,,91.70%,,,,75.00%,82.10%,75.00%,37.50%,,,,,,,1.07,0.35,82,86,30.5,29.1,20.9,29.3,1.2,9,3,33.3,5,0,0,,,,,,,,,,,,,,,,,,,,,,,,,,,,,,,,,,,,,,,,,,,76.30%,73.10%,,,,,,,,,Double CCW,50,Guard CW,83.3
Jennie Waahlin,76.70%,76.40%,76.60%,80.70%,740,"{""Third"": {""start"": ""2015-03-01"", ""end"": ""2018-03-10"", ""count"": 21}, ""Second"": {""start"": ""2017-11-21"", ""end"": ""2023-11-20"", ""count"": 18}, ""Lead"": {""start"": ""2018-03-18"", ""end"": ""2018-03-18"", ""count"": 1}}","{""SWE"": {""start"": ""2015-03-01"", ""end"": ""2015-03-08"", ""count"": 6}, ""Sweden"": {""start"": ""2017-01-30"", ""end"": ""2019-02-18"", ""count"": 18}, ""Wranå"": {""start"": ""2021-10-19"", ""end"": ""2021-10-23"", ""count"": 5}, ""Wrana"": {""start"": ""2021-11-02"", ""end"": ""2022-04-16"", ""count"": 10}, ""SWE (Wranaa)"": {""start"": ""2023-11-20"", ""end"": ""2023-11-20"", ""count"": 1}}",Right,1998,"Stockholm, SWE","Stockholm, SWE",,,,83.30%,95.00%,78.80%,80.00%,75.30%,67.00%,60.00%,67.20%,75.00%,80.10%,67.20%,73.70%,88.00%,89.80%,80.80%,67.30%,78.80%,68.20%,,,57.10%,52.80%,66.70%,87.50%,87.50%,,66.70%,90.00%,,75.00%,95.80%,83.30%,,87.50%,88.20%,90.30%,,75.00%,66.70%,,,,50.00%,,1.18,0.35,180,181,38.3,39.8,24.9,19.4,18.9,10,4,40,26,1,3.8,,,,,,,,,,,,,,,,,,,,,,,,,,,,,,,65.30%,76.90%,,,71.80%,81.50%,69.00%,78.70%,75.00%,61.50%,,,81.50%,75.50%,72.00%,74.60%,92.90%,95.50%,,,,,Promotion CCW,52.8,Double CW,80.8
Jennifer Armstrong,79.50%,78.90%,79.20%,81.80%,725,"{""Third"": {""start"": ""2017-02-16"", ""end"": ""2020-02-20"", ""count"": 9}, ""Second"": {""start"": ""2019-02-16"", ""end"": ""2024-02-22"", ""count"": 13}, ""Lead"": {""start"": ""2022-01-28"", ""end"": ""2022-04-15"", ""count"": 10}}","{""NB (Adams)"": {""start"": ""2017-02-16"", ""end"": ""2017-02-18"", ""count"": 3}, ""NB (Crawford)"": {""start"": ""2019-02-16"", ""end"": ""2020-02-20"", ""count"": 11}, ""Carey"": {""start"": ""2022-04-12"", ""end"": ""2022-04-15"", ""count"": 4}, ""Martin"": {""start"": ""2022-10-18"", ""end"": ""2022-10-18"", ""count"": 1}, ""WC2 (Carey)"": {""start"": ""2022-01-28"", ""end"": ""2022-02-03"", ""count"": 6}, ""BC (Brown)"": {""start"": ""2024-02-16"", ""end"": ""2024-02-22"", ""count"": 7}}",Right,1992,,,,,,90.90%,88.10%,86.40%,83.30%,71.90%,75.90%,71.10%,65.60%,86.00%,77.20%,72.90%,74.20%,85.40%,88.00%,85.90%,70.80%,70.50%,75.00%,0.00%,,,,86.50%,84.10%,75.00%,75.00%,75.00%,87.50%,62.50%,,75.00%,,,,93.80%,87.50%,,50.00%,,75.00%,,,,,1.2,0.37,174,180,31,36.7,23.9,21.3,9.7,19,6,31.6,16,0,0,,,,,,,,,,,,,,,,,,,,,,,,,,,,,,,,,,,75.90%,83.70%,,,74.20%,78.10%,70.30%,75.90%,,,80.60%,81.40%,,,85.40%,83.60%,,,Wick CW,0,Guard CW,86.4
Jennifer Clark-rouire,81.70%,77.60%,80.50%,64.50%,337,"{""Lead"": {""start"": ""2012-02-18"", ""end"": ""2016-11-19"", ""count"": 16}, ""Third"": {""start"": ""2020-02-21"", ""end"": ""2020-02-21"", ""count"": 1}}","{""MB (Jones)"": {""start"": ""2012-02-18"", ""end"": ""2012-02-26"", ""count"": 3}, ""MB (Kolomaya)"": {""start"": ""2014-11-10"", ""end"": ""2014-11-14"", ""count"": 5}, ""MB (Calvert)"": {""start"": ""2016-11-14"", ""end"": ""2016-11-19"", ""count"": 6}, ""CAN (Jones)"": {""start"": ""2016-02-21"", ""end"": ""2016-02-23"", ""count"": 2}, ""MB (Einarson)"": {""start"": ""2020-02-21"", ""end"": ""2020-02-21"", ""count"": 1}}",Right,1975,"Winnipeg, MB","Winnipeg, MB",,,,86.50%,83.60%,80.60%,66.70%,81.00%,81.70%,76.20%,20.00%,90.60%,70.00%,87.50%,91.70%,87.50%,,,,75.00%,,30.00%,50.00%,,,94.40%,75.00%,81.20%,25.00%,84.20%,50.00%,,,75.00%,,,,,,,,,,25.00%,0.00%,,,1.35,0.41,71,92,46.5,31.5,27.2,21.1,25.4,8,0,0,15,1,6.7,,,,,,,,,,,,,,,,,,,,,,,,,95.80%,,,,85.20%,75.00%,,,77.30%,79.50%,,,,,,,87.50%,,,,,,,,,,,,Freeze CCW,20,Hit-roll CCW,91.7
Jennifer Crouse,79.80%,82.70%,80.80%,77.00%,239,"{""Lead"": {""start"": ""2018-01-27"", ""end"": ""2018-02-04"", ""count"": 9}}","{""NS"": {""start"": ""2018-01-27"", ""end"": ""2018-02-04"", ""count"": 9}}",Right,1980,"Antigonish, NS","Timberlea, NS","Investment Wholesaler, Product Solutions Centre",Liverpool Regional,Dalhousie University,91.90%,93.80%,78.10%,72.20%,76.20%,77.30%,87.50%,,67.90%,85.40%,75.00%,87.50%,62.50%,,,,,50.00%,,,,,80.00%,,,75.00%,71.20%,25.00%,87.50%,,,,,,,,,,,,,,,,1.3,0.37,60,59,38.3,40.7,22,6.7,31.6,5,2,40,7,0,0,,,,,,,,,,,,,,,,,,,,,,,,,,,,,,,,,,,,,81.60%,77.80%,,,,,,,,,,,,,,,Raise CCW,50,Freeze CW,87.5
Jennifer Dodds,79.40%,81.60%,80.60%,78.70%,2790,"{""Second"": {""start"": ""2013-02-28"", ""end"": ""2022-04-16"", ""count"": 56}, ""Third"": {""start"": ""2018-03-17"", ""end"": ""2025-03-22"", ""count"": 56}}","{""SCO"": {""start"": ""2013-02-28"", ""end"": ""2013-03-10"", ""count"": 9}, ""Scotland"": {""start"": ""2018-03-17"", ""end"": ""2021-12-13"", ""count"": 39}, ""Muirhead"": {""start"": ""2021-04-15"", ""end"": ""2022-04-16"", ""count"": 13}, ""GBR (Muirhead)"": {""start"": ""2022-02-10"", ""end"": ""2022-02-20"", ""count"": 10}, ""SCO (Morrison)"": {""start"": ""2023-03-21"", ""end"": ""2024-03-22"", ""count"": 17}, ""Morrison"": {""start"": ""2023-10-17"", ""end"": ""2024-10-04"", ""count"": 9}, ""SCO (Jackson)"": {""start"": ""2024-11-16"", ""end"": ""2025-03-22"", ""count"": 15}}",Right,1991,,,,,,91.40%,95.70%,85.50%,85.40%,74.80%,77.80%,77.80%,66.70%,84.00%,85.80%,77.00%,78.30%,91.00%,91.80%,70.60%,70.90%,68.80%,70.70%,81.20%,62.50%,53.90%,63.10%,,,90.30%,91.70%,67.40%,78.60%,,50.00%,72.50%,78.90%,75.00%,65.00%,89.10%,93.60%,79.20%,75.00%,59.40%,91.70%,,,75.00%,41.70%,1.12,0.34,662,698,33.7,35.7,23.6,18.3,15.4,51,13,25.5,71,2,2.8,,,,,,,,,,,,,,,,,,,,,,,,,,,81.60%,80.50%,,,,,,,,,80.30%,78.10%,76.60%,83.70%,,,77.60%,80.80%,79.60%,82.70%,83.00%,84.30%,77.90%,78.50%,86.40%,83.90%,Promotion CW,53.9,Take-out CCW,85.8
Jennifer Jones,79.20%,76.30%,77.70%,79.90%,5800,"{""Fourth"": {""start"": ""2011-02-19"", ""end"": ""2024-04-12"", ""count"": 244}}","{""CAN (Jones)"": {""start"": ""2011-02-19"", ""end"": ""2022-02-17"", ""count"": 24}, ""MB (Jones)"": {""start"": ""2012-02-18"", ""end"": ""2024-02-25"", ""count"": 45}, ""CAN"": {""start"": ""2014-02-10"", ""end"": ""2015-03-22"", ""count"": 17}, ""Jones"": {""start"": ""2015-12-02"", ""end"": ""2024-04-12"", ""count"": 118}, ""Jennifer Jones"": {""start"": ""2018-01-14"", ""end"": ""2018-01-14"", ""count"": 1}, ""MB"": {""start"": ""2018-01-28"", ""end"": ""2018-02-04"", ""count"": 8}, ""Canada"": {""start"": ""2018-03-17"", ""end"": ""2019-05-12"", ""count"": 14}, ""CA (Jones)"": {""start"": ""2019-02-16"", ""end"": ""2019-02-22"", ""count"": 7}, ""WC (Jones)"": {""start"": ""2020-02-15"", ""end"": ""2020-02-23"", ""count"": 9}, ""WC#1"": {""start"": ""2020-02-14"", ""end"": ""2020-02-14"", ""count"": 1}}",Right,,,,,,,78.10%,78.60%,86.80%,85.30%,77.90%,74.70%,79.50%,71.00%,82.70%,81.80%,75.40%,72.40%,93.60%,91.90%,66.30%,59.20%,68.60%,64.40%,83.30%,75.00%,77.50%,65.60%,,,83.00%,94.10%,75.00%,81.60%,81.60%,60.00%,83.80%,89.20%,76.20%,82.90%,92.50%,81.20%,67.90%,45.70%,72.60%,59.70%,,,,50.00%,1.28,0.38,1389,1475,39.4,37.4,24.9,19,20.4,87,22,25.3,184,7,3.8,,,,,,,,,,,,,,,,,,,,,,,84.10%,77.50%,83.20%,80.40%,83.70%,85.30%,82.10%,88.10%,81.10%,77.90%,79.00%,83.40%,63.80%,77.80%,76.90%,81.80%,72.30%,71.30%,78.10%,71.90%,76.90%,74.00%,73.50%,72.60%,80.80%,77.90%,75.00%,77.80%,,,Double CCW,59.2,Guard CW,86.8
Jennifer Wylie,78.70%,78.10%,78.40%,67.50%,230,"{""Second"": {""start"": ""2015-12-02"", ""end"": ""2018-02-03"", ""count"": 8}, ""Lead"": {""start"": ""2015-12-03"", ""end"": ""2015-12-04"", ""count"": 2}}","{""Fleury"": {""start"": ""2015-12-02"", ""end"": ""2015-12-04"", ""count"": 3}, ""NO"": {""start"": ""2018-01-27"", ""end"": ""2018-02-03"", ""count"": 7}}",Right,1984,"Sudbury, ON","Sudbury, ON",Chartered Accountant,,,85.30%,87.00%,87.50%,87.50%,75.00%,75.00%,87.50%,67.90%,78.10%,74.00%,56.20%,68.80%,90.00%,89.10%,62.50%,58.30%,56.20%,87.50%,,0.00%,,,,80.00%,,,,33.30%,,,43.80%,,,,,83.30%,,,,,,0.00%,,,1.05,0.14,60,50,33.3,40,14,18.3,15,6,0,0,4,0,0,,,,,,,,,,,,,,,,,,,,,,,,,,,,,,,78.30%,52.70%,,,,,83.50%,84.00%,,,,,,,,,,,,,,,Wick CCW,0,Guard CW,87.5
Jeremy Harty,80.30%,79.20%,79.70%,69.80%,576,"{""Third"": {""start"": ""2021-10-25"", ""end"": ""2024-10-05"", ""count"": 32}, ""Fourth"": {""start"": ""2021-10-29"", ""end"": ""2021-10-29"", ""count"": 1}}","{""Harty"": {""start"": ""2021-10-25"", ""end"": ""2021-10-29"", ""count"": 5}, ""Sluchinski"": {""start"": ""2022-10-18"", ""end"": ""2024-10-05"", ""count"": 21}, ""AB-S (Sluchinski)"": {""start"": ""2024-03-01"", ""end"": ""2024-03-07"", ""count"": 6}}",Right,1995,"Nanton, AB","Calgary, AB",Student,,,77.80%,81.20%,97.20%,81.90%,76.20%,82.40%,75.00%,60.20%,87.10%,83.00%,69.40%,75.60%,94.60%,91.70%,84.10%,69.60%,72.10%,80.60%,,,,,75.00%,66.70%,,59.40%,54.20%,68.80%,50.00%,62.50%,87.50%,72.20%,,75.00%,,,50.00%,,50.00%,75.00%,,,,,0.88,0.23,156,126,23.1,27,16.7,26.9,-3.8,25,5,20,7,1,14.3,,,,,,,,,,,,,,,,,,,,,,,,,,,,,,,,,,,,,,,,,,,68.50%,73.60%,75.00%,85.70%,77.90%,77.20%,85.50%,84.40%,,,Freeze CCW,60.2,Guard CW,97.2
Jessica Humphries,70.70%,76.50%,73.90%,72.50%,583,"{""Second"": {""start"": ""2016-01-23"", ""end"": ""2019-01-27"", ""count"": 16}, ""Third"": {""start"": ""2018-03-24"", ""end"": ""2018-03-28"", ""count"": 5}}","{""ON"": {""start"": ""2016-01-23"", ""end"": ""2016-01-29"", ""count"": 7}, ""BRO"": {""start"": ""2018-03-24"", ""end"": ""2018-03-28"", ""count"": 5}, ""BC"": {""start"": ""2019-01-19"", ""end"": ""2019-01-27"", ""count"": 9}}",Right,1998,,"Bobcaygeon, ON",,,,88.90%,76.80%,79.20%,88.00%,64.30%,72.80%,75.00%,75.00%,68.50%,79.30%,73.90%,76.60%,82.60%,84.50%,62.50%,50.00%,66.70%,65.40%,,,,,90.00%,70.00%,66.70%,87.50%,90.00%,75.00%,,,,71.90%,0.00%,62.50%,82.70%,94.40%,,,50.00%,75.00%,,,,,1.33,0.57,137,144,40.9,33.3,31.9,25.5,15.4,12,4,33.3,18,0,0,,,,,,,,,,,,,,,,,,,,,,,,,,,,,,,,,65.00%,75.30%,,,79.00%,69.80%,74.80%,77.20%,,,,,,,,,,,,,Double CCW,50,Guard CCW,88
Jessica Leonard,81.40%,75.40%,79.00%,62.60%,320,"{""Lead"": {""start"": ""2017-04-18"", ""end"": ""2020-01-23"", ""count"": 11}}","{""NO (Brunton)"": {""start"": ""2017-04-18"", ""end"": ""2017-04-22"", ""count"": 5}, ""NO"": {""start"": ""2020-01-18"", ""end"": ""2020-01-23"", ""count"": 6}}",Right,,,,,,,90.00%,89.80%,72.20%,75.00%,77.90%,74.20%,75.00%,0.00%,78.60%,79.50%,93.80%,58.30%,75.00%,50.00%,50.00%,,,,25.00%,0.00%,,,87.50%,81.20%,12.50%,,91.70%,53.60%,,,,25.00%,,,,0.00%,,,,,25.00%,0.00%,,,1.13,0.48,76,75,32.9,32,36,22.4,10.5,7,2,28.6,10,0,0,,,,,,,,,,,,,,,,,,,,,,,,,,,,,,,,,,,72.90%,68.10%,,,,,86.70%,83.20%,,,,,,,,,,,Freeze CCW,0,Hit-roll CW,93.8
Jessica Mair,82.20%,83.20%,82.70%,85.40%,500,"{""Second"": {""start"": ""2012-02-18"", ""end"": ""2013-02-24"", ""count"": 16}}","{""AB (Nedohin)"": {""start"": ""2012-02-18"", ""end"": ""2012-02-26"", ""count"": 8}, ""CA (Nedohin)"": {""start"": ""2013-02-16"", ""end"": ""2013-02-24"", ""count"": 8}}",Right,1984,"Edmonton, AB","Edmonton, AB",Teacher,,Grant MacEwan Coll. & U of A,91.70%,,93.80%,80.00%,78.10%,75.00%,90.00%,89.30%,85.30%,86.00%,68.50%,73.00%,87.80%,91.00%,70.80%,85.20%,72.20%,85.00%,,,,,75.00%,,,75.00%,,75.00%,,,87.50%,,50.00%,,85.30%,82.70%,,75.00%,75.00%,,,,,,1.32,0.24,114,131,42.1,42.7,18.3,20.2,21.9,6,3,50,14,2,14.3,,,,,,,,,,,,,,,,,,,,,,,,,76.70%,85.50%,84.20%,81.80%,,,,,,,,,,,,,,,,,,,,,,,,,Hit-roll CW,68.5,Guard CW,93.8
Jessie Haughian,80.60%,83.30%,81.90%,80.50%,1358,"{""Second"": {""start"": ""2017-12-02"", ""end"": ""2023-02-23"", ""count"": 53}, ""Third"": {""start"": ""2023-10-18"", ""end"": ""2023-10-20"", ""count"": 3}}","{""Scheidegger"": {""start"": ""2017-12-02"", ""end"": ""2021-11-27"", ""count"": 22}, ""AB"": {""start"": ""2018-01-27"", ""end"": ""2018-02-02"", ""count"": 7}, ""WC (Scheidegger)"": {""start"": ""2019-02-16"", ""end"": ""2019-02-22"", ""count"": 7}, ""Scheidegge"": {""start"": ""2022-09-22"", ""end"": ""2023-01-12"", ""count"": 11}, ""Hunkin"": {""start"": ""2023-10-18"", ""end"": ""2023-10-20"", ""count"": 3}, ""WC2 (Scheidegger)"": {""start"": ""2023-02-18"", ""end"": ""2023-02-23"", ""count"": 6}}",Right,1991,"Lethbridge, AB","Lethbridge, AB","Chiropractic Assistant , Southview Chiropractic",,University of Lethbridge,87.50%,85.30%,85.40%,84.90%,75.60%,78.90%,84.70%,78.10%,81.20%,83.30%,76.00%,79.30%,91.20%,92.90%,65.60%,84.20%,74.20%,62.00%,,,,,,87.50%,87.50%,81.20%,90.90%,72.50%,87.50%,75.00%,,82.10%,62.50%,87.50%,95.60%,95.80%,62.50%,66.70%,60.00%,55.00%,,,,,1.09,0.31,331,331,30.2,34.7,23,21.5,8.7,32,5,15.6,28,3,10.7,,,,,,,,,,,,,,,,,,,,,,,,,,,,,,,,,,,83.30%,79.20%,78.00%,88.10%,80.60%,84.60%,,,84.80%,82.70%,78.90%,75.60%,78.30%,79.60%,,,,,Raise CCW,62,Guard CW,85.4
Jessie Hunkin,75.40%,77.80%,76.60%,67.90%,667,"{""Second"": {""start"": ""2019-02-16"", ""end"": ""2020-02-21"", ""count"": 19}, ""Fourth"": {""start"": ""2022-10-18"", ""end"": ""2023-10-20"", ""count"": 6}}","{""Silvernagle"": {""start"": ""2019-11-27"", ""end"": ""2019-11-29"", ""count"": 3}, ""SK (Silvernagle)"": {""start"": ""2019-02-16"", ""end"": ""2020-02-21"", ""count"": 16}, ""Hunkin"": {""start"": ""2022-10-18"", ""end"": ""2023-10-20"", ""count"": 6}}",Right,1988,"Edmonton, AB","Edmonton, AB",,,,83.80%,64.30%,79.00%,92.40%,70.80%,75.00%,52.50%,71.20%,80.10%,78.50%,73.80%,67.80%,81.90%,91.70%,68.30%,69.20%,72.50%,75.00%,,,,,80.60%,50.00%,83.30%,50.00%,64.30%,93.80%,25.00%,25.00%,86.10%,75.00%,,50.00%,65.00%,86.10%,58.30%,62.50%,,,,,,,1.01,0.29,171,155,30.4,30.3,20.6,21.6,8.8,15,2,13.3,17,2,11.8,,,,,,,,,,,,,,,,,,,,,,,,,,,,,,,,,,,,,,,74.70%,78.10%,77.60%,77.20%,,,55.00%,75.00%,86.80%,75.00%,,,,,Freeze CW,52.5,Guard CCW,92.4
Jestyn Murphy,71.60%,70.10%,70.90%,57.70%,294,"{""Fourth"": {""start"": ""2016-03-20"", ""end"": ""2021-10-29"", ""count"": 9}, ""Second"": {""start"": ""2017-11-10"", ""end"": ""2017-11-10"", ""count"": 1}}","{""GUE"": {""start"": ""2016-03-20"", ""end"": ""2016-03-23"", ""count"": 4}, ""Harrison"": {""start"": ""2017-11-10"", ""end"": ""2017-11-10"", ""count"": 1}, ""Murphy"": {""start"": ""2021-10-25"", ""end"": ""2021-10-29"", ""count"": 5}}",Right,1996,,,,,,95.80%,,68.30%,88.90%,67.80%,54.90%,82.10%,,72.00%,80.60%,85.00%,66.70%,85.70%,97.20%,43.80%,68.80%,60.00%,64.30%,,,,,91.70%,,50.00%,,58.30%,50.00%,0.00%,,78.60%,87.50%,,50.00%,0.00%,91.70%,,,0.00%,50.00%,,,,,0.94,0.47,68,76,27.9,26.3,31.6,23.5,4.4,9,5,55.6,5,1,20,,,,,,,,,,,,,,,,,,,,,,,,,,,,,,,,,62.80%,79.60%,95.80%,,,,,,,,70.20%,66.50%,,,,,,,,,Double CW,43.8,Guard CCW,88.9
Jill Brothers,76.50%,71.80%,74.20%,73.70%,786,"{""Fourth"": {""start"": ""2016-02-21"", ""end"": ""2021-10-29"", ""count"": 20}, ""Third"": {""start"": ""2024-10-01"", ""end"": ""2024-11-30"", ""count"": 11}}","{""NS (Brothers)"": {""start"": ""2016-02-21"", ""end"": ""2021-02-24"", ""count"": 16}, ""Brothers"": {""start"": ""2021-10-26"", ""end"": ""2021-10-29"", ""count"": 4}, ""Black"": {""start"": ""2024-10-01"", ""end"": ""2024-11-30"", ""count"": 11}}",Right,1983,"Liverpool, NS","Bedford, NS","Sales & Marketing Representatvie, Petite Rivieres Vineyards",,,75.00%,,92.00%,83.30%,69.30%,64.30%,72.10%,79.20%,81.00%,74.40%,70.20%,65.10%,84.50%,84.40%,88.30%,69.20%,62.50%,71.90%,,,,81.20%,,,,91.70%,79.20%,47.90%,43.80%,83.30%,78.60%,36.40%,87.50%,58.30%,65.00%,,75.00%,33.30%,,,,,,,1.06,0.31,192,186,28.6,37.6,22,25,3.6,17,2,11.8,20,2,10,,,,,,,,,,,,,,,,,,,,,,,,,,,,,,,,,68.40%,81.40%,,,,,66.30%,71.60%,,,67.40%,67.00%,,,,,83.80%,82.60%,,,Raise CW,62.5,Guard CW,92
Jill Officer,82.30%,85.00%,83.60%,81.50%,2508,"{""Second"": {""start"": ""2011-02-19"", ""end"": ""2019-03-22"", ""count"": 89}, ""Lead"": {""start"": ""2019-02-19"", ""end"": ""2019-05-12"", ""count"": 6}}","{""CAN (Jones)"": {""start"": ""2011-02-19"", ""end"": ""2016-02-28"", ""count"": 17}, ""MB (Jones)"": {""start"": ""2012-02-18"", ""end"": ""2013-02-24"", ""count"": 18}, ""CAN"": {""start"": ""2014-02-10"", ""end"": ""2015-03-22"", ""count"": 17}, ""Jones"": {""start"": ""2015-12-02"", ""end"": ""2017-12-09"", ""count"": 16}, ""Homan"": {""start"": ""2017-08-26"", ""end"": ""2017-08-26"", ""count"": 1}, ""Jennifer Jones"": {""start"": ""2018-01-14"", ""end"": ""2018-01-14"", ""count"": 1}, ""MB"": {""start"": ""2018-01-28"", ""end"": ""2018-02-04"", ""count"": 8}, ""Canada"": {""start"": ""2018-03-17"", ""end"": ""2019-05-12"", ""count"": 15}, ""CA (Jones)"": {""start"": ""2019-02-19"", ""end"": ""2019-02-20"", ""count"": 2}}",Right,1975,"Winnipeg, MB","Winnipeg, MB","RBC Olympian, RBC Royal Bank",River East Collegiate,Red River College,91.90%,89.10%,85.30%,86.20%,81.30%,77.10%,75.50%,80.80%,80.10%,88.20%,78.50%,77.80%,89.30%,93.30%,72.70%,78.80%,66.70%,70.60%,83.30%,25.00%,66.70%,55.30%,86.40%,96.90%,75.00%,,75.90%,75.00%,,,89.30%,95.00%,,87.50%,92.80%,93.80%,75.00%,71.40%,66.70%,75.00%,,0.00%,75.00%,,1.32,0.39,589,622,41.8,40.8,25.9,16.1,25.7,28,8,28.6,94,5,5.3,,,,,,,,,,,,,,,,,,,,,,,79.10%,82.40%,83.20%,82.50%,82.70%,84.40%,73.60%,84.30%,81.10%,81.60%,81.50%,88.20%,83.60%,77.20%,84.90%,87.00%,82.40%,84.60%,,,,,,,,,,,,,Wick CCW,25,Take-out CCW,88.2
Jill Shumay,71.50%,71.30%,71.40%,65.10%,195,"{""Fourth"": {""start"": ""2013-02-16"", ""end"": ""2013-02-22"", ""count"": 7}}","{""SK (Shumay)"": {""start"": ""2013-02-16"", ""end"": ""2013-02-22"", ""count"": 7}}",Right,1975,"Maidstone, SK","Saskatoon, SK","Account Receivable Administrator, Saskatoon Media Group",Maidstone Composite High School,Lakeland College / Saskatoon Business College,87.50%,,58.30%,82.70%,74.20%,68.90%,66.70%,37.50%,75.00%,73.10%,80.00%,64.30%,,91.70%,46.40%,65.60%,57.10%,70.80%,,,,,,,75.00%,,93.80%,50.00%,,,,85.00%,,50.00%,,,0.00%,75.00%,62.50%,25.00%,,,,,1.06,0.43,47,49,23.4,32.7,28.6,25.5,-2.1,7,3,42.9,3,0,0,,,,,,,,,,,,,,,,,,,,,,,,,,,71.50%,71.30%,,,,,,,,,,,,,,,,,,,,,,,,,Freeze CCW,37.5,Guard CCW,82.7
Jillian Babin,76.90%,76.40%,76.70%,77.40%,922,"{""Second"": {""start"": ""2011-02-19"", ""end"": ""2022-02-06"", ""count"": 27}, ""Third"": {""start"": ""2019-02-16"", ""end"": ""2019-02-20"", ""count"": 5}}","{""NB(Kelly)"": {""start"": ""2011-02-19"", ""end"": ""2011-02-24"", ""count"": 6}, ""NB (Atkinson)"": {""start"": ""2012-02-18"", ""end"": ""2012-02-23"", ""count"": 6}, ""NB (Crawford)"": {""start"": ""2019-02-16"", ""end"": ""2022-02-06"", ""count"": 20}}",Right,,,,,,,83.70%,93.20%,85.20%,84.20%,67.20%,73.30%,69.60%,62.00%,80.70%,84.10%,76.10%,59.40%,88.60%,87.50%,66.40%,73.30%,75.00%,63.10%,,,,,92.90%,83.30%,95.00%,,70.00%,77.30%,87.50%,66.70%,90.00%,87.50%,,25.00%,86.10%,94.10%,50.00%,87.50%,25.00%,75.00%,,,,,1.07,0.3,231,220,28.6,36.4,21.4,21.2,7.4,21,6,28.6,17,1,5.9,,,,,,,,,,,,,,,,,,,,,,,70.80%,75.90%,75.40%,80.10%,,,,,,,,,,,,,73.00%,78.20%,71.30%,84.70%,,,74.50%,77.80%,,,,,,,Hit-roll CCW,59.4,Guard CW,85.2
Jim Cotter,80.60%,78.00%,79.30%,81.00%,1841,"{""Fourth"": {""start"": ""2008-03-08"", ""end"": ""2021-03-11"", ""count"": 56}, ""Third"": {""start"": ""2017-11-10"", ""end"": ""2017-12-06"", ""count"": 8}}","{""B.C. (Ursel)"": {""start"": ""2008-03-08"", ""end"": ""2008-03-14"", ""count"": 7}, ""B.C. (Cotter)"": {""start"": ""2011-03-05"", ""end"": ""2011-03-10"", ""count"": 6}, ""BC (Cotter)"": {""start"": ""2012-03-03"", ""end"": ""2020-03-04"", ""count"": 18}, ""BC (Morris)"": {""start"": ""2017-03-04"", ""end"": ""2017-03-09"", ""count"": 6}, ""Morris"": {""start"": ""2017-11-06"", ""end"": ""2017-12-08"", ""count"": 14}, ""BC"": {""start"": ""2019-03-02"", ""end"": ""2019-03-08"", ""count"": 7}, ""BC (Laycock)"": {""start"": ""2021-03-06"", ""end"": ""2021-03-11"", ""count"": 6}}",Right,1974,"Kamloops, BC","Vernon, BC","Health Care Computer Programmer/Analyst, Iatric Systems",Norkam Sr. Secorndary,Thompson Cariboo Univ. (TRU),92.90%,,94.40%,87.20%,76.10%,79.10%,79.20%,75.40%,84.80%,80.70%,76.90%,75.50%,98.70%,91.80%,67.90%,61.70%,71.70%,60.60%,,,,,,,95.80%,96.40%,72.70%,74.10%,90.60%,62.50%,78.00%,84.50%,87.50%,75.00%,,85.70%,65.00%,35.00%,75.00%,,,,,,1.01,0.21,458,453,28.2,40.2,16.6,19.9,8.3,34,6,17.6,34,4,11.8,,,,,,,,,,,,,,,,,76.60%,80.20%,,,,,75.30%,78.30%,80.10%,74.20%,,,,,,,75.00%,81.90%,84.40%,83.30%,,,82.00%,75.90%,76.00%,71.80%,74.60%,78.20%,,,,,,,,,Raise CCW,60.6,Guard CW,94.4
Jinaye Yanota,80.40%,71.60%,78.40%,72.80%,193,"{""Lead"": {""start"": ""2013-02-16"", ""end"": ""2013-02-22"", ""count"": 7}}","{""SK (Shumay)"": {""start"": ""2013-02-16"", ""end"": ""2013-02-22"", ""count"": 7}}",Right,1991,"Macklin, SK","Lloydminster, SK","Geomatics Technician, McElhanney Land Surveys",Macklin,Lethbridge College,90.00%,87.50%,66.70%,,75.00%,72.20%,50.00%,45.00%,75.00%,62.50%,62.50%,65.00%,,,,75.00%,,50.00%,37.50%,,,,90.60%,,25.00%,,75.00%,,,25.00%,,,,,,,,75.00%,,,37.50%,,,,1.04,0.44,46,48,21.7,33.3,29.2,26.1,-4.4,7,3,42.9,3,0,0,,,,,,,,,,,,,,,,,,,,,,,,,,,80.60%,67.20%,,,,,,,,,,,,,,,,,,,,,,,,,Wick CW,37.5,Draw CW,75
Jindrich Kitzberger,81.70%,81.20%,81.40%,72.90%,519,"{""Lead"": {""start"": ""2014-03-29"", ""end"": ""2017-12-10"", ""count"": 18}}","{""CZE"": {""start"": ""2014-03-29"", ""end"": ""2014-11-27"", ""count"": 12}, ""Czech Republic"": {""start"": ""2017-12-05"", ""end"": ""2017-12-10"", ""count"": 6}}",Right,1981,,,,,,92.60%,89.10%,66.70%,79.50%,76.70%,82.20%,,50.00%,88.00%,81.60%,75.00%,72.90%,,,,50.00%,50.00%,81.20%,60.00%,21.20%,87.50%,50.00%,91.70%,86.20%,,,66.70%,83.30%,,,,,,75.00%,,,,,,,60.00%,20.50%,,,0.98,0.16,133,122,30.1,35.2,13.1,18,12.1,10,2,20,6,1,16.7,,,,,,,,,,,,,,,,,,,,,,,,,,,,,81.60%,73.50%,,,,,88.40%,67.90%,,,,,,,,,,,,,,,,,Wick CCW,21.2,Take-out CW,88
Jiri Candra,81.60%,75.80%,77.10%,57.70%,343,"{""Lead"": {""start"": ""2021-11-20"", ""end"": ""2022-04-08"", ""count"": 14}}","{""Czech Republic"": {""start"": ""2021-11-20"", ""end"": ""2022-04-08"", ""count"": 14}}",Right,,,,,,,88.20%,80.80%,83.30%,62.50%,80.80%,77.80%,,,77.30%,59.60%,75.00%,62.50%,,,,,68.80%,,,33.30%,,,66.70%,57.70%,,,93.80%,93.80%,,,,25.00%,,50.00%,,,,,,,,16.70%,,,1.13,0.23,87,81,29.9,40.7,18.5,19.5,10.4,7,1,14.3,9,2,22.2,,,,,,,,,,,,,,,,,,,,,,,,,,,,,,,,,,,,,,,,,,,78.10%,56.60%,81.50%,86.40%,,,,,,,Wick CCW,33.3,Guard CW,83.3
Jiri Snitil,77.40%,78.20%,77.80%,80.80%,546,"{""Fourth"": {""start"": ""2014-03-29"", ""end"": ""2017-12-10"", ""count"": 18}}","{""CZE"": {""start"": ""2014-03-29"", ""end"": ""2014-11-27"", ""count"": 12}, ""Czech Republic"": {""start"": ""2017-12-05"", ""end"": ""2017-12-10"", ""count"": 6}}",Right,1975,"Prague, CZE",,,,,,,75.00%,90.00%,74.40%,76.30%,91.70%,93.80%,75.60%,82.60%,80.40%,74.10%,92.50%,95.50%,75.00%,55.30%,80.00%,70.80%,50.00%,0.00%,81.80%,67.50%,,,,50.00%,72.20%,75.00%,,,66.70%,83.30%,83.30%,75.00%,,,75.00%,50.00%,,,,,,,1,0.19,144,129,30.6,34.9,14.7,18.8,11.8,10,2,20,8,1,12.5,,,,,,,,,,,,,,,,,,,,,,,,,,,,,79.00%,78.60%,,,,,73.20%,76.90%,,,,,,,,,,,,,,,,,Wick CCW,0,Freeze CCW,93.8
Jo-ann Rizzo,77.30%,73.60%,75.60%,75.80%,1209,"{""Third"": {""start"": ""2015-12-02"", ""end"": ""2021-02-25"", ""count"": 16}, ""Fourth"": {""start"": ""2020-02-15"", ""end"": ""2024-02-22"", ""count"": 29}}","{""Middaugh"": {""start"": ""2015-12-02"", ""end"": ""2017-11-11"", ""count"": 10}, ""NT (Galusha)"": {""start"": ""2020-02-15"", ""end"": ""2024-02-22"", ""count"": 29}, ""Galusha"": {""start"": ""2021-10-26"", ""end"": ""2022-10-18"", ""count"": 6}}",Right,1963,"Zweibrucken, GER","Brantford, ON",,,,83.30%,82.10%,82.00%,75.80%,71.10%,67.10%,60.30%,64.10%,85.30%,76.80%,70.50%,79.70%,87.50%,90.70%,75.00%,62.10%,66.70%,64.30%,,,,,,,80.60%,89.30%,75.00%,73.80%,,43.80%,81.20%,78.80%,55.00%,95.00%,,,0.00%,66.70%,87.50%,62.50%,,,,,1.14,0.29,296,297,34.1,40.1,21.9,22.6,11.5,28,7,25,22,3,13.6,,,,,,,,,,,,,,,,,,,,,,,,,,,,,,,74.50%,87.40%,,,83.00%,83.50%,,,,,70.20%,78.30%,66.50%,74.50%,65.20%,77.90%,74.60%,80.10%,71.50%,72.40%,,,Freeze CW,60.3,Take-out CW,85.3
Joanne Courtney,85.60%,83.60%,84.70%,82.20%,3226,"{""Second"": {""start"": ""2015-12-02"", ""end"": ""2024-11-09"", ""count"": 77}, ""Lead"": {""start"": ""2021-02-20"", ""end"": ""2022-05-07"", ""count"": 52}}","{""Homan"": {""start"": ""2015-12-02"", ""end"": ""2022-05-07"", ""count"": 62}, ""Jones"": {""start"": ""2017-08-25"", ""end"": ""2017-08-25"", ""count"": 1}, ""ON (Homan)"": {""start"": ""2017-02-18"", ""end"": ""2021-02-28"", ""count"": 36}, ""CAN (Homan)"": {""start"": ""2017-03-18"", ""end"": ""2018-09-16"", ""count"": 18}, ""WC3 (Miskew)"": {""start"": ""2022-01-28"", ""end"": ""2022-02-03"", ""count"": 7}, ""Einarson"": {""start"": ""2024-11-05"", ""end"": ""2024-11-09"", ""count"": 5}}",Right,1989,"Edmonton, AB","Edmonton, AB","Registered Nurse, Alberta Health Services",,University of Alberta,94.10%,93.40%,87.40%,79.70%,81.40%,80.10%,73.90%,71.20%,83.50%,84.90%,80.30%,78.80%,92.10%,92.20%,78.30%,69.80%,75.60%,71.70%,88.90%,62.90%,90.00%,65.60%,93.00%,93.10%,96.90%,84.40%,86.00%,85.30%,66.70%,,94.10%,92.50%,70.00%,62.50%,95.70%,94.10%,,83.30%,50.00%,66.70%,75.00%,72.70%,,,1.22,0.35,761,809,38.5,38.2,24.6,15.9,22.6,40,9,22.5,99,7,7.1,,,,,,,,,,,,,,,,,,,,,,,,,,,,,,,84.90%,86.50%,79.00%,82.80%,80.10%,89.10%,76.20%,84.50%,78.50%,84.30%,79.80%,83.90%,89.30%,75.20%,86.50%,72.40%,,,86.20%,84.50%,,,Wick CCW,62.9,Promotion CW,90
Joanne Freeze,80.70%,78.20%,79.80%,61.60%,337,"{""Lead"": {""start"": ""2015-11-09"", ""end"": ""2016-11-18"", ""count"": 12}}","{""NB (Sullivan)"": {""start"": ""2015-11-09"", ""end"": ""2016-11-18"", ""count"": 12}}",Right,,,,,,,79.60%,94.20%,87.50%,83.30%,81.60%,74.60%,66.70%,83.30%,72.20%,65.60%,62.50%,58.30%,,,,,,25.00%,,,,,84.40%,97.20%,,,85.70%,88.90%,,,50.00%,0.00%,,,,,,,,25.00%,,,,,1.21,0.28,73,90,31.5,30,22.2,20.5,11,8,1,12.5,8,0,0,,,,,,,,,,,,,,,,,,,,,,,,,,,,,,,82.80%,88.90%,78.00%,58.80%,,,,,,,,,,,,,,,,,,,Raise CCW,25,Guard CW,87.5
Jocelyn Peterman,80.70%,82.00%,81.40%,81.80%,4460,"{""Second"": {""start"": ""2016-02-20"", ""end"": ""2025-01-18"", ""count"": 192}, ""Third"": {""start"": ""2024-11-06"", ""end"": ""2024-11-09"", ""count"": 4}}","{""Carey"": {""start"": ""2016-11-30"", ""end"": ""2018-01-26"", ""count"": 12}, ""AB (Carey)"": {""start"": ""2016-02-20"", ""end"": ""2016-02-28"", ""count"": 8}, ""CAN (Carey)"": {""start"": ""2016-03-19"", ""end"": ""2016-03-27"", ""count"": 8}, ""Sweeting"": {""start"": ""2017-08-26"", ""end"": ""2017-08-26"", ""count"": 1}, ""CA (Carey)"": {""start"": ""2017-02-18"", ""end"": ""2017-02-26"", ""count"": 9}, ""Jones"": {""start"": ""2018-12-05"", ""end"": ""2022-05-06"", ""count"": 43}, ""CA (Jones)"": {""start"": ""2019-02-16"", ""end"": ""2019-02-22"", ""count"": 7}, ""WC (Jones)"": {""start"": ""2020-02-15"", ""end"": ""2020-02-23"", ""count"": 9}, ""WC#1"": {""start"": ""2020-02-14"", ""end"": ""2020-02-14"", ""count"": 1}, ""MB (Jones)"": {""start"": ""2021-02-20"", ""end"": ""2021-02-28"", ""count"": 9}, ""Lawes"": {""start"": ""2022-09-22"", ""end"": ""2025-01-18"", ""count"": 68}, ""CAN (Jones)"": {""start"": ""2022-02-10"", ""end"": ""2022-02-17"", ""count"": 7}, ""WC1 (Lawes)"": {""start"": ""2023-02-17"", ""end"": ""2023-02-24"", ""count"": 7}, ""MB (Lawes)"": {""start"": ""2024-02-16"", ""end"": ""2024-02-23"", ""count"": 7}}",Right,1993,,,,,,88.60%,87.00%,90.90%,89.20%,79.00%,77.50%,71.50%,70.90%,77.70%,83.00%,76.30%,77.00%,88.70%,90.90%,78.40%,78.90%,66.60%,79.00%,,,83.30%,57.80%,94.60%,95.60%,95.80%,88.40%,71.60%,72.40%,90.60%,68.80%,83.80%,83.30%,85.00%,86.50%,90.30%,90.90%,90.60%,85.40%,62.50%,75.00%,,,,25.00%,1.14,0.37,1063,1087,33.2,35.1,24,21.3,11.9,75,17,22.7,115,7,6.1,,,,,,,,,,,,,,,,,,,,,,,,,,,,,,,,,76.80%,85.40%,81.10%,84.40%,86.90%,79.10%,82.90%,82.80%,82.40%,78.00%,80.80%,79.60%,78.60%,79.30%,80.80%,80.80%,80.90%,84.20%,86.60%,78.40%,Promotion CCW,57.8,Guard CW,90.9
Jodie Desolla,83.00%,78.60%,81.10%,56.70%,376,"{""Lead"": {""start"": ""2011-02-21"", ""end"": ""2013-02-22"", ""count"": 14}}","{""NB(Kelly)"": {""start"": ""2011-02-21"", ""end"": ""2011-02-21"", ""count"": 1}, ""NB (Atkinson)"": {""start"": ""2012-02-18"", ""end"": ""2012-02-23"", ""count"": 6}, ""NB (Crawford)"": {""start"": ""2013-02-16"", ""end"": ""2013-02-22"", ""count"": 7}}",Right,1982,"Montreal, QC","Fredricton, NB","Social Worker, Department of Social Development, Province of New Brunswick",,,90.40%,91.70%,80.00%,70.50%,81.20%,76.50%,80.00%,50.00%,84.80%,73.70%,45.00%,70.50%,,,,25.00%,75.00%,70.00%,,50.00%,,,77.30%,,,0.00%,81.20%,50.00%,25.00%,,83.30%,,,,,,,,,0.00%,,50.00%,,,1.24,0.22,94,92,39.4,39.1,17.4,21.3,18.1,10,2,20,8,0,0,,,,,,,,,,,,,,,,,,,,,,,75.00%,,84.30%,68.60%,81.80%,79.20%,,,,,,,,,,,,,,,,,,,,,,,,,Double CCW,25,Take-out CW,84.8
Jody Smallwood,73.70%,69.30%,72.20%,72.00%,550,"{""Lead"": {""start"": ""2014-11-10"", ""end"": ""2018-02-02"", ""count"": 16}, ""Third"": {""start"": ""2016-11-13"", ""end"": ""2016-11-18"", ""count"": 6}}","{""YT (Smallwood)"": {""start"": ""2014-11-10"", ""end"": ""2016-11-18"", ""count"": 16}, ""YT"": {""start"": ""2018-01-27"", ""end"": ""2018-02-02"", ""count"": 6}}",Right,,,,,,,85.20%,81.00%,80.40%,93.80%,71.50%,61.80%,65.50%,55.60%,70.50%,68.10%,65.00%,68.80%,20.00%,,,0.00%,75.00%,46.40%,37.50%,,,,91.20%,90.00%,83.30%,,72.10%,41.70%,,,87.50%,58.30%,75.00%,,0.00%,,,,62.50%,,75.00%,,,,1.17,0.36,139,121,29.5,31.4,23.1,30.9,-1.4,22,4,18.2,14,1,7.1,,,,,,,,,,,,,,,,,,,,,,,,,,,,,78.90%,70.00%,78.70%,81.80%,58.50%,60.00%,,,74.10%,63.80%,,,,,,,,,,,,,,,Double CCW,0,Guard CCW,93.8
Joe Frans,83.80%,86.00%,85.20%,91.30%,256,"{""Third"": {""start"": ""2002-03-09"", ""end"": ""2002-03-17"", ""count"": 9}}","{""ON (Morris)"": {""start"": ""2002-03-09"", ""end"": ""2002-03-17"", ""count"": 9}}",Right,1975,"Grimsby, ON","Erin, ON",,,,,,80.40%,95.00%,79.40%,79.50%,72.20%,66.70%,89.20%,95.30%,71.90%,82.90%,86.40%,90.50%,,62.50%,,93.80%,,,,,,,85.00%,,91.70%,87.50%,,75.00%,,,,,,90.90%,,,,,,,,,1.27,0.23,64,62,40.6,40.3,16.1,17.2,23.4,4,0,0,8,1,12.5,,,,,80.60%,88.10%,,,,,,,,,,,,,,,,,,,,,,,,,,,,,,,,,,,,,,,,,,,,,,,Double CCW,62.5,Take-out CCW,95.3
Joe Polo,82.80%,84.00%,83.40%,78.70%,636,"{""Second"": {""start"": ""2006-02-22"", ""end"": ""2017-04-06"", ""count"": 10}, ""Lead"": {""start"": ""2017-04-05"", ""end"": ""2017-04-05"", ""count"": 1}, ""Third"": {""start"": ""2022-04-02"", ""end"": ""2022-05-06"", ""count"": 13}}","{""USA (Fenson)"": {""start"": ""2006-02-22"", ""end"": ""2006-02-24"", ""count"": 2}, ""USA"": {""start"": ""2014-03-29"", ""end"": ""2014-04-03"", ""count"": 6}, ""United States"": {""start"": ""2017-04-05"", ""end"": ""2022-04-10"", ""count"": 11}, ""Dropkin"": {""start"": ""2022-05-03"", ""end"": ""2022-05-06"", ""count"": 4}}",Right,1983,"Cass Lake, MN","Duluth, MN",,,University of North Dakota - Grand Forks,97.70%,,80.00%,91.70%,79.90%,80.50%,81.20%,80.00%,84.90%,80.70%,75.00%,81.40%,90.40%,93.00%,78.50%,76.00%,73.20%,75.00%,,50.00%,58.30%,72.20%,95.00%,,87.50%,,81.20%,45.00%,,,,,0.00%,91.70%,93.80%,94.10%,83.30%,,,83.30%,,25.00%,,,1.06,0.27,150,157,31.3,35,20.4,19.3,12,14,3,21.4,15,2,13.3,,,,,,,,,,,,,80.40%,91.70%,,,,,,,,,,,,,,,88.00%,83.20%,,,,,83.30%,75.00%,,,,,,,,,83.10%,81.70%,,,,,,,Wick CCW,50,Guard CCW,91.7
Joe Scharf,76.00%,74.10%,75.00%,81.60%,204,"{""Second"": {""start"": ""2001-03-03"", ""end"": ""2001-03-08"", ""count"": 6}, ""Lead"": {""start"": ""2012-03-05"", ""end"": ""2012-03-05"", ""count"": 1}}","{""N.Ont (Hackner)"": {""start"": ""2001-03-03"", ""end"": ""2001-03-08"", ""count"": 6}, ""N. Ont (Jacobs)"": {""start"": ""2012-03-05"", ""end"": ""2012-03-05"", ""count"": 1}}",Right,,,,,,,95.80%,85.70%,88.20%,,64.60%,53.10%,62.50%,66.70%,83.30%,80.20%,70.50%,75.00%,95.80%,78.80%,63.60%,60.00%,53.60%,78.60%,,,,,,,,,,40.00%,,,,,,62.50%,87.50%,81.20%,,,,,,,,,0.92,0.23,50,48,22,39.6,18.8,26,-4,6,0,0,5,1,20,,,71.30%,76.10%,,,,,,,,,,,,,,,,,,,,,91.70%,,,,,,,,,,,,,,,,,,,,,,,,,,,,Draw CCW,53.1,Guard CW,88.2
Joel Jordison,72.90%,70.50%,71.80%,91.90%,200,"{""Fourth"": {""start"": ""2009-03-07"", ""end"": ""2009-03-12"", ""count"": 6}}","{""SASK (Jordison)"": {""start"": ""2009-03-07"", ""end"": ""2009-03-12"", ""count"": 6}}",Right,1978,"Moose Jaw, SK","Moose Jaw, SK","Operator, Saskferco",,,,,75.00%,,76.40%,72.10%,54.20%,71.90%,74.20%,84.30%,72.70%,53.10%,,,43.80%,35.00%,75.00%,40.60%,,,,,,,,,89.30%,62.50%,,75.00%,,,,,,,,,,,,,,,0.98,0.25,46,52,19.6,34.6,17.3,21.7,-2.1,7,0,0,1,0,0,,,,,,,,,,,,,,,,,,,73.70%,70.00%,,,,,,,,,,,,,,,,,,,,,,,,,,,,,,,,,Double CCW,35,Take-out CCW,84.3
Joel Matthews,86.10%,80.10%,83.30%,72.60%,315,"{""Second"": {""start"": ""2023-03-15"", ""end"": ""2024-03-16"", ""count"": 10}}","{""Jones (Moh)"": {""start"": ""2023-03-15"", ""end"": ""2023-03-19"", ""count"": 5}, ""MOH - M"": {""start"": ""2024-03-12"", ""end"": ""2024-03-16"", ""count"": 5}}",Right,,,,,,,89.30%,79.20%,91.10%,82.90%,82.90%,73.80%,82.50%,,95.70%,86.20%,72.60%,73.30%,84.50%,80.60%,83.30%,,,,,,,,,50.00%,,41.70%,,87.50%,0.00%,,,80.00%,58.30%,,80.60%,,,,,,,,,,1.58,0.54,64,94,48.4,34,37.2,18.8,29.6,4,3,75,14,1,7.1,,,,,,,,,,,,,,,,,,,,,,,,,,,,,,,,,,,,,,,,,,,,,,,77.90%,81.10%,84.20%,88.80%,,,Hit-roll CW,72.6,Take-out CW,95.7
Joel Retornaz,80.50%,81.10%,80.80%,82.10%,5479,"{""Third"": {""start"": ""2014-11-22"", ""end"": ""2018-04-06"", ""count"": 39}, ""Fourth"": {""start"": ""2016-11-19"", ""end"": ""2025-04-11"", ""count"": 189}}","{""ITA"": {""start"": ""2014-11-22"", ""end"": ""2014-11-28"", ""count"": 7}, ""Italy"": {""start"": ""2016-11-19"", ""end"": ""2022-11-25"", ""count"": 77}, ""ITA (Retornaz)"": {""start"": ""2018-02-14"", ""end"": ""2025-04-04"", ""count"": 60}, ""Retornaz"": {""start"": ""2022-04-12"", ""end"": ""2025-04-11"", ""count"": 84}}",Right,1983,,,,,,95.20%,94.40%,92.50%,92.20%,80.40%,80.80%,76.80%,81.00%,85.20%,86.70%,76.50%,80.20%,93.00%,94.20%,73.80%,68.10%,75.30%,75.60%,81.20%,96.40%,60.10%,58.00%,97.50%,90.00%,93.20%,95.30%,85.20%,79.20%,58.90%,61.50%,86.80%,88.50%,85.90%,82.60%,90.00%,98.10%,76.60%,75.00%,77.90%,92.00%,,,58.80%,70.00%,1.19,0.28,1350,1361,36.5,35.9,20.6,16.3,20.2,107,20,18.7,135,2,1.5,,,,,,,,,,,,,,,,,,,,,,,,,,,,,81.90%,78.30%,,,70.00%,73.90%,79.90%,76.70%,80.40%,76.90%,81.60%,78.10%,,,85.50%,80.60%,84.60%,79.30%,87.30%,83.70%,80.40%,80.70%,82.70%,78.50%,Promotion CCW,58,Wick CCW,96.4
Joey Hart,87.60%,86.80%,87.20%,89.80%,687,"{""Second"": {""start"": ""2017-01-22"", ""end"": ""2022-10-21"", ""count"": 19}, ""Lead"": {""start"": ""2023-03-03"", ""end"": ""2023-03-11"", ""count"": 9}}","{""ON (Hall)"": {""start"": ""2017-01-22"", ""end"": ""2017-01-29"", ""count"": 8}, ""ON"": {""start"": ""2018-01-13"", ""end"": ""2018-01-19"", ""count"": 7}, ""Horgan"": {""start"": ""2022-10-18"", ""end"": ""2022-10-21"", ""count"": 4}, ""ON (McEwen)"": {""start"": ""2023-03-03"", ""end"": ""2023-03-11"", ""count"": 9}}",Right,,,,,,,94.60%,92.90%,91.30%,88.80%,81.90%,83.80%,92.30%,77.30%,84.50%,92.90%,85.50%,85.00%,94.00%,91.70%,80.00%,76.30%,62.50%,75.00%,0.00%,0.00%,,,,,85.70%,75.00%,88.90%,96.40%,87.50%,,,81.20%,,75.00%,96.90%,,,,50.00%,,,,,,1.12,0.43,169,159,35.5,32.1,23.9,23.7,11.8,15,2,13.3,19,1,5.3,,,,,,,,,,,,,,,,,,,,,,,,,,,,,,,,,,,76.90%,88.60%,89.80%,89.00%,,,,,,,84.00%,78.70%,90.00%,79.50%,,,,,Wick CW,0,Take-out CCW,92.9
Johanna Heldin,78.30%,80.10%,79.30%,69.50%,688,"{""Second"": {""start"": ""2015-03-01"", ""end"": ""2024-10-04"", ""count"": 17}, ""Lead"": {""start"": ""2015-03-02"", ""end"": ""2025-03-21"", ""count"": 18}}","{""SWE"": {""start"": ""2015-03-01"", ""end"": ""2015-03-08"", ""count"": 6}, ""Sweden"": {""start"": ""2018-11-17"", ""end"": ""2022-11-23"", ""count"": 13}, ""Hasselborg"": {""start"": ""2022-10-18"", ""end"": ""2024-10-04"", ""count"": 14}, ""SWE (Hasselborg)"": {""start"": ""2025-03-19"", ""end"": ""2025-03-21"", ""count"": 2}}",Right,,,"Uppsala, SWE",,,,93.50%,90.40%,65.90%,87.50%,79.10%,79.80%,50.00%,69.60%,82.70%,85.90%,70.30%,77.80%,75.60%,84.30%,66.10%,59.60%,67.90%,52.90%,62.50%,50.00%,81.20%,50.00%,,90.60%,87.50%,,77.80%,80.90%,75.00%,55.00%,50.00%,,75.00%,,77.80%,72.70%,,,,25.00%,0.00%,75.00%,,,1.01,0.32,176,160,26.7,40,25,25,1.7,13,2,15.4,20,1,5,,,,,,,,,,,,,,,,,,,,,,,,,,,,,,,81.80%,67.90%,,,,,77.90%,86.60%,,,,,72.50%,81.10%,88.00%,78.30%,79.90%,66.00%,49.10%,83.60%,81.70%,79.20%,Freeze CW,50,Guard CCW,87.5
Johannes Patz,83.10%,78.40%,81.20%,85.30%,438,"{""Lead"": {""start"": ""2013-02-28"", ""end"": ""2023-10-20"", ""count"": 15}, ""Second"": {""start"": ""2015-02-28"", ""end"": ""2015-03-08"", ""count"": 7}}","{""SWE"": {""start"": ""2013-02-28"", ""end"": ""2015-03-08"", ""count"": 16}, ""SWE (Mabergs)"": {""start"": ""2017-01-31"", ""end"": ""2017-02-07"", ""count"": 3}, ""Nyman"": {""start"": ""2023-10-17"", ""end"": ""2023-10-20"", ""count"": 3}}",Right,,,,,,,86.40%,82.30%,76.70%,87.50%,85.60%,76.60%,60.00%,56.20%,89.50%,81.20%,65.00%,79.50%,82.70%,92.90%,70.00%,75.00%,75.00%,57.50%,50.00%,,,43.80%,93.20%,90.00%,,,92.30%,37.50%,,75.00%,,,,,,,,,,,50.00%,,,,1.01,0.27,100,111,33,33.3,19.8,27,6,10,3,30,9,0,0,,,,,,,,,,,,,,,,,,,,,,,,,,,85.70%,75.70%,,,69.90%,79.90%,,,86.80%,85.70%,,,,,,,,,,,76.30%,58.30%,,,,,Promotion CCW,43.8,Take-out CW,89.5
Johannes Scheuerl,90.50%,86.30%,89.50%,88.00%,1156,"{""Second"": {""start"": ""2022-05-21"", ""end"": ""2024-02-21"", ""count"": 11}, ""Lead"": {""start"": ""2024-03-30"", ""end"": ""2025-04-11"", ""count"": 41}}","{""GER (Kapp)"": {""start"": ""2022-05-21"", ""end"": ""2024-02-21"", ""count"": 11}, ""GER (Muskatewitz)"": {""start"": ""2024-03-30"", ""end"": ""2025-04-04"", ""count"": 23}, ""Muskatewitz"": {""start"": ""2024-10-01"", ""end"": ""2025-04-11"", ""count"": 18}}",Right,,,,,,,95.30%,92.10%,93.90%,88.90%,89.30%,80.30%,89.50%,88.50%,92.10%,88.90%,83.30%,89.50%,89.30%,94.00%,70.50%,67.50%,88.10%,94.40%,52.30%,83.30%,67.50%,81.20%,90.50%,,,,88.40%,87.50%,,75.00%,,62.50%,83.30%,,,94.40%,,,93.80%,,57.10%,75.00%,,,1.21,0.29,286,282,35.3,37.6,20.2,18.5,16.8,23,4,17.4,28,1,3.6,,,,,,,,,,,,,,,,,,,,,,,,,,,,,,,,,,,,,,,,,,,,,90.40%,84.80%,67.20%,84.30%,91.30%,86.80%,92.20%,84.20%,Wick CW,52.3,Raise CCW,94.4
John Base,76.90%,86.80%,82.90%,93.80%,202,"{""Third"": {""start"": ""2004-03-06"", ""end"": ""2004-03-11"", ""count"": 6}}","{""ON (Harris)"": {""start"": ""2004-03-06"", ""end"": ""2004-03-11"", ""count"": 6}}",Right,1963,"Oakville, ON",,,,,,75.00%,,82.50%,69.30%,83.00%,81.20%,70.00%,87.50%,89.20%,50.00%,93.20%,62.50%,,62.50%,80.60%,75.00%,85.70%,,,,,,,,,75.00%,87.50%,,,75.00%,,,,,,,,,,,,,,1.33,0.26,46,53,43.5,47.2,20.8,21.7,21.8,2,0,0,6,2,33.3,,,,,,,,,78.50%,85.40%,,,,,,,,,,,,,,,,,,,,,,,,,,,,,,,,,,,,,,,,,,,Hit-roll CW,50,Hit-roll CCW,93.2
John Desrosiers,86.40%,80.40%,83.50%,85.80%,198,"{""Lead"": {""start"": ""2008-03-08"", ""end"": ""2008-03-13"", ""count"": 6}}","{""PEI (Gallant)"": {""start"": ""2008-03-08"", ""end"": ""2008-03-13"", ""count"": 6}}",Right,,,,,,,92.70%,91.10%,82.10%,79.20%,86.40%,79.40%,78.10%,75.00%,79.20%,63.90%,75.00%,0.00%,,,,,50.00%,83.30%,,,,,,95.80%,,,87.50%,81.20%,,,,,,,,,,,50.00%,,,,,,1.04,0.2,50,46,24,39.1,15.2,32,-8,7,0,0,4,1,25,,,,,,,,,,,,,,,,,85.60%,69.20%,,,,,,,,,,,,,,,,,,,,,,,,,,,,,,,,,,,Hit-roll CCW,0,Draw CW,86.4
John Epping,81.30%,78.90%,80.30%,73.30%,2571,"{""Fourth"": {""start"": ""2015-12-02"", ""end"": ""2025-04-12"", ""count"": 116}}","{""Epping"": {""start"": ""2015-12-02"", ""end"": ""2025-04-12"", ""count"": 85}, ""ON"": {""start"": ""2018-03-03"", ""end"": ""2018-03-11"", ""count"": 9}, ""ON (Epping)"": {""start"": ""2020-02-29"", ""end"": ""2021-03-13"", ""count"": 15}, ""NO (Epping)"": {""start"": ""2025-02-28"", ""end"": ""2025-03-06"", ""count"": 7}}",Right,1983,"Peterborough, ON","Toronto, ON","Medical Sales Consultant, Synthes",PCVS,Trent University,,,88.30%,91.70%,81.20%,80.70%,81.60%,73.00%,84.00%,82.40%,77.30%,74.80%,98.50%,96.00%,61.80%,62.90%,77.00%,65.40%,,,71.40%,75.00%,,,80.60%,97.20%,78.60%,85.20%,59.40%,75.00%,79.20%,79.10%,77.50%,66.70%,97.50%,,39.60%,33.30%,75.00%,56.20%,,,50.00%,62.50%,1.16,0.26,627,639,35.6,32.7,16.9,21.5,14.1,67,13,19.4,56,2,3.6,,,,,,,,,,,,,,,,,,,,,,,,,,,,,,,80.10%,81.90%,81.60%,81.20%,82.00%,80.60%,82.80%,85.70%,76.30%,82.20%,78.60%,80.40%,82.20%,74.20%,83.90%,73.90%,86.20%,80.40%,,,80.60%,81.20%,Double CW,61.8,Guard CCW,91.7
John Landsteiner,86.30%,86.80%,86.60%,91.60%,2198,"{""Lead"": {""start"": ""2014-02-10"", ""end"": ""2024-11-07"", ""count"": 92}, ""Second"": {""start"": ""2023-11-07"", ""end"": ""2023-11-07"", ""count"": 1}}","{""USA"": {""start"": ""2014-02-10"", ""end"": ""2014-02-17"", ""count"": 7}, ""United States"": {""start"": ""2016-04-02"", ""end"": ""2021-04-10"", ""count"": 42}, ""USA (Shuster)"": {""start"": ""2018-02-14"", ""end"": ""2024-04-06"", ""count"": 30}, ""Shuster"": {""start"": ""2022-10-18"", ""end"": ""2024-11-07"", ""count"": 13}}",Left,1990,"Mankato, MN","Duluth, MN","Corrosion Engineer, Lake Superior Consulting, LLC",Maple River High School,"University of Minnesota, Duluth",91.50%,93.50%,83.80%,84.00%,85.70%,85.70%,89.10%,90.40%,83.50%,86.50%,81.00%,77.40%,,,77.80%,75.00%,73.50%,58.90%,65.30%,70.50%,75.00%,50.00%,94.70%,94.10%,,,75.00%,86.10%,,,,,,,,,,,,,62.10%,79.30%,,,1.18,0.31,512,560,36.1,34.1,22,20.3,15.8,51,10,19.6,53,1,1.9,,,,,,,,,,,,,,,,,,,,,,,,,,,,,87.00%,78.00%,,,86.20%,70.70%,88.10%,62.50%,89.40%,67.70%,90.00%,85.30%,,,88.80%,79.20%,86.50%,78.10%,89.30%,81.20%,93.80%,71.20%,,,Promotion CCW,50,Freeze CCW,90.4
John Likely,70.80%,67.40%,68.70%,68.30%,331,"{""Fourth"": {""start"": ""2002-03-09"", ""end"": ""2019-03-06"", ""count"": 11}}","{""PEI (Likely)"": {""start"": ""2002-03-09"", ""end"": ""2002-03-14"", ""count"": 6}, ""PE"": {""start"": ""2019-03-02"", ""end"": ""2019-03-06"", ""count"": 5}}",Right,1961,,,,,,,,81.20%,84.40%,67.80%,68.50%,62.50%,58.80%,72.20%,74.10%,68.30%,64.30%,,87.50%,60.00%,33.90%,70.00%,63.30%,,,,,,,,,93.80%,33.30%,41.70%,87.50%,91.70%,25.00%,,,,50.00%,0.00%,33.30%,,,,,,,0.94,0.12,81,82,21,31.7,12.2,27.2,-6.2,10,1,10,1,0,0,,,,,69.60%,70.60%,,,,,,,,,,,,,,,,,,,,,,,,,,,,,,,,,67.30%,65.70%,,,,,,,,,,,,,Double CCW,33.9,Guard CCW,84.4
John Morris,85.20%,86.70%,86.00%,84.80%,3362,"{""Fourth"": {""start"": ""2002-03-09"", ""end"": ""2017-12-06"", ""count"": 17}, ""Third"": {""start"": ""2007-03-03"", ""end"": ""2022-05-08"", ""count"": 73}, ""Second"": {""start"": ""2021-03-05"", ""end"": ""2022-04-16"", ""count"": 43}}","{""ON (Morris)"": {""start"": ""2002-03-09"", ""end"": ""2002-03-17"", ""count"": 9}, ""AB (Martin)"": {""start"": ""2007-03-03"", ""end"": ""2011-03-13"", ""count"": 21}, ""ALTA (Martin)"": {""start"": ""2009-03-07"", ""end"": ""2009-03-15"", ""count"": 8}, ""CAN"": {""start"": ""2010-02-16"", ""end"": ""2010-02-27"", ""count"": 9}, ""Simmons"": {""start"": ""2015-12-02"", ""end"": ""2015-12-05"", ""count"": 4}, ""CAN (Simmons)"": {""start"": ""2016-03-05"", ""end"": ""2016-03-10"", ""count"": 6}, ""BC (Morris)"": {""start"": ""2017-03-04"", ""end"": ""2017-03-09"", ""count"": 6}, ""Morris"": {""start"": ""2017-11-06"", ""end"": ""2017-12-08"", ""count"": 14}, ""ON (Epping)"": {""start"": ""2020-03-07"", ""end"": ""2020-03-07"", ""count"": 1}, ""WC2 (Koe)"": {""start"": ""2021-03-05"", ""end"": ""2021-03-14"", ""count"": 9}, ""Koe"": {""start"": ""2021-04-15"", ""end"": ""2022-05-08"", ""count"": 34}, ""AB (Koe)"": {""start"": ""2022-03-04"", ""end"": ""2022-03-13"", ""count"": 10}}",Right,1979,"Winnipeg, MB","Chestermere, AB","Firefighter, Chestermere Fire and Rescue",,,85.50%,97.60%,94.50%,93.60%,85.90%,85.70%,77.20%,82.00%,85.60%,87.60%,81.20%,82.60%,95.50%,95.20%,77.00%,81.80%,76.20%,79.40%,,,55.00%,71.90%,90.60%,,,90.60%,83.10%,85.10%,71.40%,87.50%,83.70%,86.20%,85.00%,85.00%,98.10%,94.20%,60.00%,81.20%,59.40%,79.20%,,,,75.00%,1.22,0.3,812,827,38.2,39.3,20.2,15.8,22.4,44,13,29.5,101,5,5,,,,,87.10%,81.30%,,,,,,,,,92.50%,84.80%,88.90%,88.70%,83.30%,87.50%,84.50%,83.00%,87.20%,80.20%,,,,,,,88.30%,86.90%,89.30%,89.80%,87.00%,85.00%,,,,,75.00%,91.70%,85.10%,86.80%,86.60%,85.60%,,,,,,,Promotion CW,55,Guard CW,94.5
John Shuster,79.60%,79.00%,79.30%,70.70%,2896,"{""Lead"": {""start"": ""2006-02-22"", ""end"": ""2006-02-24"", ""count"": 2}, ""Fourth"": {""start"": ""2010-02-16"", ""end"": ""2024-11-30"", ""count"": 117}, ""Third"": {""start"": ""2010-02-20"", ""end"": ""2010-02-22"", ""count"": 3}}","{""USA (Fenson)"": {""start"": ""2006-02-22"", ""end"": ""2006-02-24"", ""count"": 2}, ""USA"": {""start"": ""2010-02-16"", ""end"": ""2014-02-17"", ""count"": 13}, ""United States"": {""start"": ""2016-04-02"", ""end"": ""2021-04-10"", ""count"": 42}, ""USA (Shuster)"": {""start"": ""2018-02-14"", ""end"": ""2024-11-01"", ""count"": 38}, ""Shuster"": {""start"": ""2022-10-18"", ""end"": ""2024-11-30"", ""count"": 26}}",Right,1983,"Chisholm, MN","Superior, WI","Public Speaker, Self-Employed",,University of Minnesota - Duluth,50.00%,80.00%,89.80%,80.20%,78.60%,81.20%,63.20%,68.50%,87.90%,86.60%,78.80%,78.80%,91.90%,92.80%,69.60%,71.50%,71.60%,65.60%,62.50%,50.00%,62.50%,58.20%,0.00%,,92.90%,92.50%,78.10%,75.50%,,50.00%,82.60%,91.10%,89.30%,73.10%,97.90%,87.50%,50.00%,71.90%,60.00%,63.30%,,25.00%,61.10%,43.80%,1.14,0.29,702,738,35,34.7,21.4,20.8,14.2,68,12,17.6,67,3,4.5,,,,,,,,,,,,,77.50%,75.00%,,,,,,,71.60%,68.80%,,,,,,,73.90%,75.50%,,,76.80%,82.10%,82.40%,83.10%,79.00%,77.20%,87.80%,78.00%,,,82.40%,79.40%,84.00%,78.10%,75.20%,78.60%,81.40%,81.50%,,,Wick CCW,50,Guard CW,89.8
John Steski,89.80%,84.70%,85.70%,72.70%,206,"{""Lead"": {""start"": ""2003-03-01"", ""end"": ""2003-03-06"", ""count"": 6}}","{""ONT (Cochrane)"": {""start"": ""2003-03-01"", ""end"": ""2003-03-06"", ""count"": 6}}",Right,1969,"Sarnia, ON",,,,,86.80%,94.40%,,91.70%,89.30%,79.20%,,75.00%,,84.60%,,,50.00%,87.50%,,,,71.40%,,0.00%,,,,93.80%,,,87.50%,80.00%,,91.70%,,,,,0.00%,83.30%,,,,,,,,,1.22,0.2,46,54,28.3,37,14.8,19.6,8.7,6,3,50,4,0,0,,,,,,,86.40%,82.70%,,,,,,,,,,,,,,,,,,,,,,,,,,,,,,,,,,,,,,,,,,,,,Wick CCW,0,Guard CCW,91.7
John Willsey,78.00%,78.80%,78.40%,86.10%,465,"{""Fourth"": {""start"": ""2016-03-20"", ""end"": ""2018-03-28"", ""count"": 8}, ""Third"": {""start"": ""2020-03-11"", ""end"": ""2020-03-15"", ""count"": 5}}","{""WAT"": {""start"": ""2016-03-20"", ""end"": ""2018-03-28"", ""count"": 8}, ""Laurier (m)"": {""start"": ""2020-03-11"", ""end"": ""2020-03-15"", ""count"": 5}}",Right,,,,,,,50.00%,,84.60%,77.50%,76.50%,67.30%,59.40%,87.50%,81.70%,85.90%,75.70%,71.70%,98.30%,93.10%,75.00%,67.90%,53.10%,72.20%,,,,,,,,,67.90%,77.80%,,,66.70%,80.00%,75.00%,75.00%,,90.60%,,,,,,,,,0.89,0.42,119,111,22.7,30.6,29.7,22.7,0,7,0,0,12,2,16.7,,,,,,,,,,,,,,,,,,,,,,,,,,,,,,,,,60.80%,78.50%,,,77.50%,81.70%,,,83.10%,82.60%,,,,,,,,,,,Raise CW,53.1,Freeze CCW,87.5
Johnny Frederiksen,78.70%,79.60%,79.20%,78.10%,1302,"{""Fourth"": {""start"": ""2010-02-16"", ""end"": ""2016-11-23"", ""count"": 10}, ""Third"": {""start"": ""2014-02-10"", ""end"": ""2018-02-21"", ""count"": 40}}","{""DEN"": {""start"": ""2010-02-16"", ""end"": ""2014-04-03"", ""count"": 21}, ""Denmark"": {""start"": ""2016-04-02"", ""end"": ""2017-12-10"", ""count"": 20}, ""DEN (Stjerne)"": {""start"": ""2018-02-14"", ""end"": ""2018-02-21"", ""count"": 7}}",Right,1975,"Hvidovre, DEN","Copenhagen, DEN","Finance Consulting, Gothia",,,90.00%,92.90%,77.10%,79.80%,76.40%,80.80%,16.70%,,83.00%,83.50%,78.50%,77.60%,94.60%,92.40%,66.70%,71.70%,63.00%,67.70%,,,63.60%,54.40%,,81.20%,75.00%,75.00%,88.90%,79.30%,,,90.00%,62.50%,65.00%,75.00%,96.40%,,62.50%,75.00%,75.00%,58.30%,,,75.00%,50.00%,1.04,0.2,315,320,29.5,28.4,16.2,17.5,12,34,5,14.7,22,5,22.7,,,,,,,,,,,,,,,,,,,,,72.30%,72.30%,,,,,,,82.00%,78.70%,,,74.60%,81.70%,82.70%,80.00%,86.70%,78.20%,,,,,,,,,,,,,,,Freeze CW,16.7,Take-out CCW,83.5
Johnson Tao,78.90%,75.30%,77.10%,77.50%,571,"{""Fourth"": {""start"": ""2020-01-18"", ""end"": ""2024-03-16"", ""count"": 21}}","{""BC2"": {""start"": ""2020-01-18"", ""end"": ""2020-01-24"", ""count"": 7}, ""AB1 (Tao)"": {""start"": ""2022-04-01"", ""end"": ""2022-04-01"", ""count"": 1}, ""Tao"": {""start"": ""2022-10-18"", ""end"": ""2023-09-27"", ""count"": 2}, ""ALB - M"": {""start"": ""2023-03-15"", ""end"": ""2024-03-16"", ""count"": 9}, ""CAN (Tao)"": {""start"": ""2024-02-17"", ""end"": ""2024-02-19"", ""count"": 2}}",Right,2003,,,,,,0.00%,75.00%,88.50%,83.00%,75.80%,67.30%,88.60%,68.80%,81.80%,82.20%,74.30%,69.00%,93.80%,92.10%,75.00%,60.90%,70.80%,33.30%,,,,,,75.00%,,62.50%,78.10%,62.50%,,50.00%,75.00%,78.60%,91.70%,56.20%,,,,,,,,,,,0.9,0.3,138,148,24.6,30.4,23,26.8,-2.2,13,2,15.4,12,0,0,,,,,,,,,,,,,,,,,,,,,,,,,,,,,,,,,,,,,,,,,73.10%,79.20%,,,58.30%,65.00%,69.20%,75.60%,81.50%,83.00%,,,Raise CCW,33.3,Freeze CW,88.6
Jolene Campbell,78.20%,78.80%,78.50%,75.20%,1061,"{""Lead"": {""start"": ""2011-02-22"", ""end"": ""2022-10-08"", ""count"": 6}, ""Second"": {""start"": ""2012-02-20"", ""end"": ""2023-05-05"", ""count"": 6}, ""Third"": {""start"": ""2014-11-10"", ""end"": ""2022-10-21"", ""count"": 20}, ""Fourth"": {""start"": ""2016-02-20"", ""end"": ""2024-10-04"", ""count"": 19}}","{""SK(Holland)"": {""start"": ""2011-02-22"", ""end"": ""2011-02-22"", ""count"": 1}, ""CAN (Holland)"": {""start"": ""2012-02-20"", ""end"": ""2012-02-22"", ""count"": 2}, ""SK (Kirkpatrick"": {""start"": ""2014-11-10"", ""end"": ""2014-11-15"", ""count"": 6}, ""SK (Campbell)"": {""start"": ""2016-02-20"", ""end"": ""2016-02-25"", ""count"": 6}, ""Carey"": {""start"": ""2022-04-12"", ""end"": ""2022-10-21"", ""count"": 13}, ""WC2 (Carey)"": {""start"": ""2022-01-28"", ""end"": ""2022-02-03"", ""count"": 6}, ""Lawes"": {""start"": ""2023-05-02"", ""end"": ""2023-05-05"", ""count"": 4}, ""Campbell"": {""start"": ""2023-10-17"", ""end"": ""2024-10-04"", ""count"": 13}}",Right,1981,"Saskatoon, SK","Regina, SK","Independent Sales Consultant , Norwex",Davidson High,University of Saskatchewan,91.30%,94.60%,90.70%,89.20%,72.60%,76.20%,75.00%,66.70%,80.90%,80.00%,74.60%,71.60%,88.50%,88.80%,68.80%,82.00%,77.30%,57.60%,50.00%,,,,93.80%,93.80%,,87.50%,74.00%,71.20%,91.70%,50.00%,75.00%,64.10%,,75.00%,91.70%,88.60%,62.50%,60.00%,,0.00%,,,,,1.06,0.29,266,253,29.3,37.2,22.1,27.8,1.5,33,6,18.2,24,0,0,,,,,,,,,,,,,,,,,,,,,,,50.00%,43.80%,93.10%,80.40%,,,81.60%,82.30%,,,74.40%,79.30%,,,,,,,,,,,82.30%,81.90%,77.60%,74.70%,69.60%,66.40%,,,Wick CW,50,Guard CW,90.7
Jon Mead,86.40%,86.70%,86.60%,85.00%,686,"{""Third"": {""start"": ""2006-03-11"", ""end"": ""2013-03-10"", ""count"": 22}}","{""MAN (Stoughton)"": {""start"": ""2006-03-11"", ""end"": ""2006-03-16"", ""count"": 6}, ""MB (Stoughton)"": {""start"": ""2011-03-05"", ""end"": ""2011-03-13"", ""count"": 8}, ""MB ( Stoughton)"": {""start"": ""2013-03-02"", ""end"": ""2013-03-10"", ""count"": 8}}",Right,1967,"Regina, SK","Winnipeg, MB",,,,95.00%,70.80%,95.00%,95.50%,84.20%,82.30%,82.30%,77.50%,89.90%,90.40%,76.40%,84.50%,97.90%,98.00%,52.80%,76.40%,84.40%,76.40%,,,,,87.50%,,,75.00%,83.30%,90.00%,75.00%,,90.00%,92.90%,50.00%,,95.80%,,,50.00%,,,,,,,1.13,0.27,173,162,34.7,42,20.4,15.6,19.1,9,1,11.1,17,0,0,,,,,,,,,,,,,79.40%,81.60%,,,,,,,,,86.60%,88.50%,,,89.20%,90.80%,,,,,,,,,,,,,,,,,,,,,,,,,Double CW,52.8,Guard CCW,95.5
Jon Solberg,74.40%,72.40%,73.20%,76.70%,655,"{""Fourth"": {""start"": ""2002-03-09"", ""end"": ""2019-03-06"", ""count"": 15}, ""Third"": {""start"": ""2009-03-07"", ""end"": ""2016-03-04"", ""count"": 9}}","{""Y/NWT (Solberg)"": {""start"": ""2002-03-09"", ""end"": ""2002-03-14"", ""count"": 6}, ""NWTY  (Koe)"": {""start"": ""2009-03-07"", ""end"": ""2009-03-12"", ""count"": 6}, ""NT/Y (Koe)"": {""start"": ""2010-03-07"", ""end"": ""2010-03-10"", ""count"": 2}, ""YT (Smallwood)"": {""start"": ""2016-03-03"", ""end"": ""2016-03-04"", ""count"": 2}, ""YT (Kochan)"": {""start"": ""2017-03-02"", ""end"": ""2017-03-04"", ""count"": 3}, ""YT"": {""start"": ""2019-03-02"", ""end"": ""2019-03-06"", ""count"": 5}}",Right,1971,,,,,,91.70%,,92.40%,82.60%,75.30%,69.30%,65.30%,61.10%,73.40%,78.00%,70.80%,69.70%,95.00%,88.20%,57.40%,66.20%,69.00%,61.50%,,,,,,,,93.80%,78.60%,61.50%,80.00%,33.30%,75.00%,75.00%,75.00%,87.50%,75.00%,,31.20%,,75.00%,62.50%,,,,,0.97,0.33,159,163,24.5,28.2,23.3,22.6,1.9,19,0,0,9,1,11.1,,,,,73.80%,68.30%,,,,,,,,,,,,,70.70%,79.10%,66.70%,,,,,,,,,,,,78.90%,81.00%,75.00%,67.70%,,,73.00%,69.80%,,,,,,,,,,,,,Double CW,57.4,Guard CW,92.4
Jonathan Beuk,83.10%,83.60%,83.40%,72.70%,1136,"{""Second"": {""start"": ""2014-11-10"", ""end"": ""2022-09-22"", ""count"": 13}, ""Third"": {""start"": ""2019-03-02"", ""end"": ""2021-11-26"", ""count"": 26}, ""Lead"": {""start"": ""2022-10-04"", ""end"": ""2022-10-18"", ""count"": 5}}","{""ON (Gardner)"": {""start"": ""2014-11-10"", ""end"": ""2014-11-15"", ""count"": 6}, ""Balsdon"": {""start"": ""2017-11-07"", ""end"": ""2017-11-12"", ""count"": 6}, ""ON"": {""start"": ""2019-03-02"", ""end"": ""2019-03-08"", ""count"": 7}, ""NB (Grattan)"": {""start"": ""2021-03-06"", ""end"": ""2021-03-11"", ""count"": 6}, ""Horgan"": {""start"": ""2021-10-25"", ""end"": ""2021-11-26"", ""count"": 13}, ""McEwen"": {""start"": ""2022-09-22"", ""end"": ""2022-10-18"", ""count"": 6}}",Right,1983,"Etobicoke, ON","Kingston, ON",Psychometrist,,Queen's University,99.40%,98.40%,85.90%,87.20%,81.90%,84.60%,77.00%,80.20%,85.90%,83.20%,75.50%,80.00%,90.50%,93.10%,65.40%,70.20%,77.50%,72.30%,,0.00%,,,96.90%,97.50%,95.00%,,25.00%,87.50%,60.00%,79.20%,96.90%,75.00%,,83.30%,80.60%,90.70%,18.80%,,50.00%,0.00%,,,,,1.07,0.38,259,298,26.6,34.2,23.5,17.8,8.8,24,3,12.5,25,0,0,,,,,,,,,,,,,,,,,,,,,,,,,,,,,83.20%,76.40%,,,,,82.80%,87.20%,,,84.20%,83.80%,,,85.60%,81.20%,89.50%,67.50%,,,,,,,Wick CCW,0,Guard CCW,87.2
Jongduk Park,68.60%,73.10%,71.20%,58.80%,222,"{""Fourth"": {""start"": ""2024-03-30"", ""end"": ""2024-04-05"", ""count"": 7}}","{""KOR (Park)"": {""start"": ""2024-03-30"", ""end"": ""2024-04-05"", ""count"": 7}}",Right,1986,"Gangwon, KOR","Gangwon, KOR","Curling player, Gangwon state",,DongA University,,,45.00%,70.00%,78.70%,69.80%,,,69.70%,83.90%,83.30%,86.10%,87.50%,75.00%,50.00%,59.70%,45.00%,72.50%,50.00%,,50.00%,70.50%,,,75.00%,37.50%,62.50%,87.50%,,,,,,,,,,,50.00%,75.00%,,,0.00%,0.00%,1.03,0.1,59,51,25.4,25.5,9.8,16.9,8.5,8,1,12.5,3,1,33.3,,,,,,,,,,,,,,,,,,,,,,,,,,,,,,,,,,,,,,,,,,,,,,,,,71.20%,71.10%,,,Guard CW,45,Hit-roll CCW,86.1
Jordan Pinder,79.90%,80.50%,80.30%,79.80%,678,"{""Third"": {""start"": ""2012-03-03"", ""end"": ""2019-03-06"", ""count"": 23}}","{""NS (Murphy)"": {""start"": ""2012-03-03"", ""end"": ""2017-03-10"", ""count"": 18}, ""NB"": {""start"": ""2019-03-02"", ""end"": ""2019-03-06"", ""count"": 5}}",Right,1984,"Miramichi, NB","Timberlea, CAN","Post-doctoral fellow, Dept. of Pathology, Dalhousie University",Miramichi Valley High School,Dalhousie University,93.20%,80.60%,89.60%,89.50%,78.60%,78.40%,72.50%,77.60%,83.20%,78.90%,77.10%,79.10%,80.80%,90.30%,73.10%,82.80%,62.50%,67.20%,,,,,81.20%,75.00%,87.50%,96.40%,71.40%,64.30%,50.00%,,75.00%,75.00%,,75.00%,95.00%,96.90%,83.30%,,55.00%,75.00%,,,,,1.24,0.36,153,174,35.3,36.8,22.4,20.3,15,18,4,22.2,16,1,6.2,,,,,,,,,,,,,,,,,,,,,,,,,79.90%,79.00%,,,,,,,91.30%,82.60%,79.20%,81.70%,,,82.40%,76.00%,,,,,,,,,,,,,Raise CW,62.5,Guard CW,89.6
Jordan Tardi,84.10%,81.20%,82.50%,90.50%,1015,"{""Second"": {""start"": ""2016-01-23"", ""end"": ""2018-03-10"", ""count"": 35}, ""Lead"": {""start"": ""2021-10-26"", ""end"": ""2021-10-30"", ""count"": 5}}","{""BC"": {""start"": ""2016-01-23"", ""end"": ""2018-01-21"", ""count"": 17}, ""BC (Tardi)"": {""start"": ""2017-01-22"", ""end"": ""2017-01-29"", ""count"": 7}, ""Canada"": {""start"": ""2017-02-16"", ""end"": ""2018-03-10"", ""count"": 11}, ""Tardi"": {""start"": ""2021-10-26"", ""end"": ""2021-10-30"", ""count"": 5}}",Right,1996,,,,,,94.10%,92.90%,87.50%,92.40%,76.20%,77.80%,85.70%,76.10%,86.60%,78.00%,68.80%,75.00%,92.90%,85.70%,79.20%,73.80%,76.50%,81.00%,,,75.00%,75.00%,,,,,90.00%,68.80%,87.50%,,97.20%,87.50%,75.00%,,95.20%,86.80%,75.00%,,,,,,,75.00%,1.14,0.38,242,253,36.8,33.2,24.5,18.6,18.2,13,2,15.4,29,1,3.4,,,,,,,,,,,,,,,,,,,,,,,,,,,,,,,,,88.80%,83.30%,76.70%,80.90%,87.00%,83.60%,,,,,86.30%,69.40%,,,,,,,,,Hit-roll CW,68.8,Guard CCW,92.4
Josephine Obermann,70.50%,74.20%,72.40%,70.00%,591,"{""Second"": {""start"": ""2016-11-19"", ""end"": ""2017-12-09"", ""count"": 11}, ""Third"": {""start"": ""2017-03-18"", ""end"": ""2017-12-05"", ""count"": 10}, ""Lead"": {""start"": ""2018-03-23"", ""end"": ""2018-03-23"", ""count"": 1}}","{""Germany"": {""start"": ""2016-11-19"", ""end"": ""2018-03-23"", ""count"": 21}}",Right,,,,,,,71.90%,90.00%,77.30%,85.50%,67.50%,69.60%,,,71.30%,74.20%,72.20%,78.70%,81.20%,78.20%,75.90%,67.60%,40.00%,70.00%,55.00%,,58.30%,62.50%,0.00%,,66.70%,91.70%,84.10%,52.10%,,,50.00%,90.00%,87.50%,75.00%,81.20%,71.40%,,25.00%,,75.00%,,,,,0.97,0.21,159,130,29.6,34.6,13.1,23.9,5.7,18,4,22.2,9,2,22.2,,,,,,,,,,,,,,,,,,,,,,,,,,,,,,,,,68.80%,77.70%,73.60%,70.70%,72.90%,50.00%,,,,,,,,,,,,,,,Raise CW,40,Guard CCW,85.5
Joshua Mattern,81.50%,79.20%,80.40%,77.00%,1359,"{""Second"": {""start"": ""2017-01-21"", ""end"": ""2020-01-25"", ""count"": 32}, ""Third"": {""start"": ""2023-09-27"", ""end"": ""2025-03-06"", ""count"": 25}}","{""SK (Kleiter)"": {""start"": ""2017-01-21"", ""end"": ""2025-03-06"", ""count"": 17}, ""SK"": {""start"": ""2018-01-13"", ""end"": ""2020-01-25"", ""count"": 21}, ""Kleiter"": {""start"": ""2023-09-27"", ""end"": ""2025-01-17"", ""count"": 19}}",Left,1999,"Saskatoon, SK","Saskatoon, SK","Student, University of Saskatchewan",St. Joseph,Engineering,97.70%,92.50%,87.30%,82.20%,75.70%,79.50%,82.30%,77.30%,83.20%,77.80%,74.10%,76.10%,94.60%,83.80%,69.30%,74.30%,71.70%,77.10%,,,54.50%,41.70%,,95.00%,84.70%,85.70%,70.50%,72.70%,87.50%,91.70%,82.70%,92.20%,66.70%,75.00%,97.00%,96.70%,83.30%,50.00%,83.30%,75.00%,,,25.00%,25.00%,1,0.46,324,339,29,30.7,28,21,8,26,3,11.5,34,3,8.8,,,,,,,,,,,,,,,,,,,,,,,,,,,,,,,,,,,76.20%,74.30%,84.20%,79.30%,81.00%,78.70%,84.80%,82.90%,,,,,79.30%,79.20%,87.50%,86.80%,83.90%,78.90%,Promotion CCW,41.7,Guard CW,87.3
Joshua Sutor,79.20%,78.60%,78.90%,72.20%,1202,"{""Second"": {""start"": ""2019-11-16"", ""end"": ""2022-11-24"", ""count"": 30}, ""Third"": {""start"": ""2020-02-15"", ""end"": ""2023-11-23"", ""count"": 14}, ""Fourth"": {""start"": ""2020-02-15"", ""end"": ""2020-02-15"", ""count"": 1}}","{""Germany"": {""start"": ""2019-11-16"", ""end"": ""2022-11-24"", ""count"": 30}, ""GER (Totzek)"": {""start"": ""2020-02-15"", ""end"": ""2023-11-23"", ""count"": 14}}",Right,,,,,,,94.00%,97.50%,88.40%,89.30%,77.70%,70.60%,92.90%,93.80%,82.40%,85.50%,65.90%,77.00%,92.90%,91.70%,67.70%,71.80%,68.80%,65.50%,50.00%,68.80%,51.80%,69.30%,96.40%,75.00%,95.80%,91.70%,55.40%,76.00%,,87.50%,87.50%,83.30%,87.50%,62.50%,93.20%,92.20%,50.00%,79.20%,95.00%,60.00%,,50.00%,0.00%,25.00%,1.07,0.28,292,292,33.9,31.5,17.8,23.6,10.3,33,4,12.1,24,3,12.5,,,,,,,,,,,,,,,,,,,,,,,,,,,,,,,,,,,,,,,84.10%,81.80%,69.80%,75.00%,77.60%,79.00%,83.00%,77.10%,80.70%,84.50%,,,,,Wick CW,50,Freeze CCW,93.8
Jt Ryan,81.60%,77.90%,79.70%,76.30%,837,"{""Fourth"": {""start"": ""2017-01-21"", ""end"": ""2019-01-27"", ""count"": 30}}","{""MB (Ryan)"": {""start"": ""2017-01-21"", ""end"": ""2017-01-27"", ""count"": 7}, ""MB"": {""start"": ""2018-01-13"", ""end"": ""2019-01-27"", ""count"": 17}, ""JT Ryan"": {""start"": ""2018-02-04"", ""end"": ""2018-02-04"", ""count"": 1}, ""WPG"": {""start"": ""2018-03-24"", ""end"": ""2018-03-28"", ""count"": 5}}",Right,1999,,,,,,,,90.20%,80.80%,76.10%,72.40%,64.30%,77.10%,87.60%,80.00%,82.20%,83.90%,93.80%,97.10%,66.70%,74.10%,78.80%,52.20%,,,,,,,87.50%,87.50%,76.30%,68.80%,,50.00%,92.30%,91.20%,50.00%,,,,60.00%,50.00%,,55.00%,,,,,1.01,0.4,212,202,32.5,32.2,28.2,22.6,9.9,13,7,53.8,23,0,0,,,,,,,,,,,,,,,,,,,,,,,,,,,,,,,,,,,77.70%,77.50%,76.80%,84.70%,72.10%,82.00%,,,,,,,,,,,,,Raise CCW,52.2,Guard CW,90.2
Julia Guzieva,79.50%,84.60%,83.10%,61.50%,750,"{""Lead"": {""start"": ""2016-11-21"", ""end"": ""2019-05-11"", ""count"": 29}}","{""Russia"": {""start"": ""2016-11-21"", ""end"": ""2019-05-11"", ""count"": 23}, ""RUS (Moiseeva)"": {""start"": ""2018-02-14"", ""end"": ""2018-02-21"", ""count"": 6}}",Right,1989,,"Kaliningrad, RUS",,,,88.40%,92.90%,55.60%,81.90%,76.10%,83.20%,,75.00%,86.20%,85.80%,71.40%,80.00%,,75.00%,75.00%,83.30%,75.00%,75.00%,50.00%,56.50%,,,86.50%,97.40%,50.00%,50.00%,70.00%,83.30%,,,50.00%,66.70%,,,,,,,,,0.00%,60.70%,,,1.09,0.34,183,187,35,28.9,25.7,20.2,14.8,10,3,30,22,4,18.2,,,,,,,,,,,,,,,,,,,,,,,,,,,,,,,,,79.40%,67.60%,,,85.60%,79.90%,85.30%,77.70%,,,,,,,,,,,,,Wick CW,50,Take-out CW,86.2
Julia Hunter,71.30%,71.70%,71.50%,76.00%,352,"{""Third"": {""start"": ""2017-01-21"", ""end"": ""2017-01-27"", ""count"": 7}, ""Second"": {""start"": ""2018-03-24"", ""end"": ""2018-03-28"", ""count"": 5}}","{""NB (Crook)"": {""start"": ""2017-01-21"", ""end"": ""2017-01-27"", ""count"": 7}, ""MTA"": {""start"": ""2018-03-24"", ""end"": ""2018-03-28"", ""count"": 5}}",Right,,,,,,,83.30%,85.00%,79.20%,84.60%,70.00%,68.30%,59.10%,32.10%,73.80%,75.60%,73.10%,67.20%,71.60%,88.50%,66.70%,64.30%,43.80%,,,,,,,,,91.70%,81.20%,75.00%,66.70%,0.00%,,75.00%,,50.00%,75.00%,,50.00%,,,,,,,,0.85,0.59,88,83,23.9,36.1,36.1,36.4,-12.5,11,2,18.2,9,1,11.1,,,,,,,,,,,,,,,,,,,,,,,,,,,,,,,,,,,71.70%,71.00%,67.50%,75.30%,,,,,,,,,,,,,,,Freeze CCW,32.1,Guard CCW,84.6
Julie Rainville,88.60%,83.90%,86.00%,87.70%,204,"{""Second"": {""start"": ""2012-02-23"", ""end"": ""2012-02-23"", ""count"": 1}, ""Lead"": {""start"": ""2016-02-20"", ""end"": ""2016-02-26"", ""count"": 7}}","{""QC (Larouche)"": {""start"": ""2012-02-23"", ""end"": ""2016-02-26"", ""count"": 8}}",Right,1972,"St-Romuald, QC","Levis, QC",,,,94.10%,89.60%,75.00%,77.30%,89.90%,88.40%,66.70%,61.10%,70.00%,81.20%,91.70%,85.00%,,,,50.00%,87.50%,75.00%,,,,,93.80%,79.20%,,50.00%,,66.70%,,,,,,,,,,,,,,,,,0.94,0.29,49,51,22.4,41.2,17.6,26.5,-4.1,4,0,0,4,1,25,,,,,,,,,,,,,,,,,,,,,,,,,50.00%,,,,,,,,87.30%,82.20%,,,,,,,,,,,,,,,,,,,Double CCW,50,Hit-roll CW,91.7
Julie Tippin,80.30%,75.50%,78.00%,75.10%,457,"{""Fourth"": {""start"": ""2017-11-06"", ""end"": ""2022-10-19"", ""count"": 14}, ""Third"": {""start"": ""2022-09-22"", ""end"": ""2022-10-22"", ""count"": 6}, ""Second"": {""start"": ""2022-02-01"", ""end"": ""2022-02-01"", ""count"": 1}}","{""Tippin"": {""start"": ""2017-11-06"", ""end"": ""2017-12-08"", ""count"": 13}, ""Duncan"": {""start"": ""2022-09-22"", ""end"": ""2022-10-22"", ""count"": 6}, ""ON (Duncan)"": {""start"": ""2022-02-01"", ""end"": ""2022-02-01"", ""count"": 1}}",Right,1983,"Pointe Claire, QC","Owen Sound, ON","Chartered Accountant, BDO",Oakville Trafalgar,Wilfrid Laurier University,,,85.00%,83.80%,79.10%,65.10%,68.30%,71.70%,82.40%,80.70%,76.50%,69.40%,87.50%,82.70%,66.70%,78.80%,85.70%,77.50%,,,,,,,,,83.30%,66.70%,50.00%,66.70%,75.00%,88.60%,62.50%,,75.00%,75.00%,,,,83.30%,,,,,1.1,0.33,104,115,29.8,33,24.3,16.3,13.5,11,2,18.2,13,4,30.8,,,,,,,,,,,,,,,,,,,,,,,,,,,,,,,,,,,73.20%,81.70%,,,,,,,,,80.40%,76.80%,,,,,,,Draw CCW,65.1,Raise CW,85.7
Junko Nishimuro,77.50%,78.30%,77.90%,78.50%,396,"{""Third"": {""start"": ""2019-01-30"", ""end"": ""2019-02-02"", ""count"": 4}, ""Second"": {""start"": ""2024-03-16"", ""end"": ""2024-11-01"", ""count"": 11}}","{""Japan"": {""start"": ""2019-01-30"", ""end"": ""2019-02-02"", ""count"": 4}, ""JPN (Ueno)"": {""start"": ""2024-03-16"", ""end"": ""2024-11-01"", ""count"": 11}}",Right,1981,"Karuizawa, JPN","Yamanashi, JPN","Self-Employed, Self",,,87.50%,87.50%,68.80%,91.70%,75.80%,73.10%,,,83.20%,86.60%,79.40%,79.20%,76.20%,81.20%,71.70%,63.50%,80.60%,61.10%,,62.50%,68.80%,56.20%,,,75.00%,,50.00%,85.00%,,,78.60%,,,,60.00%,75.00%,,,,50.00%,,50.00%,,75.00%,1.17,0.2,94,95,36.2,33.7,17.9,24.5,11.7,7,0,0,10,2,20,,,,,,,,,,,,,,,,,,,,,,,,,,,,,,,,,,,,,,,68.40%,84.70%,,,,,,,,,79.00%,76.60%,,,Promotion CCW,56.2,Guard CCW,91.7
Justin Hausherr,89.70%,89.30%,89.50%,70.40%,642,"{""Lead"": {""start"": ""2022-04-12"", ""end"": ""2025-04-11"", ""count"": 42}}","{""Hoesli"": {""start"": ""2022-04-12"", ""end"": ""2025-04-11"", ""count"": 33}, ""Hösli"": {""start"": ""2022-10-04"", ""end"": ""2022-10-21"", ""count"": 9}}",Right,,,,,,,96.20%,92.10%,88.60%,90.40%,84.00%,90.30%,84.00%,82.70%,82.40%,82.10%,83.30%,,,,75.00%,,92.90%,75.00%,37.50%,70.00%,,,94.00%,82.80%,75.00%,80.00%,91.70%,85.70%,90.60%,25.00%,,,,,,,,,,,0.00%,50.00%,,,1.01,0.24,151,158,26.5,33.5,20.3,26.5,0,20,4,20,11,2,18.2,,,,,,,,,,,,,,,,,,,,,,,,,,,,,,,,,,,,,,,,,,,,,88.10%,72.80%,91.90%,81.20%,91.90%,89.10%,91.20%,95.80%,Wick CW,37.5,Raise CW,92.9
Justine Comeau,71.00%,70.20%,70.60%,69.50%,1018,"{""Fourth"": {""start"": ""2016-01-23"", ""end"": ""2020-03-15"", ""count"": 37}}","{""NB"": {""start"": ""2016-01-23"", ""end"": ""2019-01-25"", ""count"": 23}, ""NB (Comeau)"": {""start"": ""2017-04-18"", ""end"": ""2017-04-22"", ""count"": 5}, ""UNB (Comeau)"": {""start"": ""2017-03-18"", ""end"": ""2017-03-21"", ""count"": 4}, ""UNB (w)"": {""start"": ""2020-03-11"", ""end"": ""2020-03-15"", ""count"": 5}}",Right,1998,,,,,,,,85.90%,84.70%,68.70%,66.70%,62.50%,72.40%,72.00%,72.40%,59.50%,69.60%,95.50%,78.60%,59.40%,59.50%,51.90%,65.20%,,,,,,,95.80%,95.80%,44.70%,54.80%,91.70%,75.00%,73.70%,80.00%,50.00%,58.30%,,50.00%,,42.90%,0.00%,,,,,,1.04,0.53,260,247,30.8,32,32,24.2,6.6,22,5,22.7,26,1,3.8,,,,,,,,,,,,,,,,,,,,,,,,,,,,,,,,,63.60%,66.50%,77.00%,70.60%,68.50%,75.20%,73.30%,68.70%,66.90%,72.90%,,,,,,,,,,,Raise CW,51.9,Guard CW,85.9
Kaelyn Gregory,70.30%,74.00%,71.80%,85.70%,499,"{""Lead"": {""start"": ""2016-01-23"", ""end"": ""2016-01-28"", ""count"": 6}, ""Third"": {""start"": ""2019-01-19"", ""end"": ""2020-03-15"", ""count"": 11}}","{""ON"": {""start"": ""2016-01-23"", ""end"": ""2019-01-24"", ""count"": 12}, ""McMaster (w)"": {""start"": ""2020-03-11"", ""end"": ""2020-03-15"", ""count"": 5}}",Right,1998,,,,,,79.50%,90.00%,67.30%,73.30%,66.90%,67.90%,60.00%,62.50%,72.00%,76.10%,70.50%,67.30%,72.90%,87.50%,78.10%,75.00%,60.00%,50.00%,,,,,92.90%,,,,61.10%,54.20%,,,,62.50%,,75.00%,75.00%,,,,50.00%,,,,,,0.95,0.51,118,127,23.7,33.1,33.1,29.7,-6,13,2,15.4,13,2,15.4,,,,,,,,,,,,,,,,,,,,,,,,,,,,,,,,,74.60%,78.90%,,,,,69.90%,70.60%,63.20%,75.20%,,,,,,,,,,,Raise CCW,50,Double CW,78.1
Kaho Onodera,82.60%,80.10%,81.40%,80.60%,1274,"{""Second"": {""start"": ""2014-02-13"", ""end"": ""2025-04-12"", ""count"": 28}, ""Third"": {""start"": ""2018-03-17"", ""end"": ""2025-04-10"", ""count"": 25}}","{""JPN"": {""start"": ""2014-02-13"", ""end"": ""2015-03-19"", ""count"": 9}, ""Japan"": {""start"": ""2018-03-17"", ""end"": ""2021-05-06"", ""count"": 14}, ""Yoshimura"": {""start"": ""2021-10-20"", ""end"": ""2025-04-12"", ""count"": 20}, ""JPN (Ueno)"": {""start"": ""2024-10-30"", ""end"": ""2024-11-01"", ""count"": 3}, ""JPN (Yoshimura)"": {""start"": ""2025-03-15"", ""end"": ""2025-03-21"", ""count"": 7}}",Right,1992,"Hokkaido, JPN","Sapporo, JPN",,,,94.20%,91.20%,88.50%,90.10%,76.70%,74.10%,81.20%,71.40%,83.00%,84.10%,83.20%,77.00%,92.40%,89.90%,77.80%,68.20%,77.40%,60.40%,,50.00%,70.80%,80.00%,96.40%,93.30%,,92.90%,80.00%,87.50%,75.00%,,87.50%,75.00%,81.20%,75.00%,85.40%,90.60%,,45.80%,91.70%,75.00%,,,0.00%,,1.11,0.25,312,303,31.4,38.9,19.8,20.2,11.2,28,7,25,27,3,11.1,,,,,,,,,,,,,,,,,,,,,,,,,,,,,68.50%,57.60%,75.30%,78.20%,,,,,77.70%,80.00%,,,,,78.70%,83.40%,,,85.70%,85.90%,89.50%,85.90%,86.80%,82.10%,Wick CCW,50,Guard CCW,90.1
Kaitlyn Jones,75.60%,73.50%,74.60%,73.60%,695,"{""Fourth"": {""start"": ""2017-01-22"", ""end"": ""2021-12-19"", ""count"": 28}}","{""SK (Jones)"": {""start"": ""2017-01-22"", ""end"": ""2017-01-27"", ""count"": 6}, ""NS"": {""start"": ""2018-01-13"", ""end"": ""2019-01-26"", ""count"": 16}, ""Canada"": {""start"": ""2018-03-04"", ""end"": ""2018-03-10"", ""count"": 5}, ""Jones"": {""start"": ""2021-12-19"", ""end"": ""2021-12-19"", ""count"": 1}}",Right,1998,"Thompson, MB",,,,,,,89.80%,81.00%,73.90%,61.70%,70.50%,60.00%,75.50%,82.80%,75.00%,75.00%,93.50%,96.70%,51.70%,83.30%,47.70%,65.40%,,,75.00%,50.00%,,,88.90%,43.80%,70.30%,62.50%,50.00%,,82.50%,81.20%,,,,,,50.00%,0.00%,75.00%,,,,,1.15,0.51,163,182,31.3,33.5,33,23.9,7.4,10,2,20,22,0,0,,,,,,,,,,,,,,,,,,,,,,,,,,,,,,,,,,,69.30%,82.10%,76.10%,75.90%,67.00%,79.20%,,,65.00%,33.30%,,,,,,,,,Raise CW,47.7,Guard CW,89.8
Kaitlyn Lawes,80.70%,80.20%,80.50%,78.60%,5692,"{""Third"": {""start"": ""2011-02-19"", ""end"": ""2022-05-06"", ""count"": 161}, ""Fourth"": {""start"": ""2022-09-22"", ""end"": ""2025-01-18"", ""count"": 77}}","{""CAN (Jones)"": {""start"": ""2011-02-19"", ""end"": ""2022-02-17"", ""count"": 24}, ""MB (Jones)"": {""start"": ""2012-02-18"", ""end"": ""2021-02-28"", ""count"": 27}, ""CAN"": {""start"": ""2014-02-10"", ""end"": ""2015-03-22"", ""count"": 17}, ""Jones"": {""start"": ""2015-12-02"", ""end"": ""2022-05-06"", ""count"": 59}, ""Epping"": {""start"": ""2017-08-26"", ""end"": ""2017-08-27"", ""count"": 2}, ""Jennifer Jones"": {""start"": ""2018-01-14"", ""end"": ""2018-01-14"", ""count"": 1}, ""Canada"": {""start"": ""2018-03-17"", ""end"": ""2019-05-12"", ""count"": 14}, ""CA (Jones)"": {""start"": ""2019-02-16"", ""end"": ""2019-02-22"", ""count"": 7}, ""WC (Jones)"": {""start"": ""2020-02-15"", ""end"": ""2020-02-23"", ""count"": 9}, ""WC#1"": {""start"": ""2020-02-14"", ""end"": ""2020-02-14"", ""count"": 1}, ""Lawes"": {""start"": ""2022-09-22"", ""end"": ""2025-01-18"", ""count"": 63}, ""WC1 (Lawes)"": {""start"": ""2023-02-17"", ""end"": ""2023-02-24"", ""count"": 7}, ""MB (Lawes)"": {""start"": ""2024-02-16"", ""end"": ""2024-02-23"", ""count"": 7}}",Right,1989,"Winnipeg, MB","Winnipeg, MB",,,,94.60%,92.90%,88.40%,90.40%,78.80%,77.70%,73.10%,74.80%,82.40%,82.50%,78.30%,77.00%,94.20%,92.10%,67.90%,69.60%,70.90%,69.40%,,0.00%,76.70%,71.10%,93.10%,91.70%,87.50%,94.60%,73.50%,78.10%,72.70%,56.20%,79.30%,84.50%,90.60%,77.40%,96.20%,94.50%,65.00%,62.50%,70.50%,66.70%,,,,59.40%,1.22,0.37,1351,1411,36.1,36.9,24.9,19.5,16.6,85,23,27.1,170,9,5.3,,,,,,,,,,,,,,,,,,,,,,,76.90%,82.40%,82.50%,83.80%,87.60%,80.20%,79.80%,81.50%,79.30%,82.70%,80.50%,86.60%,82.60%,83.80%,82.80%,83.70%,84.10%,77.80%,76.40%,82.90%,80.10%,79.90%,77.60%,76.90%,78.60%,74.70%,78.20%,79.50%,88.50%,76.40%,Wick CCW,0,Guard CCW,90.4
Kalle Kiiskinen,70.70%,72.60%,71.60%,69.30%,740,"{""Second"": {""start"": ""2006-02-22"", ""end"": ""2006-02-24"", ""count"": 2}, ""Third"": {""start"": ""2018-11-17"", ""end"": ""2018-11-22"", ""count"": 6}, ""Fourth"": {""start"": ""2021-11-20"", ""end"": ""2023-11-23"", ""count"": 21}}","{""FIN (Uusipaavalniemi)"": {""start"": ""2006-02-22"", ""end"": ""2006-02-24"", ""count"": 2}, ""Finland"": {""start"": ""2018-11-17"", ""end"": ""2022-04-08"", ""count"": 21}, ""FIN (Kiiskinen)"": {""start"": ""2023-11-18"", ""end"": ""2023-11-23"", ""count"": 6}}",Right,1975,"Hyvinkaa, FIN",,,,,,,87.50%,84.70%,71.30%,68.60%,75.00%,,75.80%,82.20%,58.10%,72.00%,80.40%,93.00%,70.70%,72.30%,66.10%,55.20%,,50.00%,52.40%,47.20%,,,91.70%,75.00%,70.00%,59.60%,,,66.70%,,,60.00%,,,50.00%,55.00%,58.30%,16.70%,,,0.00%,45.00%,0.81,0.23,206,160,17.5,31.9,16.9,31.1,-13.6,28,3,10.7,9,1,11.1,,,,,,,,,,,,,86.50%,88.00%,,,,,,,,,,,,,,,,,,,,,,,63.30%,71.10%,,,,,77.00%,72.80%,77.60%,68.60%,68.90%,67.70%,,,,,Promotion CCW,47.2,Guard CW,87.5
Kara Johnston,76.00%,62.10%,69.30%,72.30%,197,"{""Third"": {""start"": ""2013-02-16"", ""end"": ""2013-02-22"", ""count"": 7}}","{""SK (Shumay)"": {""start"": ""2013-02-16"", ""end"": ""2013-02-22"", ""count"": 7}}",Right,1976,"Port Alberni, BC","Lloydminster, AB","Owner/Operator, Booster Juice franchise, Director at Lakeland College",,University of Saskatchewan,85.00%,95.00%,79.50%,83.30%,68.20%,53.40%,,43.80%,80.60%,62.00%,56.20%,50.00%,91.70%,68.80%,,60.70%,66.70%,56.20%,,,,,,,,75.00%,62.50%,58.30%,,12.50%,,,,,87.50%,,,50.00%,75.00%,75.00%,,,,,1.06,0.43,47,49,23.4,32.7,28.6,25.5,-2.1,7,3,42.9,3,0,0,,,,,,,,,,,,,,,,,,,,,,,,,,,69.10%,69.50%,,,,,,,,,,,,,,,,,,,,,,,,,Freeze CCW,43.8,Guard CCW,83.3
Kara Thevenot,83.30%,82.70%,83.10%,83.60%,742,"{""Lead"": {""start"": ""2019-02-16"", ""end"": ""2023-02-23"", ""count"": 26}}","{""Silvernagle"": {""start"": ""2019-11-27"", ""end"": ""2019-11-29"", ""count"": 3}, ""SK (Silvernagle)"": {""start"": ""2019-02-16"", ""end"": ""2023-02-23"", ""count"": 23}}",Right,1989,"Birch Hills, SK","Prince Albert, SK","Sales Agronomist, Lake Country Co-op",,,88.20%,90.40%,82.10%,62.50%,81.70%,75.30%,68.80%,56.20%,86.20%,89.60%,78.10%,85.00%,75.00%,58.30%,,,75.00%,90.00%,60.70%,63.90%,,,88.50%,95.80%,,,87.50%,85.00%,,,,50.00%,,,,,,,,75.00%,95.80%,75.00%,,,1.06,0.24,190,172,33.2,32,18,23.2,10,19,4,21.1,16,1,6.2,,,,,,,,,,,,,,,,,,,,,,,,,,,,,,,,,,,,,,,81.40%,83.00%,86.20%,78.60%,,,,,85.10%,78.80%,,,,,Freeze CCW,56.2,Raise CCW,90
Karen Fallis,69.40%,70.30%,69.90%,76.50%,216,"{""Third"": {""start"": ""2011-02-19"", ""end"": ""2011-02-24"", ""count"": 6}}","{""MB (Overton...)"": {""start"": ""2011-02-19"", ""end"": ""2011-02-24"", ""count"": 6}}",Left,1962,,,,,,95.00%,95.00%,,88.90%,63.80%,58.60%,63.90%,59.10%,77.60%,76.40%,62.50%,62.50%,70.80%,92.50%,62.50%,56.20%,25.00%,41.70%,,,,,,,,75.00%,75.00%,50.00%,87.50%,,,75.00%,,,62.50%,91.70%,,,25.00%,,,,,,0.95,0.35,55,49,27.3,49,24.5,29.1,-1.8,4,0,0,5,1,20,,,,,,,,,,,,,,,,,,,,,,,68.00%,71.30%,,,,,,,,,,,,,,,,,,,,,,,,,,,,,Raise CW,25,Guard CCW,88.9
Karen Klein,73.40%,79.50%,76.60%,81.00%,398,"{""Third"": {""start"": ""2017-11-06"", ""end"": ""2019-02-02"", ""count"": 14}}","{""Robertson"": {""start"": ""2017-11-06"", ""end"": ""2019-01-27"", ""count"": 9}, ""Darcy Robertson"": {""start"": ""2018-01-14"", ""end"": ""2018-01-14"", ""count"": 1}, ""Canada"": {""start"": ""2019-01-30"", ""end"": ""2019-02-02"", ""count"": 4}}",Right,,,,,,,95.00%,97.70%,77.50%,75.00%,66.50%,76.20%,75.00%,79.50%,78.60%,87.10%,73.70%,78.30%,63.90%,80.00%,75.00%,62.50%,61.10%,57.10%,,,,75.00%,,93.80%,,75.00%,71.40%,75.00%,,,75.00%,,,,,50.00%,,75.00%,50.00%,,,,,50.00%,1.02,0.22,100,97,31,28.9,17.5,28,3,13,2,15.4,3,0,0,,,,,,,,,,,,,,,,,,,,,,,,,,,,,,,,,,,84.70%,78.30%,74.10%,73.10%,67.80%,83.80%,,,,,,,,,,,,,Raise CCW,57.1,Take-out CCW,87.1
Karen Trines,84.80%,88.20%,87.00%,86.00%,573,"{""Lead"": {""start"": ""2015-11-08"", ""end"": ""2018-02-02"", ""count"": 20}}","{""ON (McLean)"": {""start"": ""2015-11-08"", ""end"": ""2015-11-13"", ""count"": 6}, ""ON (Hanna)"": {""start"": ""2016-02-20"", ""end"": ""2016-02-26"", ""count"": 7}, ""ON"": {""start"": ""2018-01-27"", ""end"": ""2018-02-02"", ""count"": 7}}",Left,1987,"Ottawa, ON","Ottawa, ON","Owner, Event Planner, When Sparks Fly Event Planning",,,91.90%,91.80%,83.30%,79.30%,83.00%,90.00%,69.40%,71.40%,81.70%,87.80%,78.10%,75.00%,,37.50%,,,,83.30%,50.00%,75.00%,,,97.50%,86.40%,,75.00%,,88.30%,,,87.50%,,,,,,,,,50.00%,,75.00%,,,1.03,0.46,133,149,29.3,30.2,30.9,23.3,6,11,3,27.3,11,2,18.2,,,,,,,,,,,,,,,,,,,,,,,,,,,,,,,87.40%,77.10%,87.40%,79.90%,,,89.40%,86.70%,,,,,,,,,,,,,,,Wick CW,50,Draw CCW,90
Karla Thompson,68.20%,71.40%,69.80%,64.00%,396,"{""Fourth"": {""start"": ""2016-02-19"", ""end"": ""2017-11-10"", ""count"": 13}}","{""BC (Thompson)"": {""start"": ""2016-02-19"", ""end"": ""2016-02-26"", ""count"": 8}, ""Thompson"": {""start"": ""2017-11-06"", ""end"": ""2017-11-10"", ""count"": 5}}",Left,1984,"Langley, BC","Kamloops, BC","Teacher, School District 73",Brookswood Secondary,Thompson Rivers University,,,90.60%,,63.60%,63.40%,50.00%,72.90%,70.40%,80.40%,73.60%,63.90%,90.90%,95.00%,51.40%,50.00%,50.00%,28.60%,,,,,,,,,25.00%,55.00%,25.00%,81.20%,87.50%,,,50.00%,,,83.30%,,0.00%,25.00%,,,,,0.93,0.2,105,92,28.6,29.3,15.2,24.8,3.8,15,4,26.7,2,0,0,,,,,,,,,,,,,,,,,,,,,,,,,,,,,,,,,61.60%,72.20%,77.30%,70.30%,,,,,,,,,,,,,,,,,Raise CCW,28.6,Guard CW,90.6
Karlee Burgess,79.90%,79.90%,79.90%,78.10%,3830,"{""Second"": {""start"": ""2016-01-23"", ""end"": ""2025-04-11"", ""count"": 43}, ""Third"": {""start"": ""2017-01-21"", ""end"": ""2024-11-29"", ""count"": 140}}","{""NS"": {""start"": ""2016-01-23"", ""end"": ""2019-01-26"", ""count"": 24}, ""Canada"": {""start"": ""2016-03-06"", ""end"": ""2020-02-22"", ""count"": 16}, ""NS (Clarke)"": {""start"": ""2017-01-21"", ""end"": ""2017-01-27"", ""count"": 7}, ""MB"": {""start"": ""2020-01-18"", ""end"": ""2020-01-26"", ""count"": 8}, ""Zacharias"": {""start"": ""2021-10-25"", ""end"": ""2022-04-15"", ""count"": 11}, ""WC2 (Zacharias)"": {""start"": ""2021-02-19"", ""end"": ""2021-02-25"", ""count"": 7}, ""Jones"": {""start"": ""2022-09-21"", ""end"": ""2024-04-12"", ""count"": 59}, ""MB (Zacharias)"": {""start"": ""2022-01-29"", ""end"": ""2022-02-04"", ""count"": 7}, ""MB (Jones)"": {""start"": ""2023-02-18"", ""end"": ""2024-02-25"", ""count"": 18}, ""Carey"": {""start"": ""2024-09-26"", ""end"": ""2024-11-29"", ""count"": 15}, ""Einarson"": {""start"": ""2025-01-15"", ""end"": ""2025-04-11"", ""count"": 7}}",Right,1998,,,,,,91.70%,91.40%,89.00%,87.30%,73.20%,74.70%,74.20%,74.30%,81.70%,80.80%,76.10%,76.80%,90.80%,91.40%,73.70%,72.80%,71.80%,66.30%,,,65.30%,64.70%,96.40%,,91.40%,88.20%,63.60%,70.40%,54.20%,60.70%,87.80%,85.60%,78.30%,67.60%,91.50%,91.70%,62.50%,76.90%,72.90%,70.00%,,,75.00%,,1.23,0.4,873,964,37,34.5,26.8,21.9,15.1,66,12,18.2,112,4,3.6,,,,,,,,,,,,,,,,,,,,,,,,,,,,,,,,,72.20%,85.00%,71.00%,78.40%,76.70%,83.20%,82.00%,83.10%,83.30%,82.80%,75.00%,77.00%,73.80%,79.10%,80.30%,81.90%,80.10%,78.20%,88.00%,78.00%,Promotion CCW,64.7,Guard CW,89
Karlee Everist,77.20%,80.80%,78.80%,83.50%,821,"{""Second"": {""start"": ""2022-01-29"", ""end"": ""2023-11-09"", ""count"": 28}, ""Lead"": {""start"": ""2024-10-01"", ""end"": ""2024-11-30"", ""count"": 11}}","{""Black"": {""start"": ""2022-09-21"", ""end"": ""2024-11-30"", ""count"": 24}, ""NS (Black)"": {""start"": ""2022-01-29"", ""end"": ""2023-02-25"", ""count"": 15}}",Right,1991,,,,,,86.80%,87.10%,86.40%,94.20%,72.40%,83.10%,64.70%,71.10%,73.10%,85.20%,79.70%,64.30%,79.80%,84.60%,77.50%,70.20%,75.00%,53.60%,,,,,96.40%,87.50%,77.30%,83.30%,78.10%,87.50%,,,,85.70%,91.70%,75.00%,90.60%,82.50%,75.00%,80.00%,75.00%,37.50%,,,,,1.15,0.33,199,196,31.2,36.2,24,22.1,9.1,17,4,23.5,17,1,5.9,,,,,,,,,,,,,,,,,,,,,,,,,,,,,,,,,,,,,,,,,,,,,78.50%,75.70%,79.50%,77.40%,81.00%,86.40%,,,Raise CCW,53.6,Guard CCW,94.2
Karlee Korchinski,75.50%,82.80%,79.30%,84.30%,394,"{""Third"": {""start"": ""2016-01-23"", ""end"": ""2016-01-29"", ""count"": 7}, ""Lead"": {""start"": ""2018-01-28"", ""end"": ""2018-02-02"", ""count"": 5}, ""Second"": {""start"": ""2022-05-03"", ""end"": ""2022-05-07"", ""count"": 5}}","{""SK"": {""start"": ""2016-01-23"", ""end"": ""2018-02-02"", ""count"": 12}, ""Holland"": {""start"": ""2022-05-03"", ""end"": ""2022-05-07"", ""count"": 5}}",Right,1995,,,,,,92.00%,92.00%,88.50%,83.90%,69.00%,78.30%,73.50%,75.00%,69.20%,85.70%,73.80%,84.10%,90.00%,95.00%,60.70%,62.50%,81.20%,80.60%,0.00%,,,,90.00%,91.70%,,93.80%,78.10%,75.00%,80.00%,,50.00%,75.00%,,,,,62.50%,,,,,,,,1.11,0.29,91,101,24.2,34.7,17.8,23.1,1.1,14,2,14.3,5,0,0,,,,,,,,,,,,,,,,,,,,,,,,,,,,,,,,,72.40%,78.70%,,,86.10%,76.20%,,,,,,,79.80%,77.30%,,,,,,,Wick CW,0,Guard CW,88.5
Karrick Martin,90.40%,88.00%,89.70%,84.50%,4470,"{""Lead"": {""start"": ""2013-03-04"", ""end"": ""2025-03-06"", ""count"": 197}, ""Second"": {""start"": ""2024-09-25"", ""end"": ""2025-03-03"", ""count"": 8}}","{""AB (Martin)"": {""start"": ""2013-03-04"", ""end"": ""2013-03-05"", ""count"": 2}, ""AB (Bottcher)"": {""start"": ""2017-03-04"", ""end"": ""2021-03-14"", ""count"": 33}, ""Bottcher"": {""start"": ""2017-11-07"", ""end"": ""2022-05-07"", ""count"": 57}, ""WC (Bottcher)"": {""start"": ""2019-03-02"", ""end"": ""2019-03-10"", ""count"": 9}, ""Canada"": {""start"": ""2021-04-01"", ""end"": ""2021-04-09"", ""count"": 9}, ""CA (Bottcher)"": {""start"": ""2022-03-04"", ""end"": ""2022-03-13"", ""count"": 9}, ""Koe"": {""start"": ""2022-09-22"", ""end"": ""2024-11-08"", ""count"": 58}, ""AB (Koe)"": {""start"": ""2023-03-04"", ""end"": ""2025-03-06"", ""count"": 13}, ""AB-K (Koe)"": {""start"": ""2024-03-01"", ""end"": ""2024-03-07"", ""count"": 7}}",Right,1989,"Edmonton, AB","Edmonton, AB","Operations, Government of Alberta",,University of Alberta,94.90%,94.10%,88.10%,84.90%,90.20%,87.30%,87.60%,83.40%,85.20%,80.50%,83.00%,71.60%,92.90%,77.80%,77.50%,67.90%,86.10%,79.40%,77.60%,77.80%,,,94.20%,96.50%,86.70%,96.90%,92.10%,89.70%,96.70%,81.20%,80.00%,0.00%,,,91.70%,87.50%,,,85.00%,87.50%,78.30%,76.70%,,,1.12,0.29,1053,1088,34,31.9,21,15,19,80,16,20,107,7,6.5,,,,,,,,,,,,,,,,,,,,,,,,,,,83.30%,87.50%,,,,,,,88.60%,75.60%,89.40%,83.80%,91.80%,78.80%,88.00%,87.70%,91.10%,82.60%,92.50%,82.20%,91.40%,86.90%,90.80%,79.50%,94.30%,97.70%,Double CCW,67.9,Draw CW,90.2
Karsten Sturmay,79.00%,81.00%,80.10%,81.30%,1492,"{""Fourth"": {""start"": ""2016-01-23"", ""end"": ""2023-10-21"", ""count"": 47}, ""Third"": {""start"": ""2016-03-20"", ""end"": ""2017-03-22"", ""count"": 9}}","{""AB"": {""start"": ""2016-01-23"", ""end"": ""2018-01-19"", ""count"": 14}, ""ALB"": {""start"": ""2016-03-20"", ""end"": ""2016-03-23"", ""count"": 4}, ""UofA (Scoffin)"": {""start"": ""2017-03-18"", ""end"": ""2017-03-22"", ""count"": 5}, ""ALTA"": {""start"": ""2018-03-24"", ""end"": ""2018-03-28"", ""count"": 5}, ""Alberta (m)"": {""start"": ""2020-03-11"", ""end"": ""2020-03-15"", ""count"": 5}, ""Sturmay"": {""start"": ""2021-10-26"", ""end"": ""2023-10-21"", ""count"": 16}, ""K Sturmay"": {""start"": ""2022-10-18"", ""end"": ""2022-10-18"", ""count"": 1}, ""WC3 (Sturmay)"": {""start"": ""2023-03-03"", ""end"": ""2023-03-09"", ""count"": 6}}",Right,1997,"Edmonton, AB","Leduc, AB","Student, University of Alberta",Leduc Composite High School,University of Alberta,91.70%,75.00%,85.10%,93.20%,78.10%,79.10%,76.40%,76.40%,80.00%,82.30%,69.30%,73.20%,96.20%,92.60%,71.00%,80.00%,73.90%,71.30%,,,,,,,86.40%,90.00%,63.20%,73.50%,75.00%,68.80%,71.90%,80.00%,75.00%,58.30%,91.70%,88.60%,70.00%,,87.50%,83.30%,,,,,1.18,0.39,354,390,34.2,34.9,24.9,17.5,16.7,28,4,14.3,41,2,4.9,,,,,,,,,,,,,,,,,,,,,,,,,,,,,,,,,77.40%,82.10%,82.50%,80.40%,85.60%,83.80%,,,85.40%,74.80%,75.60%,68.80%,72.20%,77.20%,80.00%,79.30%,,,,,Hit-roll CW,69.3,Guard CCW,93.2
Kate Cameron,78.70%,76.60%,77.60%,74.70%,2375,"{""Third"": {""start"": ""2015-12-02"", ""end"": ""2023-04-14"", ""count"": 74}, ""Fourth"": {""start"": ""2023-04-14"", ""end"": ""2024-10-04"", ""count"": 28}}","{""McDonald"": {""start"": ""2015-12-02"", ""end"": ""2015-12-04"", ""count"": 3}, ""Englot"": {""start"": ""2017-12-02"", ""end"": ""2017-12-08"", ""count"": 7}, ""MB (Englot)"": {""start"": ""2017-02-18"", ""end"": ""2017-02-26"", ""count"": 8}, ""Flaxey"": {""start"": ""2018-12-05"", ""end"": ""2018-12-08"", ""count"": 4}, ""CA"": {""start"": ""2018-01-27"", ""end"": ""2018-02-02"", ""count"": 7}, ""AB (Walker)"": {""start"": ""2020-02-15"", ""end"": ""2022-02-03"", ""count"": 21}, ""Walker"": {""start"": ""2021-11-02"", ""end"": ""2022-04-15"", ""count"": 14}, ""Cameron"": {""start"": ""2023-10-17"", ""end"": ""2024-10-04"", ""count"": 18}, ""Scheidegger"": {""start"": ""2023-04-11"", ""end"": ""2023-04-14"", ""count"": 4}, ""WC2 (Scheidegger)"": {""start"": ""2023-02-18"", ""end"": ""2023-02-23"", ""count"": 6}, ""MB (Cameron)"": {""start"": ""2024-02-17"", ""end"": ""2024-02-25"", ""count"": 9}}",Right,1992,,,,,,95.10%,91.70%,86.90%,86.10%,75.40%,74.20%,78.40%,71.30%,77.00%,79.80%,77.10%,68.30%,89.20%,91.10%,75.30%,67.70%,72.40%,67.90%,,,,,87.50%,58.30%,93.80%,69.40%,77.70%,74.00%,93.80%,62.50%,73.20%,81.60%,71.90%,60.70%,82.70%,95.20%,65.00%,56.20%,87.50%,54.20%,,,,,1.07,0.37,573,580,29.7,32.4,24,22.7,7,53,7,13.2,57,6,10.5,,,,,,,,,,,,,,,,,,,,,,,,,,,,,,,77.60%,77.60%,,,77.50%,80.00%,81.40%,78.90%,,,80.00%,78.50%,78.00%,75.40%,78.40%,72.00%,80.50%,78.90%,73.40%,76.10%,,,Double CCW,67.7,Guard CW,86.9
Kate Goodhelpsen,76.10%,74.60%,75.40%,77.20%,1095,"{""Second"": {""start"": ""2017-01-22"", ""end"": ""2022-10-19"", ""count"": 45}}","{""AB (Streifel)"": {""start"": ""2017-01-22"", ""end"": ""2017-01-29"", ""count"": 8}, ""UofA (Streifel)"": {""start"": ""2017-03-18"", ""end"": ""2017-03-22"", ""count"": 5}, ""Canada"": {""start"": ""2017-02-16"", ""end"": ""2019-02-23"", ""count"": 15}, ""AB"": {""start"": ""2019-01-19"", ""end"": ""2019-01-27"", ""count"": 8}, ""Alberta (w)"": {""start"": ""2020-03-11"", ""end"": ""2020-03-15"", ""count"": 5}, ""S Sturmay"": {""start"": ""2022-10-18"", ""end"": ""2022-10-19"", ""count"": 2}, ""Sturmay"": {""start"": ""2022-09-21"", ""end"": ""2022-09-23"", ""count"": 2}}",Right,1997,,,,,,88.30%,85.70%,87.90%,84.70%,71.30%,61.60%,65.90%,50.00%,77.70%,81.30%,66.80%,66.70%,86.30%,83.40%,51.00%,73.50%,73.10%,67.30%,,50.00%,50.00%,,83.30%,93.80%,91.70%,87.50%,76.80%,54.20%,56.20%,,,64.30%,75.00%,50.00%,94.00%,82.90%,41.70%,83.30%,,,,,,,1.16,0.54,241,292,37.3,32.9,32.5,19.1,18.2,12,2,16.7,41,1,2.4,,,,,,,,,,,,,,,,,,,,,,,,,,,,,,,,,,,71.00%,75.40%,,,71.10%,81.00%,75.50%,78.60%,,,77.30%,75.00%,,,,,,,Freeze CCW,50,Guard CW,87.9
Kate Hogan,77.90%,78.20%,78.10%,84.00%,196,"{""Fourth"": {""start"": ""2022-12-06"", ""end"": ""2022-12-10"", ""count"": 5}, ""Third"": {""start"": ""2022-09-22"", ""end"": ""2023-01-12"", ""count"": 7}}","{""Scheidegge"": {""start"": ""2022-09-22"", ""end"": ""2023-01-12"", ""count"": 12}}",Right,,,,,,,75.00%,,82.10%,85.70%,70.80%,72.00%,80.60%,75.00%,79.70%,86.90%,97.20%,81.20%,81.20%,,67.90%,75.00%,75.00%,45.80%,,,,,,,75.00%,75.00%,,75.00%,,50.00%,87.50%,75.00%,,,87.50%,,75.00%,91.70%,,,,,,,1,0.3,44,53,25,30.2,24.5,25,0,7,1,14.3,2,0,0,,,,,,,,,,,,,,,,,,,,,,,,,,,,,,,,,,,,,,,,,,,,,76.80%,79.30%,68.80%,82.50%,,,,,Raise CCW,45.8,Hit-roll CW,97.2
Kate Sherry,73.80%,73.40%,73.60%,73.10%,492,"{""Second"": {""start"": ""2016-01-23"", ""end"": ""2016-01-29"", ""count"": 7}, ""Third"": {""start"": ""2017-04-18"", ""end"": ""2017-04-22"", ""count"": 5}, ""Lead"": {""start"": ""2019-01-19"", ""end"": ""2019-01-25"", ""count"": 7}}","{""NO"": {""start"": ""2016-01-23"", ""end"": ""2019-01-25"", ""count"": 14}, ""NO (Brunton)"": {""start"": ""2017-04-18"", ""end"": ""2017-04-22"", ""count"": 5}}",Right,,,,,,,87.90%,83.70%,55.80%,82.50%,72.40%,66.30%,68.80%,61.70%,76.00%,77.70%,69.40%,75.00%,84.10%,90.00%,46.90%,62.50%,93.80%,62.50%,0.00%,,,,90.00%,91.70%,50.00%,,85.00%,53.80%,0.00%,,71.40%,75.00%,,,81.20%,75.00%,,,,50.00%,,,,,1.25,0.44,110,122,30,36.9,29.5,25.5,4.5,12,2,16.7,16,0,0,,,,,,,,,,,,,,,,,,,,,,,,,,,,,,,,,62.70%,78.40%,67.90%,72.90%,,,78.20%,76.30%,,,,,,,,,,,,,Wick CW,0,Raise CW,93.8
Kayla Macmillan,76.50%,79.90%,78.20%,72.60%,980,"{""Third"": {""start"": ""2019-01-19"", ""end"": ""2024-02-22"", ""count"": 50}}","{""BC"": {""start"": ""2019-01-19"", ""end"": ""2019-01-27"", ""count"": 9}, ""Grandy"": {""start"": ""2022-10-18"", ""end"": ""2023-12-15"", ""count"": 27}, ""BC (Grandy)"": {""start"": ""2023-02-17"", ""end"": ""2024-02-22"", ""count"": 14}}",Right,1998,,,,,,94.40%,98.30%,91.90%,92.00%,69.80%,70.60%,76.80%,61.10%,78.30%,83.20%,75.30%,71.00%,87.10%,98.60%,63.80%,72.90%,59.20%,72.40%,,,,,90.00%,,87.50%,86.40%,75.00%,58.30%,25.00%,0.00%,92.50%,82.70%,87.50%,66.70%,92.90%,,75.00%,75.00%,50.00%,62.50%,,,,,1.15,0.47,235,238,34.9,31.1,28.2,26,8.9,28,6,21.4,23,0,0,,,,,,,,,,,,,,,,,,,,,,,,,,,,,,,,,,,,,,,71.50%,84.40%,,,,,78.40%,74.60%,81.80%,75.70%,75.60%,79.80%,,,Raise CW,59.2,Guard CCW,92
Kayla Russell,74.60%,76.60%,75.40%,82.90%,207,"{""Lead"": {""start"": ""2017-01-21"", ""end"": ""2024-02-22"", ""count"": 8}}","{""NB (Crook)"": {""start"": ""2017-01-21"", ""end"": ""2017-01-27"", ""count"": 7}, ""NB (Adams)"": {""start"": ""2024-02-22"", ""end"": ""2024-02-22"", ""count"": 1}}",Right,,,,,,,85.00%,96.10%,58.30%,,67.60%,69.60%,65.00%,33.30%,78.80%,85.00%,66.70%,66.70%,,,,,,,,,,,75.00%,,,,25.00%,80.00%,,,,,,,,,,,,,,,,,0.85,0.56,52,50,26.9,40,34,38.5,-11.6,7,1,14.3,5,1,20,,,,,,,,,,,,,,,,,,,,,,,,,,,,,,,,,,,74.50%,80.80%,,,,,,,,,,,,,77.10%,66.70%,,,Freeze CCW,33.3,Take-out CCW,85
Kayla Skrlik,72.70%,75.70%,74.20%,63.90%,635,"{""Fourth"": {""start"": ""2018-01-13"", ""end"": ""2025-01-17"", ""count"": 32}}","{""AB"": {""start"": ""2018-01-13"", ""end"": ""2018-01-19"", ""count"": 7}, ""Skrlik"": {""start"": ""2022-10-18"", ""end"": ""2025-01-17"", ""count"": 19}, ""AB (Skrlik)"": {""start"": ""2023-02-17"", ""end"": ""2023-02-23"", ""count"": 6}}",Right,1997,,,,,,,,85.40%,90.00%,75.40%,79.10%,69.40%,75.00%,79.20%,77.50%,64.70%,77.40%,70.00%,75.00%,42.90%,61.80%,51.80%,46.90%,,,0.00%,75.00%,,,66.70%,,61.50%,83.90%,62.50%,50.00%,77.30%,77.80%,68.80%,,,50.00%,0.00%,,58.30%,37.50%,,,,,1.2,0.32,166,149,36.1,38.3,23.5,28.3,7.8,16,5,31.2,23,3,13,,,,,,,,,,,,,,,,,,,,,,,,,,,,,,,,,,,,,77.70%,71.30%,,,,,,,61.40%,66.70%,79.50%,74.10%,82.50%,72.70%,64.30%,63.20%,Promotion CW,0,Guard CCW,90
Keira Mclaughlin,74.40%,78.20%,76.50%,86.90%,909,"{""Lead"": {""start"": ""2016-01-23"", ""end"": ""2019-01-25"", ""count"": 28}, ""Second"": {""start"": ""2020-03-11"", ""end"": ""2020-03-15"", ""count"": 5}}","{""NB"": {""start"": ""2016-01-23"", ""end"": ""2019-01-25"", ""count"": 23}, ""NB (Comeau)"": {""start"": ""2017-04-18"", ""end"": ""2017-04-22"", ""count"": 5}, ""UNB (w)"": {""start"": ""2020-03-11"", ""end"": ""2020-03-15"", ""count"": 5}}",Right,2000,,,,,,84.30%,83.10%,73.80%,86.80%,74.00%,76.70%,76.80%,75.00%,71.10%,80.70%,55.30%,59.80%,58.30%,90.60%,56.20%,68.80%,56.20%,80.00%,,0.00%,,,81.20%,88.80%,91.70%,,66.70%,84.50%,,91.70%,87.50%,50.00%,,,75.00%,,,,,,,,,,1.05,0.55,227,217,31.7,32.3,32.7,23.3,8.4,19,5,26.3,22,0,0,,,,,,,,,,,,,,,,,,,,,,,,,,,,,,,,,78.80%,71.20%,80.00%,86.00%,78.40%,74.40%,81.30%,72.60%,68.80%,64.80%,,,,,,,,,,,Wick CCW,0,Guard CCW,86.8
Keith Fenton,83.30%,89.80%,87.90%,71.30%,255,"{""Lead"": {""start"": ""2001-03-03"", ""end"": ""2001-03-10"", ""count"": 8}}","{""MB (Burtnyk)"": {""start"": ""2001-03-03"", ""end"": ""2001-03-10"", ""count"": 8}}",Right,1960,,,,,,95.20%,,93.80%,89.60%,76.20%,92.30%,78.10%,78.60%,66.70%,91.70%,87.50%,70.80%,,,87.50%,83.30%,25.00%,39.30%,50.00%,50.00%,,,,,,,,75.00%,50.00%,,,,,,,,,,,0.00%,50.00%,66.70%,,,1.16,0.24,64,66,35.9,39.4,19.7,17.2,18.7,4,1,25,8,0,0,,,91.40%,78.30%,,,,,,,,,,,,,,,,,,,,,,,,,,,,,,,,,,,,,,,,,,,,,,,,,Raise CW,25,Guard CW,93.8
Keith Jewer,82.10%,86.40%,83.60%,79.30%,324,"{""Lead"": {""start"": ""2006-03-11"", ""end"": ""2019-03-06"", ""count"": 11}}","{""NL (Peddigrew)"": {""start"": ""2006-03-11"", ""end"": ""2006-03-16"", ""count"": 6}, ""NL"": {""start"": ""2019-03-02"", ""end"": ""2019-03-06"", ""count"": 5}}",Right,1974,,,,,,89.30%,90.80%,85.00%,,82.40%,82.80%,54.70%,75.00%,67.10%,88.30%,87.50%,50.00%,,0.00%,75.00%,50.00%,50.00%,91.70%,,,,,98.70%,85.70%,,,83.30%,62.50%,50.00%,,,,,,,,,,75.00%,,,,,,0.77,0.19,87,69,14.9,27.5,15.9,32.2,-17.3,13,1,7.7,1,0,0,,,,,,,,,,,,,86.20%,77.40%,,,,,,,,,,,,,,,,,,,,,,,,,84.10%,68.80%,,,,,,,,,,,,,Hit-roll CCW,50,Raise CCW,91.7
Keith Ryan,76.40%,72.20%,74.00%,63.80%,201,"{""Fourth"": {""start"": ""2001-03-03"", ""end"": ""2001-03-08"", ""count"": 6}}","{""NFLD (Ryan)"": {""start"": ""2001-03-03"", ""end"": ""2001-03-08"", ""count"": 6}}",Right,1968,,,,,,,,82.50%,,76.40%,76.00%,84.40%,85.70%,69.50%,77.40%,62.50%,56.20%,90.00%,85.70%,,20.80%,85.00%,33.30%,,,,,,,66.70%,,50.00%,91.70%,62.50%,50.00%,75.00%,,,0.00%,,,,0.00%,,33.30%,,,,,0.78,0.12,54,48,18.5,25,12.5,25.9,-7.4,8,0,0,1,0,0,,,81.60%,69.10%,,,,,,,,,,,,,,,,,,,,,,,,,,,,,,,,,,,,,,,,,,,,,,,,,Double CCW,20.8,Freeze CCW,85.7
Kelly Kay,74.80%,72.00%,73.30%,76.00%,316,"{""Lead"": {""start"": ""2017-04-18"", ""end"": ""2018-03-27"", ""count"": 6}, ""Second"": {""start"": ""2018-03-24"", ""end"": ""2018-03-28"", ""count"": 5}}","{""SK (Erickson)"": {""start"": ""2017-04-18"", ""end"": ""2017-04-21"", ""count"": 4}, ""DOU"": {""start"": ""2018-03-24"", ""end"": ""2018-03-28"", ""count"": 5}, ""REG"": {""start"": ""2018-03-25"", ""end"": ""2018-03-27"", ""count"": 2}}",Right,1999,,,,,,96.40%,81.80%,62.50%,62.50%,70.80%,67.00%,75.00%,87.50%,76.00%,67.70%,70.50%,55.80%,78.90%,84.00%,0.00%,0.00%,50.00%,75.00%,,,,,,87.50%,,,,41.70%,,,,,,33.30%,50.00%,97.70%,,,50.00%,,,,,,1.01,0.68,76,76,26.3,28.9,38.2,21.1,5.2,6,1,16.7,13,0,0,,,,,,,,,,,,,,,,,,,,,,,,,,,,,,,,,,,75.00%,63.00%,71.70%,74.60%,,,,,,,,,,,,,,,Double CW,0,Freeze CCW,87.5
Kelly Knapp,77.60%,71.50%,75.60%,66.20%,214,"{""Lead"": {""start"": ""2011-03-09"", ""end"": ""2021-11-23"", ""count"": 2}, ""Fourth"": {""start"": ""2023-03-04"", ""end"": ""2023-05-05"", ""count"": 10}}","{""Sask (Laycock)"": {""start"": ""2011-03-09"", ""end"": ""2011-03-09"", ""count"": 1}, ""McEwen"": {""start"": ""2021-11-23"", ""end"": ""2021-11-23"", ""count"": 1}, ""SK (Knapp)"": {""start"": ""2023-03-04"", ""end"": ""2023-03-09"", ""count"": 6}, ""Knapp"": {""start"": ""2023-05-02"", ""end"": ""2023-05-05"", ""count"": 4}}",Right,1989,,,,,,75.00%,,90.60%,75.00%,72.90%,66.20%,87.50%,75.00%,80.50%,71.00%,71.70%,75.00%,,,85.00%,75.00%,58.30%,66.70%,,,,,50.00%,,91.70%,,62.50%,,87.50%,,,37.50%,58.30%,75.00%,,,,0.00%,,,,,,,0.79,0.25,47,60,12.8,25,21.7,29.8,-17,11,1,9.1,3,1,33.3,,,,,,,,,,,,,,,,,,,,,,,50.00%,,,,,,,,,,,,,,,,,,,,100.00%,,,,74.70%,75.80%,,,,,Raise CW,58.3,Guard CW,90.6
Kelly Mittelstadt,89.10%,84.20%,85.70%,89.10%,384,"{""Lead"": {""start"": ""2011-03-05"", ""end"": ""2013-03-07"", ""count"": 12}}","{""NS (Adams)"": {""start"": ""2011-03-05"", ""end"": ""2011-03-10"", ""count"": 6}, ""NS (Flemming)"": {""start"": ""2013-03-02"", ""end"": ""2013-03-07"", ""count"": 6}}",Left,1975,"Edmonton, AB","Elmsdale, NS","Lawyer, Burchell MacDougall","Archbishop Jordan (Sherwood Park, AB)","University of Alberta (Bachelor of Commerce), Dalhousie (Bachelor of Law)",94.70%,90.20%,91.70%,89.10%,87.00%,81.80%,80.00%,64.00%,79.50%,92.30%,75.00%,91.70%,,25.00%,,87.50%,91.70%,73.10%,,,,,87.50%,93.80%,,75.00%,,81.20%,75.00%,,,,,,,,,,,,,,,,0.95,0.21,99,90,24.2,33.3,13.3,23.2,1,15,1,6.7,5,1,20,,,,,,,,,,,,,,,,,,,,,,,85.50%,78.30%,,,87.00%,85.20%,,,,,,,,,,,,,,,,,,,,,,,,,Freeze CCW,64,Take-out CCW,92.3
Kelly Scott,77.40%,76.40%,76.90%,77.60%,710,"{""Fourth"": {""start"": ""2011-02-19"", ""end"": ""2013-02-24"", ""count"": 23}}","{""BC(Scott)"": {""start"": ""2011-02-19"", ""end"": ""2011-02-25"", ""count"": 7}, ""BC (Scott)"": {""start"": ""2012-02-18"", ""end"": ""2013-02-24"", ""count"": 16}}",Right,1977,"Winnipeg, MB","Kelowna, BC","Accounting / Owner, Nutri-Lawn Ecology Friendly Lawn Care - Okanagan",,,,,88.70%,91.70%,75.60%,75.00%,77.50%,62.50%,84.70%,80.80%,71.50%,77.90%,71.40%,81.80%,53.10%,58.90%,68.30%,58.30%,,,,,,,83.30%,95.00%,91.70%,75.00%,33.30%,,93.80%,92.90%,75.00%,91.70%,,,33.30%,25.00%,62.50%,66.70%,,,,,1.22,0.32,174,182,32.8,38.5,23.6,16.7,16.1,12,4,33.3,17,0,0,,,,,,,,,,,,,,,,,,,,,,,73.80%,75.20%,81.10%,77.30%,76.70%,76.80%,,,,,,,,,,,,,,,,,,,,,,,,,Double CW,53.1,Guard CCW,91.7
Ken Maskiewich,78.90%,79.20%,79.00%,83.50%,204,"{""Third"": {""start"": ""2011-03-05"", ""end"": ""2011-03-10"", ""count"": 6}}","{""B.C. (Cotter)"": {""start"": ""2011-03-05"", ""end"": ""2011-03-10"", ""count"": 6}}",Right,1966,"Smithers, BC","Cloverdale, BC","Sales / Marketing, Precision Metals",Smithers Secondary,BCIT,,,81.20%,93.80%,75.00%,87.50%,80.00%,81.20%,84.60%,80.80%,65.00%,50.00%,87.50%,,71.90%,55.00%,68.80%,91.70%,,,,,,,,87.50%,25.00%,85.00%,62.50%,,,,,75.00%,,,,,,,,,,,0.87,0.22,53,46,20.8,45.7,17.4,26.4,-5.6,2,0,0,3,0,0,,,,,,,,,,,,,,,,,,,,,,,82.40%,77.10%,,,,,,,,,,,,,,,,,,,,,,,,,,,,,Hit-roll CCW,50,Guard CCW,93.8
Kendra Lilly,77.90%,79.80%,78.80%,76.80%,2399,"{""Third"": {""start"": ""2016-02-20"", ""end"": ""2023-02-26"", ""count"": 87}, ""Second"": {""start"": ""2024-02-16"", ""end"": ""2024-02-21"", ""count"": 4}}","{""NO (McCarville)"": {""start"": ""2016-02-20"", ""end"": ""2024-02-21"", ""count"": 56}, ""McCarville"": {""start"": ""2017-11-07"", ""end"": ""2022-10-19"", ""count"": 35}}",Right,1991,"Sudbury, ON","Sudbury, ON","Insurance Advisor, Crossgrove & Company Wealth Management Inc.",,Laurentian University,81.20%,92.40%,80.80%,84.40%,71.50%,74.60%,74.00%,71.90%,82.90%,82.50%,74.50%,78.70%,89.90%,85.10%,72.70%,77.20%,59.00%,73.90%,,,,,75.00%,93.20%,77.80%,97.10%,77.10%,86.80%,75.00%,54.20%,83.80%,85.70%,87.50%,80.00%,93.00%,77.00%,80.00%,80.00%,12.50%,66.70%,,,,,1.05,0.4,553,610,30,33.6,28.2,19.2,10.8,39,13,33.3,60,6,10,,,,,,,,,,,,,,,,,,,,,,,,,,,,,,,,,76.50%,84.70%,78.20%,85.00%,,,79.60%,81.00%,73.00%,81.20%,75.50%,76.50%,75.00%,74.50%,74.70%,77.70%,75.00%,81.10%,,,Raise CW,59,Guard CCW,84.4
Kendra Lister,82.90%,72.00%,80.20%,74.30%,570,"{""Lead"": {""start"": ""2014-11-10"", ""end"": ""2024-02-22"", ""count"": 21}}","{""NB (Jones)"": {""start"": ""2014-11-10"", ""end"": ""2014-11-14"", ""count"": 5}, ""NB"": {""start"": ""2018-01-27"", ""end"": ""2018-02-02"", ""count"": 6}, ""NB (Adams)"": {""start"": ""2021-02-20"", ""end"": ""2024-02-22"", ""count"": 10}}",Right,1987,,,,,,88.30%,89.60%,92.00%,68.80%,81.30%,62.20%,69.40%,45.00%,75.00%,70.50%,83.30%,62.50%,,,50.00%,25.00%,59.10%,62.50%,53.10%,33.30%,,,94.80%,89.30%,91.70%,75.00%,78.30%,75.00%,,12.50%,75.00%,,,,,,,,50.00%,,50.00%,,,,0.93,0.37,137,142,25.5,28.9,26.1,32.8,-7.3,18,4,22.2,11,1,9.1,,,,,,,,,,,,,,,,,,,,,,,,,,,,,84.00%,63.20%,,,,,,,86.50%,78.00%,,,,,77.00%,59.30%,,,,,84.10%,63.90%,,,Double CCW,25,Guard CW,92
Kerr Drummond,79.30%,83.10%,81.70%,79.30%,524,"{""Second"": {""start"": ""2022-10-18"", ""end"": ""2024-03-07"", ""count"": 21}, ""Third"": {""start"": ""2025-03-01"", ""end"": ""2025-03-06"", ""count"": 5}}","{""Sluchinski"": {""start"": ""2022-10-18"", ""end"": ""2023-12-15"", ""count"": 15}, ""AB-S (Sluchinski)"": {""start"": ""2024-03-01"", ""end"": ""2024-03-07"", ""count"": 6}, ""YK (Scoffin)"": {""start"": ""2025-03-01"", ""end"": ""2025-03-06"", ""count"": 5}}",Right,1991,,"Red Deer, AB",,,,93.80%,79.50%,87.50%,96.70%,75.60%,84.70%,87.50%,73.70%,81.20%,85.10%,79.80%,82.40%,89.50%,88.40%,69.60%,78.60%,75.00%,65.40%,,,,,,81.80%,,,80.60%,80.60%,,75.00%,68.80%,87.50%,41.70%,,,,75.00%,65.00%,62.50%,50.00%,,,,,0.94,0.28,135,121,24.4,24.8,18.2,23.7,0.7,18,4,22.2,9,1,11.1,,,,,,,,,,,,,,,,,,,,,,,,,,,,,,,,,,,,,,,,,,,,,92.30%,84.70%,76.60%,75.00%,87.10%,89.90%,87.80%,78.90%,Raise CCW,65.4,Guard CCW,96.7
Kerri Einarson,79.40%,78.20%,78.80%,76.00%,5926,"{""Third"": {""start"": ""2014-11-10"", ""end"": ""2016-11-19"", ""count"": 11}, ""Fourth"": {""start"": ""2016-02-20"", ""end"": ""2025-04-11"", ""count"": 245}}","{""MB (Kolomaya)"": {""start"": ""2014-11-10"", ""end"": ""2014-11-14"", ""count"": 5}, ""MB (Calvert)"": {""start"": ""2016-11-14"", ""end"": ""2016-11-19"", ""count"": 6}, ""Einarson"": {""start"": ""2016-11-30"", ""end"": ""2025-04-11"", ""count"": 148}, ""MB (Einarson)"": {""start"": ""2016-02-20"", ""end"": ""2020-02-23"", ""count"": 18}, ""Kerri Einarson"": {""start"": ""2018-01-14"", ""end"": ""2018-01-14"", ""count"": 1}, ""WC"": {""start"": ""2018-01-27"", ""end"": ""2018-02-04"", ""count"": 9}, ""CA (Einarson)"": {""start"": ""2021-02-19"", ""end"": ""2024-02-23"", ""count"": 26}, ""Canada"": {""start"": ""2021-04-29"", ""end"": ""2022-11-05"", ""count"": 25}, ""CAN (Einarson)"": {""start"": ""2022-01-29"", ""end"": ""2023-03-26"", ""count"": 18}}",Right,1987,,"Gimli, MB",,,,83.90%,86.70%,89.90%,87.10%,76.90%,76.30%,73.90%,67.60%,83.50%,81.60%,77.10%,76.90%,96.60%,91.40%,69.80%,65.10%,65.80%,69.80%,,,54.80%,67.70%,93.80%,,92.90%,89.30%,68.20%,79.20%,85.70%,56.20%,87.70%,81.90%,75.00%,74.10%,98.90%,84.20%,59.50%,53.80%,58.70%,75.00%,,,43.20%,62.50%,1.26,0.4,1391,1523,38.3,37.4,25.7,18.8,19.5,102,26,25.5,189,12,6.3,,,,,,,,,,,,,,,,,,,,,,,,,,,,,75.00%,83.00%,,,73.60%,80.20%,76.10%,73.80%,75.70%,77.10%,65.30%,69.30%,76.90%,87.00%,79.00%,79.70%,80.40%,79.90%,80.00%,78.40%,78.30%,79.70%,77.80%,76.80%,Promotion CW,54.8,Guard CW,89.9
Kerry Burtnyk,75.50%,79.40%,77.70%,79.50%,448,"{""Fourth"": {""start"": ""2001-03-03"", ""end"": ""2008-03-13"", ""count"": 14}}","{""MB (Burtnyk)"": {""start"": ""2001-03-03"", ""end"": ""2001-03-10"", ""count"": 8}, ""MB (Butnyk)"": {""start"": ""2008-03-08"", ""end"": ""2008-03-13"", ""count"": 6}}",Right,1959,"Reston, MB","Winnipeg, MB","Investment Advisor, Wellington West Capital",John Taylor Collegiate,Red River Community College,,50.00%,89.70%,84.20%,65.80%,79.40%,73.10%,68.80%,74.30%,84.10%,71.80%,81.60%,,91.70%,84.40%,58.90%,83.30%,50.00%,,,,,,,,66.70%,75.00%,46.40%,,75.00%,65.40%,,66.70%,79.20%,,,,,,,,,,,1.07,0.31,104,120,31.7,34.2,26.7,21.2,10.5,9,1,11.1,13,0,0,,,83.10%,80.00%,,,,,,,,,,,,,69.40%,75.70%,,,,,,,,,,,,,,,,,,,,,,,,,,,,,,,,,,,Raise CCW,50,Guard CW,89.7
Kerry Galusha,76.70%,72.10%,75.10%,72.50%,2339,"{""Fourth"": {""start"": ""2011-02-19"", ""end"": ""2021-02-25"", ""count"": 47}, ""Third"": {""start"": ""2014-11-10"", ""end"": ""2014-11-15"", ""count"": 6}, ""Second"": {""start"": ""2020-02-15"", ""end"": ""2020-02-19"", ""count"": 5}, ""Lead"": {""start"": ""2021-10-26"", ""end"": ""2024-02-22"", ""count"": 24}}","{""NT/Y(Galusha)"": {""start"": ""2011-02-19"", ""end"": ""2011-02-24"", ""count"": 6}, ""NT/YT (Galusha)"": {""start"": ""2012-02-18"", ""end"": ""2012-02-23"", ""count"": 6}, ""NT (Galusha)"": {""start"": ""2013-02-16"", ""end"": ""2024-02-22"", ""count"": 52}, ""NT (Koe)"": {""start"": ""2014-11-10"", ""end"": ""2014-11-15"", ""count"": 6}, ""NT"": {""start"": ""2018-01-27"", ""end"": ""2018-02-02"", ""count"": 6}, ""Galusha"": {""start"": ""2021-10-26"", ""end"": ""2022-10-18"", ""count"": 6}}",Right,1978,"Yellowknife, NT","Yellowknife, NT",,,,91.20%,90.50%,79.50%,78.50%,75.00%,70.60%,68.40%,69.90%,77.00%,75.40%,66.30%,65.40%,88.30%,83.20%,50.00%,47.10%,72.80%,55.00%,66.70%,,,,88.70%,87.50%,79.20%,60.00%,78.40%,47.90%,55.00%,85.00%,69.50%,80.40%,75.00%,63.90%,96.90%,66.70%,55.00%,50.00%,93.80%,45.00%,,,,,1.1,0.3,566,576,32,35.4,21.5,26.7,5.3,66,16,24.2,43,7,16.3,,,,,,,,,,,,,,,,,,,,,,,64.50%,67.20%,66.40%,76.00%,68.80%,55.70%,76.90%,80.00%,,,82.10%,77.10%,73.60%,75.70%,62.10%,70.40%,70.80%,72.80%,73.80%,73.40%,80.50%,72.50%,83.90%,77.00%,88.50%,72.10%,87.90%,78.10%,,,Double CCW,47.1,Guard CW,79.5
Kevin Champion,77.70%,78.40%,78.10%,79.90%,1216,"{""Third"": {""start"": ""2003-03-01"", ""end"": ""2010-03-11"", ""count"": 36}}","{""PEI (Campbell)"": {""start"": ""2003-03-01"", ""end"": ""2003-03-06"", ""count"": 6}, ""PEI(MacDonald)"": {""start"": ""2006-03-11"", ""end"": ""2006-03-16"", ""count"": 6}, ""PEI (Gallant)"": {""start"": ""2007-03-03"", ""end"": ""2008-03-13"", ""count"": 12}, ""PEI (MacDonald)"": {""start"": ""2009-03-07"", ""end"": ""2010-03-11"", ""count"": 12}}",Right,1964,"Charlottetown, PEI","Charlottetown, PEI","CPGA Golf Pro, Andersons Creek Golf Club",,,96.40%,99.00%,88.30%,88.30%,73.00%,74.80%,66.70%,68.70%,81.70%,82.40%,76.80%,76.80%,91.70%,88.70%,74.10%,76.00%,70.00%,64.50%,,,,,,,85.00%,93.20%,80.60%,66.10%,72.20%,75.00%,84.40%,78.10%,,83.30%,94.40%,88.30%,68.80%,64.30%,75.00%,50.00%,,,,,0.98,0.21,303,290,24.4,35.2,15.5,25.4,-1,38,6,15.8,16,3,18.8,,,,,,,76.00%,78.80%,,,,,76.40%,83.70%,83.40%,79.30%,75.70%,74.50%,70.50%,78.50%,76.50%,80.20%,,,,,,,,,,,,,,,,,,,,,,,,,,,,,,,Raise CCW,64.5,Guard CW,88.3
Kevin Folk,83.60%,79.90%,81.80%,87.50%,652,"{""Second"": {""start"": ""2008-03-08"", ""end"": ""2011-03-10"", ""count"": 13}, ""Third"": {""start"": ""2012-03-03"", ""end"": ""2012-03-08"", ""count"": 6}}","{""B.C. (Ursel)"": {""start"": ""2008-03-08"", ""end"": ""2008-03-14"", ""count"": 7}, ""B.C. (Cotter)"": {""start"": ""2011-03-05"", ""end"": ""2011-03-10"", ""count"": 6}, ""BC (Cotter)"": {""start"": ""2012-03-03"", ""end"": ""2012-03-08"", ""count"": 6}}",Right,1980,"Saskatoon, SK","Kelowna, BC","Senior Account Manager, RBC Royal Bank",Rutland Senior Secondary,Okanagan University College,94.10%,89.30%,91.20%,92.20%,74.50%,68.40%,77.10%,72.90%,90.30%,82.10%,82.90%,77.80%,88.00%,91.10%,75.00%,81.00%,77.30%,80.30%,,,,,87.50%,,75.00%,83.30%,50.00%,93.80%,75.00%,,91.70%,90.00%,87.50%,75.00%,,,,91.70%,,87.50%,,,,,0.89,0.27,169,150,23.7,41.3,20.7,25.4,-1.7,13,3,23.1,10,0,0,,,,,,,,,,,,,,,,,78.80%,85.70%,,,,,79.80%,81.20%,75.30%,85.80%,,,,,,,,,,,,,,,,,,,,,,,,,,,Draw CCW,68.4,Guard CCW,92.2
Kevin Genjaga,81.10%,80.10%,80.70%,92.30%,189,"{""Lead"": {""start"": ""2023-03-16"", ""end"": ""2023-09-28"", ""count"": 3}, ""Second"": {""start"": ""2023-03-17"", ""end"": ""2023-03-17"", ""count"": 1}, ""Third"": {""start"": ""2024-03-12"", ""end"": ""2024-03-16"", ""count"": 5}}","{""Dobson (Hum)"": {""start"": ""2023-03-16"", ""end"": ""2023-03-18"", ""count"": 3}, ""Dobson"": {""start"": ""2023-09-28"", ""end"": ""2023-09-28"", ""count"": 1}, ""HUM - M"": {""start"": ""2024-03-12"", ""end"": ""2024-03-16"", ""count"": 5}}",Right,,,,,,,85.00%,50.00%,83.30%,95.00%,72.90%,78.80%,87.50%,50.00%,84.70%,84.30%,87.50%,33.30%,91.70%,93.20%,66.70%,,,,,,,,,,,,67.90%,75.00%,,,,87.50%,,,,,,,,,,,,,1.49,0.48,39,56,43.6,41.1,35.7,12.8,30.8,3,1,33.3,9,0,0,,,,,,,,,,,,,,,,,,,,,,,,,,,,,,,,,,,,,,,,,,,,,,,68.50%,72.90%,79.70%,86.00%,,,Hit-roll CCW,33.3,Guard CCW,95
Kevin Koe,81.00%,84.30%,83.10%,82.10%,5877,"{""Fourth"": {""start"": ""2010-03-06"", ""end"": ""2025-03-06"", ""count"": 251}, ""Third"": {""start"": ""2014-04-06"", ""end"": ""2014-04-06"", ""count"": 1}}","{""AB (Koe)"": {""start"": ""2010-03-06"", ""end"": ""2025-03-06"", ""count"": 39}, ""Alberta (Koe)"": {""start"": ""2012-03-03"", ""end"": ""2012-03-11"", ""count"": 8}, ""CAN"": {""start"": ""2014-03-29"", ""end"": ""2014-04-06"", ""count"": 8}, ""Koe"": {""start"": ""2015-12-02"", ""end"": ""2024-11-08"", ""count"": 119}, ""Canada"": {""start"": ""2016-04-02"", ""end"": ""2019-04-07"", ""count"": 20}, ""CA (Koe)"": {""start"": ""2017-03-04"", ""end"": ""2020-03-07"", ""count"": 17}, ""CAN (Koe)"": {""start"": ""2018-02-14"", ""end"": ""2018-02-23"", ""count"": 10}, ""AB"": {""start"": ""2019-03-02"", ""end"": ""2019-03-10"", ""count"": 9}, ""Canada 2"": {""start"": ""2019-05-08"", ""end"": ""2019-05-12"", ""count"": 5}, ""WC2 (Koe)"": {""start"": ""2021-03-05"", ""end"": ""2021-03-14"", ""count"": 9}, ""AB-K (Koe)"": {""start"": ""2024-03-01"", ""end"": ""2024-03-07"", ""count"": 7}}",Right,1975,"Edmonton, AB","Calgary, AB","Landman, Talisman Energy",,University of Calgary,97.70%,87.50%,91.60%,92.20%,79.80%,83.30%,72.70%,81.20%,83.20%,86.90%,80.20%,81.10%,94.70%,98.90%,71.20%,75.30%,76.50%,75.60%,70.80%,75.00%,66.70%,66.70%,,83.30%,95.00%,95.00%,78.10%,88.90%,55.40%,85.90%,82.50%,85.80%,81.50%,73.50%,87.50%,,72.90%,72.00%,76.00%,76.20%,,,75.00%,60.00%,1.19,0.29,1445,1463,37.3,37,19.7,14.9,22.4,90,22,24.4,162,5,3.1,,,,,,,,,,,,,,,,,,,,,81.50%,82.00%,,,79.50%,84.50%,,,85.10%,80.60%,92.40%,86.70%,82.00%,88.10%,90.00%,84.70%,80.70%,84.20%,80.60%,84.00%,86.20%,87.00%,87.60%,82.60%,83.20%,80.50%,79.90%,81.80%,73.80%,76.60%,78.40%,83.10%,Promotion CW,66.7,Guard CCW,92.2
Kevin Mackenzie,84.10%,85.10%,84.60%,80.40%,446,"{""Second"": {""start"": ""2002-03-09"", ""end"": ""2003-03-04"", ""count"": 7}, ""Lead"": {""start"": ""2003-03-01"", ""end"": ""2003-03-08"", ""count"": 8}}","{""B.C. (Ryan)"": {""start"": ""2002-03-09"", ""end"": ""2002-03-14"", ""count"": 6}, ""B.C (Ryan)"": {""start"": ""2003-03-01"", ""end"": ""2003-03-08"", ""count"": 8}}",Right,1974,"Winnipeg, MB",,,,,94.30%,95.00%,78.60%,89.50%,83.90%,87.90%,76.00%,75.00%,88.20%,80.10%,87.50%,75.00%,88.00%,84.60%,75.00%,87.50%,66.70%,87.50%,,80.00%,,,,87.50%,,,85.70%,89.30%,87.50%,25.00%,83.30%,,,37.50%,75.00%,75.00%,,,,,,,,,1.05,0.33,106,107,31.1,34.6,25.2,17,14.1,9,1,11.1,13,1,7.7,,,,,75.70%,84.20%,91.50%,79.30%,,,,,,,,,,,,,,,,,,,,,,,,,,,,,,,,,,,,,,,,,,,,,Raise CW,66.7,Guard CCW,89.5
Kevin Marsh,83.90%,85.20%,84.60%,83.00%,2368,"{""Second"": {""start"": ""2015-11-08"", ""end"": ""2025-04-12"", ""count"": 104}, ""Third"": {""start"": ""2017-11-07"", ""end"": ""2025-03-04"", ""count"": 11}}","{""SK (Korte)"": {""start"": ""2015-11-08"", ""end"": ""2015-11-14"", ""count"": 7}, ""Flasch"": {""start"": ""2017-11-07"", ""end"": ""2023-01-12"", ""count"": 28}, ""SK"": {""start"": ""2019-03-02"", ""end"": ""2019-03-08"", ""count"": 7}, ""SK (Flasch)"": {""start"": ""2022-03-04"", ""end"": ""2022-03-12"", ""count"": 8}, ""McEwen"": {""start"": ""2023-09-28"", ""end"": ""2025-04-12"", ""count"": 47}, ""SK (McEwen)"": {""start"": ""2024-03-01"", ""end"": ""2025-03-07"", ""count"": 17}}",Right,1989,,,,,,88.80%,90.40%,92.30%,91.90%,84.30%,84.40%,75.60%,79.30%,84.80%,84.70%,77.20%,79.60%,92.00%,95.10%,75.00%,78.00%,80.00%,76.40%,,,80.00%,73.00%,89.30%,66.70%,,92.90%,89.50%,77.10%,61.40%,96.40%,81.20%,84.40%,87.50%,70.80%,93.10%,97.80%,66.70%,67.90%,75.00%,83.30%,,,87.50%,91.70%,1.09,0.31,608,539,32.1,34.7,21.3,18.1,14,50,4,8,63,4,6.3,,,,,,,,,,,,,,,,,,,,,,,,,,,,,,,82.70%,80.90%,,,86.60%,83.00%,,,80.60%,77.90%,,,75.70%,83.70%,85.20%,80.50%,85.20%,86.90%,86.50%,87.40%,89.70%,88.40%,Promotion CCW,73,Guard CW,92.3
Kevin Martin,82.30%,84.80%,83.70%,88.80%,1488,"{""Fourth"": {""start"": ""2002-02-20"", ""end"": ""2013-03-07"", ""count"": 52}}","{""CAN"": {""start"": ""2002-02-20"", ""end"": ""2010-02-27"", ""count"": 11}, ""ALTA (Martin)"": {""start"": ""2006-03-11"", ""end"": ""2009-03-15"", ""count"": 14}, ""AB (Martin)"": {""start"": ""2007-03-03"", ""end"": ""2013-03-07"", ""count"": 27}}",Left,1986,"London, ON","Windsor, ON",,,,,,92.90%,89.20%,85.40%,86.10%,81.80%,91.70%,83.50%,85.00%,80.20%,83.30%,99.00%,95.60%,65.60%,76.00%,73.30%,76.70%,,43.80%,55.60%,83.30%,,,75.00%,,89.80%,85.70%,67.90%,,91.70%,94.00%,87.50%,,,,79.20%,66.70%,87.50%,72.50%,,,,,1.3,0.34,369,373,40.7,42.4,23.3,14.1,26.6,14,6,42.9,54,0,0,,,,,54.20%,83.90%,,,,,,,85.90%,78.10%,88.70%,79.90%,87.80%,85.30%,87.90%,90.10%,90.20%,81.60%,82.90%,76.80%,,,87.20%,82.00%,,,,,,,,,,,,,,,,,,,,,,,,,Wick CCW,43.8,Guard CW,92.9
Kevin Park,81.10%,85.70%,84.10%,85.60%,454,"{""Third"": {""start"": ""2009-03-07"", ""end"": ""2010-03-11"", ""count"": 15}}","{""MAN (Stoughton)"": {""start"": ""2009-03-07"", ""end"": ""2009-03-15"", ""count"": 9}, ""MB (Stoughton)"": {""start"": ""2010-03-06"", ""end"": ""2010-03-11"", ""count"": 6}}",Right,1964,"Hythe, AB","Edmonton, AB","Website Database Manager, Delvi Data",Edmonton,,,,88.60%,91.20%,83.30%,81.20%,80.00%,75.00%,75.00%,90.20%,78.80%,82.80%,98.90%,97.40%,62.50%,81.50%,71.40%,64.70%,,,,,,,,95.80%,,93.80%,,75.00%,50.00%,87.50%,75.00%,83.30%,,,,75.00%,87.50%,75.00%,,,,,1.17,0.27,103,114,34,44.7,17.5,14.6,19.4,8,1,12.5,12,0,0,,,,,,,,,,,,,,,,,,,80.50%,86.10%,86.80%,81.20%,,,,,,,,,,,,,,,,,,,,,,,,,,,,,,,Double CW,62.5,Guard CCW,91.2
Kevin Recksiedler,78.70%,79.10%,78.90%,77.20%,454,"{""Second"": {""start"": ""2004-03-06"", ""end"": ""2009-03-12"", ""count"": 14}}","{""BC (Peachey)"": {""start"": ""2004-03-06"", ""end"": ""2004-03-13"", ""count"": 8}, ""BC (Geal)"": {""start"": ""2009-03-07"", ""end"": ""2009-03-12"", ""count"": 6}}",Right,1980,"Vancouver, BC","Port Moody, BC","Territory Manager , Lafarge",,,95.00%,88.50%,87.50%,83.30%,67.90%,60.80%,73.10%,75.00%,78.70%,83.30%,77.10%,79.80%,93.90%,89.60%,64.30%,65.90%,70.50%,70.50%,,,,,94.40%,,,,75.00%,33.30%,,62.50%,50.00%,,,,96.40%,89.60%,,,25.00%,,,,,,1.06,0.27,113,103,30.1,38.8,20.4,22.1,8,10,0,0,11,1,9.1,,,,,,,,,71.00%,86.50%,,,,,,,,,77.00%,76.60%,,,,,,,,,,,,,,,,,,,,,,,,,,,,,,,,,Draw CCW,60.8,Guard CW,87.5
Kevin Whitehead,78.20%,77.10%,77.70%,77.90%,566,"{""Third"": {""start"": ""2006-03-11"", ""end"": ""2010-03-11"", ""count"": 18}, ""Fourth"": {""start"": ""2010-03-07"", ""end"": ""2010-03-07"", ""count"": 1}, ""Second"": {""start"": ""2013-03-03"", ""end"": ""2013-03-03"", ""count"": 1}}","{""NWTY (Koe)"": {""start"": ""2006-03-11"", ""end"": ""2006-03-16"", ""count"": 6}, ""NWT/Yukon (Koe)"": {""start"": ""2007-03-03"", ""end"": ""2007-03-08"", ""count"": 6}, ""NT/Y (Koe)"": {""start"": ""2010-03-06"", ""end"": ""2010-03-11"", ""count"": 6}, ""NT/NY (Koe)"": {""start"": ""2013-03-03"", ""end"": ""2013-03-03"", ""count"": 1}}",Right,1978,"Red Lake, ON",,,,,95.00%,,81.20%,85.00%,82.10%,68.00%,71.90%,79.00%,76.70%,77.20%,73.30%,77.80%,89.50%,88.60%,78.10%,66.70%,61.70%,81.20%,,,,,,,82.10%,,92.50%,59.60%,,50.00%,62.50%,56.20%,,87.50%,89.30%,83.30%,,,55.00%,50.00%,,,,,0.93,0.22,138,139,22.5,33.1,18.7,23.9,-1.4,19,4,21.1,11,1,9.1,,,,,,,,,,,,,79.20%,77.40%,76.90%,83.40%,,,,,77.70%,70.30%,,,,,,100.00%,,,,,,,,,,,,,,,,,,,,,,,,,Raise CW,61.7,Guard CCW,85
Kibo Mulima,80.10%,77.40%,78.60%,91.20%,336,"{""Third"": {""start"": ""2023-03-15"", ""end"": ""2024-03-16"", ""count"": 11}}","{""Mooibroek"": {""start"": ""2023-09-28"", ""end"": ""2023-09-28"", ""count"": 1}, ""WLU - M"": {""start"": ""2023-03-15"", ""end"": ""2024-03-16"", ""count"": 10}}",Right,2004,,,,,,,66.70%,83.30%,85.40%,73.50%,77.30%,75.00%,64.30%,82.10%,69.80%,81.00%,82.70%,90.80%,87.00%,75.00%,70.50%,67.50%,96.90%,,,,,,,,,68.80%,,,87.50%,,87.50%,,,,83.30%,,75.00%,75.00%,,,,,,1.33,0.42,79,86,41.8,36,24.4,17.7,24.1,5,1,20,13,0,0,,,,,,,,,,,,,,,,,,,,,,,,,,,,,,,,,,,,,,,,,,,,,,,75.90%,80.00%,79.30%,78.30%,,,Freeze CCW,64.3,Raise CCW,96.9
Kim Dolan,78.10%,72.20%,75.60%,76.20%,212,"{""Fourth"": {""start"": ""2012-02-18"", ""end"": ""2012-02-23"", ""count"": 6}}","{""PEI (Dolan)"": {""start"": ""2012-02-18"", ""end"": ""2012-02-23"", ""count"": 6}}",Right,1958,"Charlottetown, PEI","Charlottetown, PEI","Owner, Olde Dublin Pub/Claddagh Oyster House/Peake's Quay Restaurant",,,,,75.00%,,79.30%,74.20%,75.00%,68.80%,85.60%,75.70%,70.80%,68.80%,83.30%,,65.00%,25.00%,41.70%,43.80%,,,,,,,,,83.30%,78.60%,,,50.00%,50.00%,50.00%,,,,,,50.00%,,,,,,1.12,0.25,50,57,26,28.1,21.1,24,2,6,2,33.3,3,1,33.3,,,,,,,,,,,,,,,,,,,,,,,,,78.30%,73.50%,,,,,,,,,,,,,,,,,,,,,,,,,,,Double CCW,25,Take-out CW,85.6
Kim Kelly,72.30%,80.20%,76.30%,72.40%,229,"{""Third"": {""start"": ""2013-02-16"", ""end"": ""2013-02-22"", ""count"": 7}, ""Second"": {""start"": ""2021-02-24"", ""end"": ""2021-10-28"", ""count"": 2}}","{""NS (Arsenault)"": {""start"": ""2013-02-16"", ""end"": ""2013-02-22"", ""count"": 7}, ""Brothers"": {""start"": ""2021-10-28"", ""end"": ""2021-10-28"", ""count"": 1}, ""NS (Brothers)"": {""start"": ""2021-02-24"", ""end"": ""2021-02-24"", ""count"": 1}}",Right,1962,"Halifax, NS","Halifax, NS","Pharmacist, QEII Health Sciences Center, Capital Health Halifax NS",James M Hill Chatham NB,Dalhousie University Hfx NS,93.80%,,93.80%,90.60%,66.20%,73.90%,62.50%,55.00%,70.50%,83.70%,71.90%,77.30%,71.90%,85.40%,75.00%,65.00%,50.00%,82.10%,,,,,,,87.50%,,50.00%,41.70%,50.00%,37.50%,,75.00%,50.00%,,50.00%,,,,,,,,,,1.09,0.34,46,65,21.7,24.6,29.2,17.4,4.3,4,1,25,6,0,0,,,,,,,,,,,,,,,,,,,,,,,,,,,75.00%,77.50%,,,,,,,,,,,,,,,85.70%,67.50%,,,,,,,,,Raise CW,50,Guard CW,93.8
Kim Schneider,77.80%,79.30%,78.50%,78.50%,554,"{""Third"": {""start"": ""2011-02-19"", ""end"": ""2022-05-07"", ""count"": 20}}","{""SK(Holland)"": {""start"": ""2011-02-19"", ""end"": ""2011-02-27"", ""count"": 9}, ""CAN (Holland)"": {""start"": ""2012-02-18"", ""end"": ""2012-02-23"", ""count"": 6}, ""Holland"": {""start"": ""2022-05-03"", ""end"": ""2022-05-07"", ""count"": 5}}",Right,1984,"Regina, SK","Kronau, SK",,,,89.30%,91.70%,78.80%,85.30%,72.90%,75.80%,75.00%,62.50%,84.20%,82.90%,71.70%,77.30%,81.20%,89.10%,62.50%,64.30%,80.00%,72.90%,,,,,90.00%,87.50%,,,90.00%,75.00%,75.00%,,,79.20%,87.50%,50.00%,80.00%,91.70%,0.00%,,,50.00%,,,,,1.13,0.29,142,126,33.1,46,17.5,23.9,9.2,11,3,27.3,15,3,20,,,,,,,,,,,,,,,,,,,,,,,71.60%,82.80%,78.30%,77.00%,,,,,,,,,,,,,,,,,,,79.20%,77.60%,,,,,,,Freeze CCW,62.5,Guard CCW,85.3
Kimberly Tuck,78.30%,73.60%,76.20%,76.40%,194,"{""Third"": {""start"": ""2016-11-13"", ""end"": ""2016-11-19"", ""count"": 7}, ""Lead"": {""start"": ""2024-02-21"", ""end"": ""2024-02-21"", ""count"": 1}}","{""ON (Tuck)"": {""start"": ""2016-11-13"", ""end"": ""2016-11-19"", ""count"": 7}, ""ON (Inglis)"": {""start"": ""2024-02-21"", ""end"": ""2024-02-21"", ""count"": 1}}",Right,1974,"London, ON","Strathroy, ON","Customer Relations/Sales, Canada Curling Stone Co.",Medway High School,,75.00%,,53.60%,92.90%,76.00%,65.80%,70.00%,45.00%,87.50%,76.00%,72.90%,80.90%,66.70%,95.00%,93.80%,62.50%,60.00%,56.20%,,,,,,,,,75.00%,87.50%,25.00%,75.00%,79.50%,,50.00%,75.00%,,,,50.00%,,,,,,,1.23,0.34,47,44,38.3,40.9,20.5,12.8,25.5,,,,8,0,0,,,,,,,,,,,,,,,,,,,,,,,,,,,,,,,,,69.40%,79.60%,,,,,,,,,,,,,,,87.50%,,,,Freeze CCW,45,Double CW,93.8
Kira Brunton,77.70%,78.30%,78.00%,78.70%,1128,"{""Third"": {""start"": ""2016-01-23"", ""end"": ""2025-01-18"", ""count"": 31}, ""Fourth"": {""start"": ""2017-04-18"", ""end"": ""2020-01-23"", ""count"": 18}, ""Lead"": {""start"": ""2021-02-21"", ""end"": ""2023-02-23"", ""count"": 5}}","{""NO"": {""start"": ""2016-01-23"", ""end"": ""2020-01-23"", ""count"": 20}, ""NO (Brunton)"": {""start"": ""2017-04-18"", ""end"": ""2017-04-22"", ""count"": 5}, ""NO (Burns)"": {""start"": ""2021-02-21"", ""end"": ""2021-02-25"", ""count"": 3}, ""Sturmay"": {""start"": ""2022-09-21"", ""end"": ""2022-09-23"", ""count"": 2}, ""Inglis"": {""start"": ""2023-09-27"", ""end"": ""2025-01-18"", ""count"": 15}, ""ON (Homan)"": {""start"": ""2023-02-18"", ""end"": ""2023-02-23"", ""count"": 3}, ""ON (Inglis)"": {""start"": ""2024-02-17"", ""end"": ""2024-02-22"", ""count"": 6}}",Right,1999,,,,,,96.20%,82.10%,86.00%,84.10%,71.80%,72.30%,83.90%,66.10%,78.00%,82.90%,79.40%,78.10%,91.40%,83.70%,71.00%,67.50%,71.40%,71.40%,75.00%,,,85.00%,87.50%,,93.80%,91.70%,77.60%,66.10%,,75.00%,63.30%,75.00%,65.00%,75.00%,,93.80%,68.80%,,37.50%,50.00%,75.00%,,,,1.18,0.4,283,254,32.9,34.6,27.2,25.4,7.5,32,7,21.9,34,3,8.8,,,,,,,,,,,,,,,,,,,,,,,,,,,,,,,,,73.70%,75.60%,75.40%,75.30%,,,63.90%,81.60%,74.20%,80.40%,68.80%,68.80%,70.00%,73.00%,86.40%,80.90%,82.70%,80.70%,82.60%,85.80%,Freeze CCW,66.1,Guard CW,86
Kirk Muyres,85.00%,82.00%,83.50%,86.10%,1968,"{""Third"": {""start"": ""2015-12-02"", ""end"": ""2016-12-03"", ""count"": 14}, ""Second"": {""start"": ""2017-12-02"", ""end"": ""2022-04-16"", ""count"": 59}, ""Fourth"": {""start"": ""2019-03-02"", ""end"": ""2019-03-08"", ""count"": 7}}","{""Laycock"": {""start"": ""2015-12-02"", ""end"": ""2017-12-08"", ""count"": 15}, ""SK (Laycock)"": {""start"": ""2016-03-05"", ""end"": ""2016-03-10"", ""count"": 6}, ""SK"": {""start"": ""2018-03-03"", ""end"": ""2019-03-08"", ""count"": 14}, ""SK (Dunstone)"": {""start"": ""2021-03-05"", ""end"": ""2021-03-14"", ""count"": 10}, ""Dunstone"": {""start"": ""2021-04-15"", ""end"": ""2022-04-16"", ""count"": 27}, ""WC2 (Dunstone)"": {""start"": ""2022-03-04"", ""end"": ""2022-03-11"", ""count"": 8}}",Right,1990,"St. Gregor, SK","St. Gregor, SK",,Muenster High School,,86.10%,94.10%,92.50%,92.50%,80.10%,80.00%,84.00%,75.00%,87.00%,82.20%,81.40%,74.30%,94.40%,88.90%,78.20%,80.10%,80.00%,72.60%,,,,,97.50%,,92.50%,93.80%,79.20%,72.10%,80.00%,87.50%,91.20%,75.00%,75.00%,95.00%,99.00%,96.30%,,75.00%,78.60%,62.50%,,,,,1.06,0.25,486,474,31.9,31.4,19.4,19.3,12.6,42,7,16.7,42,4,9.5,,,,,,,,,,,,,,,,,,,,,,,,,,,,,,,78.70%,80.70%,86.60%,85.60%,81.70%,85.30%,83.30%,84.60%,79.90%,77.70%,,,84.00%,83.90%,80.70%,85.10%,,,,,,,Raise CCW,72.6,Guard CW,92.5
Klara Svatonova,77.30%,83.10%,81.40%,69.00%,1571,"{""Second"": {""start"": ""2013-03-01"", ""end"": ""2013-03-10"", ""count"": 10}, ""Lead"": {""start"": ""2016-11-19"", ""end"": ""2023-11-23"", ""count"": 46}}","{""CZE"": {""start"": ""2013-03-01"", ""end"": ""2013-03-10"", ""count"": 10}, ""Czech Republic"": {""start"": ""2016-11-19"", ""end"": ""2022-03-25"", ""count"": 40}, ""CZE (Kubeskova)"": {""start"": ""2023-11-18"", ""end"": ""2023-11-23"", ""count"": 6}}",Right,,,,,,,92.30%,89.20%,75.00%,79.50%,70.40%,83.30%,41.70%,50.00%,75.70%,82.40%,72.40%,66.10%,73.60%,77.20%,83.30%,59.40%,,60.00%,55.60%,39.30%,,12.50%,90.40%,92.50%,,75.00%,72.60%,86.20%,,50.00%,33.30%,0.00%,,,,50.00%,75.00%,,,,50.00%,28.60%,,,0.94,0.26,395,373,24.3,35.9,17.2,24.3,0,48,7,14.6,25,1,4,,,,,,,,,,,,,,,,,,,,,,,,,,,66.70%,75.00%,,,,,83.80%,79.20%,83.70%,75.30%,87.00%,82.80%,,,,,86.40%,56.20%,85.90%,66.70%,86.40%,73.60%,,,,,Promotion CCW,12.5,Draw CCW,83.3
Klaudius Harsch,76.80%,74.20%,75.60%,70.50%,401,"{""Second"": {""start"": ""2020-02-17"", ""end"": ""2020-02-20"", ""count"": 2}, ""Lead"": {""start"": ""2020-02-19"", ""end"": ""2020-02-19"", ""count"": 1}, ""Third"": {""start"": ""2021-04-04"", ""end"": ""2023-04-07"", ""count"": 14}}","{""GER (Totzek)"": {""start"": ""2020-02-17"", ""end"": ""2023-04-07"", ""count"": 10}, ""Germany"": {""start"": ""2021-04-04"", ""end"": ""2022-11-24"", ""count"": 7}}",Right,,,,,,,70.00%,90.00%,87.00%,83.30%,64.10%,72.40%,,,86.60%,80.60%,81.80%,71.20%,81.20%,81.20%,90.00%,69.90%,68.80%,50.00%,50.00%,,53.60%,70.80%,0.00%,,50.00%,80.00%,62.50%,82.10%,,,,,58.30%,83.30%,62.50%,,,62.50%,75.00%,,,,,,1.09,0.15,97,97,32,33,11.3,19.6,12.4,16,3,18.8,8,2,25,,,,,,,,,,,,,,,,,,,,,,,,,,,,,,,,,,,,,,,,,70.80%,78.10%,37.50%,71.90%,69.40%,75.50%,76.70%,79.00%,,,,,Raise CCW,50,Double CW,90
Korey Dropkin,76.40%,78.00%,77.20%,67.90%,1851,"{""Fourth"": {""start"": ""2013-02-28"", ""end"": ""2025-04-11"", ""count"": 92}, ""Lead"": {""start"": ""2019-04-05"", ""end"": ""2019-04-05"", ""count"": 1}}","{""USA"": {""start"": ""2013-02-28"", ""end"": ""2015-03-03"", ""count"": 9}, ""USA (Dropkin)"": {""start"": ""2016-03-11"", ""end"": ""2025-04-04"", ""count"": 17}, ""United States"": {""start"": ""2019-01-30"", ""end"": ""2022-04-10"", ""count"": 14}, ""Dropkin"": {""start"": ""2022-05-03"", ""end"": ""2025-04-11"", ""count"": 53}}",Right,1995,"Boston, MA","Duluth, MN",Student,,University of Minnesota - Duluth,,79.20%,87.50%,92.90%,75.50%,74.10%,70.50%,74.00%,80.10%,84.10%,80.70%,77.80%,94.70%,90.80%,61.40%,70.40%,57.90%,74.40%,25.00%,,62.80%,57.90%,,50.00%,90.00%,91.70%,48.90%,71.30%,56.20%,85.00%,62.50%,69.80%,77.10%,75.00%,,83.30%,54.20%,65.00%,50.00%,60.70%,50.00%,,36.10%,50.00%,1.02,0.23,460,454,28.9,32.2,17,21.3,7.6,52,4,7.7,40,5,12.5,,,,,,,,,,,,,,,,,,,,,,,,,,,65.60%,73.00%,,,78.30%,81.20%,85.30%,83.80%,,,,,79.50%,78.20%,,,,,75.80%,79.20%,79.40%,77.10%,73.30%,68.60%,79.20%,78.10%,Wick CW,25,Guard CCW,92.9
Kosuke Morozumi,79.40%,85.70%,84.00%,70.30%,974,"{""Lead"": {""start"": ""2014-03-29"", ""end"": ""2023-10-22"", ""count"": 38}}","{""JPN"": {""start"": ""2014-03-29"", ""end"": ""2014-04-04"", ""count"": 7}, ""Japan"": {""start"": ""2016-04-02"", ""end"": ""2017-11-08"", ""count"": 18}, ""JPN (Morozumi)"": {""start"": ""2018-02-14"", ""end"": ""2018-02-21"", ""count"": 7}, ""Morozumi"": {""start"": ""2023-10-17"", ""end"": ""2023-10-22"", ""count"": 6}}",Right,1988,"Karuizawa, JPN","Karuizawa, JPN",,,International Budo Univercity,94.20%,90.30%,91.70%,72.90%,70.00%,83.70%,45.00%,,60.00%,87.90%,,86.10%,,,,75.00%,78.60%,91.70%,50.00%,72.20%,,0.00%,88.60%,92.30%,,,65.60%,80.10%,,,37.50%,75.00%,,,,,,,50.00%,,50.00%,75.00%,,0.00%,1.17,0.29,236,241,37.3,37.8,19.1,20.8,16.5,22,5,22.7,25,1,4,,,,,,,,,,,,,,,,,,,,,,,,,,,,,82.50%,55.90%,,,85.30%,86.10%,86.50%,80.60%,83.80%,75.00%,,,,,,,,,85.30%,81.20%,,,,,Promotion CCW,0,Guard CW,91.7
Kourtney Fesser,74.00%,70.70%,72.20%,79.20%,513,"{""Third"": {""start"": ""2016-11-13"", ""end"": ""2018-02-02"", ""count"": 12}, ""Fourth"": {""start"": ""2016-01-23"", ""end"": ""2016-01-29"", ""count"": 7}}","{""SK (Scharback)"": {""start"": ""2016-11-13"", ""end"": ""2016-11-19"", ""count"": 7}, ""SK"": {""start"": ""2016-01-23"", ""end"": ""2018-02-02"", ""count"": 12}}",Right,1994,,,,,,93.30%,87.50%,84.10%,72.40%,77.50%,75.00%,71.40%,65.90%,72.10%,73.20%,73.60%,61.00%,,71.40%,53.80%,58.30%,64.60%,59.60%,,,,,95.80%,,,93.80%,,92.50%,87.50%,62.50%,68.20%,87.50%,75.00%,62.50%,,75.00%,50.00%,,,58.30%,,,,,1.11,0.31,122,124,27,36.3,21,17.2,9.8,13,2,15.4,11,0,0,,,,,,,,,,,,,,,,,,,,,,,,,,,,,,,,,74.80%,68.50%,,,82.20%,73.40%,,,,,,,,,,,,,,,Double CW,53.8,Guard CW,84.1
Kris Granchelli,83.40%,81.00%,82.80%,75.80%,198,"{""Lead"": {""start"": ""2009-03-07"", ""end"": ""2009-03-12"", ""count"": 6}}","{""N.S.  (Dacey)"": {""start"": ""2009-03-07"", ""end"": ""2009-03-12"", ""count"": 6}}",Right,1973,"Sydney, NS","Middle Sackville, NS",,,,93.80%,96.20%,66.70%,,79.70%,76.60%,77.30%,75.00%,50.00%,62.50%,83.30%,75.00%,,,,,59.10%,68.80%,,,,,93.20%,,,,,25.00%,62.50%,,,50.00%,,,,,,,,,,,,,0.92,0.26,50,46,24,32.6,21.7,34,-10,9,1,11.1,2,0,0,,,,,,,,,,,,,,,,,,,85.60%,66.10%,,,,,,,,,,,,,,,,,,,,,,,,,,,,,,,,,Take-out CW,50,Hit-roll CW,83.3
Krista Fesser,74.30%,77.60%,75.90%,73.80%,509,"{""Lead"": {""start"": ""2016-11-13"", ""end"": ""2016-11-19"", ""count"": 7}, ""Second"": {""start"": ""2016-01-23"", ""end"": ""2018-02-02"", ""count"": 12}}","{""SK (Scharback)"": {""start"": ""2016-11-13"", ""end"": ""2016-11-19"", ""count"": 7}, ""SK"": {""start"": ""2016-01-23"", ""end"": ""2018-02-02"", ""count"": 12}}",Right,1994,,,,,,82.30%,84.90%,71.40%,93.20%,67.50%,67.60%,71.90%,73.30%,79.50%,80.20%,71.90%,89.30%,93.30%,92.00%,50.00%,83.30%,64.30%,52.80%,,12.50%,,,75.00%,78.10%,50.00%,,69.20%,68.20%,,25.00%,,91.70%,,,,,,,,25.00%,,25.00%,,,1.11,0.31,122,124,27,36.3,21,17.2,9.8,13,2,15.4,11,0,0,,,,,,,,,,,,,,,,,,,,,,,,,,,,,,,,,73.70%,76.00%,,,73.50%,83.70%,,,,,,,,,,,,,,,Wick CCW,12.5,Guard CCW,93.2
Kristen Pilote,76.40%,71.30%,74.00%,80.40%,238,"{""Third"": {""start"": ""2019-02-16"", ""end"": ""2019-02-22"", ""count"": 7}}","{""BC (Wark)"": {""start"": ""2019-02-16"", ""end"": ""2019-02-22"", ""count"": 7}}",Right,1986,"Prince George, BC","Squamish, BC",,,,92.90%,,77.80%,91.70%,63.70%,64.90%,77.30%,42.90%,86.80%,75.70%,72.70%,67.20%,85.70%,89.30%,69.40%,75.00%,58.30%,62.50%,,,,,90.00%,,,,75.00%,91.70%,75.00%,25.00%,,58.30%,,,,,50.00%,,,,,,,,1.22,0.31,54,62,31.5,40.3,21,20.4,11.1,3,0,0,3,1,33.3,,,,,,,,,,,,,,,,,,,,,,,,,,,,,,,,,,,,,,,70.00%,77.60%,,,,,,,,,,,,,Freeze CCW,42.9,Guard CCW,91.7
Kristen Streifel,72.60%,75.90%,74.30%,75.70%,830,"{""Lead"": {""start"": ""2016-03-21"", ""end"": ""2016-03-21"", ""count"": 1}, ""Fourth"": {""start"": ""2017-01-22"", ""end"": ""2018-03-28"", ""count"": 28}, ""Third"": {""start"": ""2022-10-18"", ""end"": ""2022-10-23"", ""count"": 3}}","{""ALB"": {""start"": ""2016-03-21"", ""end"": ""2016-03-21"", ""count"": 1}, ""AB (Streifel)"": {""start"": ""2017-01-22"", ""end"": ""2017-01-29"", ""count"": 8}, ""UofA (Streifel)"": {""start"": ""2017-03-18"", ""end"": ""2017-03-22"", ""count"": 5}, ""Canada"": {""start"": ""2017-02-16"", ""end"": ""2017-02-25"", ""count"": 10}, ""ALTA"": {""start"": ""2018-03-24"", ""end"": ""2018-03-28"", ""count"": 5}, ""Hunkin"": {""start"": ""2022-10-18"", ""end"": ""2022-10-23"", ""count"": 3}}",Right,,,,,,,85.70%,,83.70%,77.00%,71.30%,74.20%,78.60%,77.80%,76.60%,78.00%,66.10%,78.10%,92.40%,90.90%,48.10%,66.30%,39.60%,52.10%,,,75.00%,62.50%,,,79.20%,66.70%,83.30%,79.80%,,87.50%,92.90%,97.50%,,75.00%,87.50%,50.00%,31.20%,62.50%,41.70%,,,,,,1.1,0.52,185,223,33.5,33.2,32.3,20,13.5,11,1,9.1,31,2,6.5,,,,,,,,,,,,,,,,,,,,,,,,,,,,,,,,,81.20%,83.30%,73.40%,74.80%,77.70%,70.00%,,,,,,,78.80%,79.00%,,,,,,,Raise CW,39.6,Guard CW,83.7
Kristian Lindstroem,83.80%,84.00%,83.90%,86.90%,781,"{""Fourth"": {""start"": ""2009-03-14"", ""end"": ""2016-04-04"", ""count"": 3}, ""Second"": {""start"": ""2014-11-22"", ""end"": ""2016-04-07"", ""count"": 15}, ""Third"": {""start"": ""2014-03-29"", ""end"": ""2014-04-06"", ""count"": 9}}","{""SWE"": {""start"": ""2009-03-14"", ""end"": ""2015-11-28"", ""count"": 20}, ""Sweden"": {""start"": ""2016-04-02"", ""end"": ""2016-04-07"", ""count"": 6}}",Right,1990,"Ostersund, SWE","Karlstad, SWE",Curler,Swedish Curling Academy,,92.50%,95.00%,78.80%,95.00%,77.60%,78.80%,71.40%,58.30%,85.80%,85.50%,76.20%,77.90%,93.40%,89.60%,83.00%,82.10%,78.10%,79.70%,,78.60%,93.20%,77.10%,,,,,65.00%,91.70%,,,,62.50%,,81.20%,84.70%,92.90%,,75.00%,,75.00%,,,,75.00%,1.17,0.23,190,187,35.8,38,17.1,15.8,20,8,4,50,22,0,0,,,,,,,,,,,,,,,,,,,73.50%,67.10%,,,,,,,,,80.60%,85.40%,78.60%,89.20%,84.70%,85.90%,,,,,,,,,,,,,,,,,,,Freeze CCW,58.3,Guard CCW,95
Kristie Moore,83.30%,79.00%,81.50%,67.20%,1291,"{""Fourth"": {""start"": ""2013-02-16"", ""end"": ""2022-10-19"", ""count"": 13}, ""Lead"": {""start"": ""2017-12-02"", ""end"": ""2021-11-27"", ""count"": 36}, ""Second"": {""start"": ""2019-11-28"", ""end"": ""2019-11-28"", ""count"": 1}}","{""AB (Moore)"": {""start"": ""2013-02-16"", ""end"": ""2013-02-22"", ""count"": 7}, ""Scheidegger"": {""start"": ""2017-12-02"", ""end"": ""2021-11-27"", ""count"": 22}, ""AB"": {""start"": ""2018-01-27"", ""end"": ""2018-02-02"", ""count"": 7}, ""WC (Scheidegger)"": {""start"": ""2019-02-16"", ""end"": ""2019-02-22"", ""count"": 7}, ""Moore"": {""start"": ""2022-10-18"", ""end"": ""2022-10-19"", ""count"": 2}, ""Scheidegge"": {""start"": ""2022-09-22"", ""end"": ""2022-09-25"", ""count"": 4}}",Right,1979,"Grande Prairie, AB",,,,,92.10%,92.70%,84.40%,88.30%,82.10%,73.90%,59.40%,65.60%,83.30%,79.50%,67.40%,69.90%,68.20%,84.20%,62.50%,47.90%,66.70%,72.90%,56.50%,56.20%,,,92.80%,96.40%,85.00%,50.00%,79.30%,76.10%,58.30%,,,70.80%,75.00%,25.00%,,75.00%,,0.00%,,,57.50%,33.30%,,,1.04,0.28,331,304,28.1,37.5,20.4,21.8,6.3,32,5,15.6,28,5,17.9,,,,,,,,,,,,,,,,,,,,,,,,,,,60.80%,68.10%,,,,,,,89.90%,80.50%,89.20%,75.70%,85.00%,76.40%,,,87.70%,82.10%,74.50%,74.60%,,,,,,,Double CCW,47.9,Guard CCW,88.3
Kristie Rogers,72.70%,70.60%,71.60%,74.80%,641,"{""Third"": {""start"": ""2017-01-21"", ""end"": ""2018-01-19"", ""count"": 17}, ""Second"": {""start"": ""2020-01-18"", ""end"": ""2020-01-24"", ""count"": 6}}","{""PE (Lenentine)"": {""start"": ""2017-01-21"", ""end"": ""2017-04-21"", ""count"": 10}, ""PE"": {""start"": ""2018-01-13"", ""end"": ""2020-01-24"", ""count"": 13}}",Right,,,,,,,93.20%,82.10%,67.10%,81.90%,73.10%,67.20%,60.40%,63.30%,73.70%,71.50%,63.50%,71.20%,78.40%,69.40%,60.00%,75.00%,,75.00%,,,,,,68.80%,,90.00%,58.30%,64.30%,62.50%,,79.20%,89.30%,83.30%,83.30%,62.50%,56.20%,50.00%,,,75.00%,,,,,1.01,0.53,150,158,29.3,29.7,31.6,22,7.3,20,3,15,12,0,0,,,,,,,,,,,,,,,,,,,,,,,,,,,,,,,,,,,67.90%,67.70%,70.10%,70.80%,,,77.60%,82.10%,,,,,,,,,,,Double CW,60,Guard CCW,81.9
Kristin Clarke,72.40%,75.50%,74.10%,68.70%,1228,"{""Third"": {""start"": ""2016-01-23"", ""end"": ""2018-03-10"", ""count"": 24}, ""Fourth"": {""start"": ""2016-03-20"", ""end"": ""2020-03-14"", ""count"": 20}, ""Lead"": {""start"": ""2020-02-17"", ""end"": ""2020-02-17"", ""count"": 1}}","{""NS"": {""start"": ""2016-01-23"", ""end"": ""2018-01-21"", ""count"": 16}, ""DAL"": {""start"": ""2016-03-20"", ""end"": ""2016-03-23"", ""count"": 4}, ""Canada"": {""start"": ""2016-03-06"", ""end"": ""2018-03-10"", ""count"": 8}, ""NS (Clarke)"": {""start"": ""2017-01-21"", ""end"": ""2017-01-27"", ""count"": 7}, ""DAL (Clarke)"": {""start"": ""2017-03-18"", ""end"": ""2017-03-22"", ""count"": 5}, ""NS (Arsenault)"": {""start"": ""2020-02-17"", ""end"": ""2020-02-17"", ""count"": 1}, ""Dalhousie (w)"": {""start"": ""2020-03-11"", ""end"": ""2020-03-14"", ""count"": 4}}",Right,,,,,,,96.40%,95.80%,85.10%,83.60%,66.70%,67.20%,67.60%,62.50%,76.10%,82.30%,71.20%,72.60%,87.30%,90.80%,46.90%,48.90%,36.80%,73.10%,,18.80%,37.50%,,75.00%,,88.60%,81.20%,55.60%,57.80%,50.00%,50.00%,72.70%,81.20%,58.30%,93.80%,95.00%,93.80%,41.70%,50.00%,25.00%,66.70%,,37.50%,,,1.1,0.46,278,326,32.7,29.8,31.6,24.8,7.9,22,4,18.2,37,3,8.1,,,,,,,,,,,,,,,,,,,,,,,,,,,,,,,,,71.00%,79.50%,67.40%,72.40%,81.20%,81.50%,,,63.10%,61.80%,,,,,,,,,,,Wick CCW,18.8,Guard CW,85.1
Kristin Maccuish,85.00%,84.20%,84.60%,71.30%,3788,"{""Second"": {""start"": ""2013-02-17"", ""end"": ""2024-11-09"", ""count"": 3}, ""Lead"": {""start"": ""2016-02-20"", ""end"": ""2024-11-08"", ""count"": 176}}","{""MB (Jones)"": {""start"": ""2013-02-17"", ""end"": ""2013-02-17"", ""count"": 1}, ""Einarson"": {""start"": ""2016-11-30"", ""end"": ""2018-01-26"", ""count"": 11}, ""MB (Einarson)"": {""start"": ""2016-02-20"", ""end"": ""2016-02-28"", ""count"": 9}, ""Canada"": {""start"": ""2018-12-05"", ""end"": ""2018-12-08"", ""count"": 4}, ""Kerri Einarson"": {""start"": ""2018-01-14"", ""end"": ""2018-01-14"", ""count"": 1}, ""WC"": {""start"": ""2018-01-27"", ""end"": ""2018-02-04"", ""count"": 9}, ""Fleury"": {""start"": ""2019-01-27"", ""end"": ""2022-05-07"", ""count"": 42}, ""MB (Fleury)"": {""start"": ""2019-02-16"", ""end"": ""2019-02-21"", ""count"": 6}, ""WC#2"": {""start"": ""2020-02-14"", ""end"": ""2020-02-14"", ""count"": 1}, ""WC1 (Fleury)"": {""start"": ""2021-02-20"", ""end"": ""2022-02-05"", ""count"": 17}, ""Lawes"": {""start"": ""2022-09-22"", ""end"": ""2024-11-09"", ""count"": 63}, ""WC1 (Lawes)"": {""start"": ""2023-02-17"", ""end"": ""2023-02-24"", ""count"": 7}, ""MB (Lawes)"": {""start"": ""2024-02-16"", ""end"": ""2024-02-23"", ""count"": 7}}",Right,1993,"Winnipeg, MB","Stonewall, MB","Small/Medium Business Specialist, IDC Communications",,,92.40%,91.20%,86.80%,84.10%,84.30%,83.60%,78.50%,77.20%,84.40%,81.30%,71.20%,74.60%,47.70%,50.00%,75.00%,57.10%,73.90%,65.00%,61.30%,60.80%,66.70%,,95.40%,90.40%,83.30%,94.20%,85.40%,88.60%,80.00%,83.30%,82.10%,79.20%,,50.00%,0.00%,0.00%,,,,50.00%,62.50%,58.30%,,,1.13,0.4,907,936,34.6,33.1,27.7,20.5,14.1,62,15,24.2,118,7,5.9,,,,,,,,,,,,,,,,,,,,,,,,,,,,87.50%,,,,,84.60%,76.50%,85.40%,61.50%,89.10%,74.40%,84.30%,71.00%,89.10%,91.70%,87.70%,70.50%,84.60%,76.40%,86.20%,76.20%,88.60%,82.40%,,,Double CCW,57.1,Guard CW,86.8
Kristin Gordon,87.50%,80.80%,84.60%,86.20%,146,"{""Lead"": {""start"": ""2024-11-26"", ""end"": ""2025-01-18"", ""count"": 9}}","{""Lawes"": {""start"": ""2024-11-26"", ""end"": ""2025-01-18"", ""count"": 9}}",,,,,,,,93.30%,92.60%,75.00%,96.90%,84.10%,77.00%,,75.00%,93.80%,50.00%,,0.00%,,,,,91.70%,50.00%,,,,,87.50%,,83.30%,,93.80%,75.00%,,75.00%,,,,,,,,,75.00%,,,,,,1,0.33,35,33,28.6,36.4,21.2,74.3,2.9,2,1,50,2,0,0,,,,,,,,,,,,,,,,,,,,,,,,,,,,,,,,,,,,,,,,,,,,,,,,,81.00%,68.80%,89.20%,78.10%,Hit-roll CCW,0,Guard CCW,96.9
Krysta Burns,67.00%,67.60%,67.30%,61.60%,499,"{""Fourth"": {""start"": ""2017-01-21"", ""end"": ""2021-02-25"", ""count"": 19}}","{""NO (Burns)"": {""start"": ""2017-01-21"", ""end"": ""2021-02-25"", ""count"": 14}, ""LU (Burns)"": {""start"": ""2017-03-18"", ""end"": ""2017-03-22"", ""count"": 5}}",Right,1996,,,,,,,75.00%,80.90%,88.90%,58.80%,61.70%,46.40%,58.30%,73.80%,74.20%,63.30%,65.00%,91.70%,,54.20%,52.60%,45.80%,50.00%,,,,,,75.00%,50.00%,,87.50%,59.40%,,,61.40%,68.80%,75.00%,50.00%,,,,50.00%,0.00%,,,,,,0.94,0.43,133,117,26.3,35.9,29.9,29.3,-3,13,1,7.7,14,1,7.1,,,,,,,,,,,,,,,,,,,,,,,,,,,,,,,,,,,66.20%,77.00%,,,,,,,54.50%,53.20%,,,,,,,,,Raise CW,45.8,Guard CCW,88.9
Krysten Karwacki,86.40%,86.50%,86.40%,68.80%,925,"{""Second"": {""start"": ""2017-02-22"", ""end"": ""2021-02-21"", ""count"": 2}, ""Lead"": {""start"": ""2017-02-22"", ""end"": ""2025-04-11"", ""count"": 49}}","{""MB (Englot)"": {""start"": ""2017-02-22"", ""end"": ""2017-02-22"", ""count"": 1}, ""Robertson"": {""start"": ""2021-10-26"", ""end"": ""2021-10-28"", ""count"": 3}, ""CA (Einarson)"": {""start"": ""2021-02-21"", ""end"": ""2024-02-23"", ""count"": 9}, ""Martin"": {""start"": ""2022-10-18"", ""end"": ""2023-10-20"", ""count"": 6}, ""CAN (Einarson)"": {""start"": ""2022-01-31"", ""end"": ""2022-01-31"", ""count"": 1}, ""Einarson"": {""start"": ""2024-04-09"", ""end"": ""2025-04-11"", ""count"": 30}}",Right,1991,"Winnipeg, MB","Winnipeg, MB",,River East Collegiate,,93.60%,94.50%,92.90%,94.40%,83.00%,84.10%,75.90%,77.00%,80.00%,75.70%,75.00%,82.80%,,80.00%,,,82.50%,25.00%,66.70%,33.30%,,,98.80%,96.10%,95.80%,90.00%,80.00%,78.30%,37.50%,12.50%,8.30%,83.30%,,75.00%,,83.30%,,,93.80%,,,0.00%,,,1.16,0.34,219,234,32.4,41,22.6,23.3,9.1,20,1,5,25,0,0,,,,,,,,,,,,,,,,,,,,,,,,,,,,,,,,,,,,60.00%,,,,,,,86.00%,70.80%,88.30%,80.00%,87.90%,97.20%,88.00%,75.70%,88.80%,82.50%,Raise CCW,25,Guard CCW,94.4
Kurtis Goller,83.50%,82.50%,83.10%,74.60%,514,"{""Second"": {""start"": ""2017-01-21"", ""end"": ""2017-01-27"", ""count"": 7}, ""Lead"": {""start"": ""2021-10-25"", ""end"": ""2023-10-21"", ""count"": 18}}","{""AB (Goller)"": {""start"": ""2017-01-21"", ""end"": ""2017-01-27"", ""count"": 7}, ""Harty"": {""start"": ""2021-10-25"", ""end"": ""2021-10-29"", ""count"": 5}, ""K Sturmay"": {""start"": ""2022-10-18"", ""end"": ""2022-10-18"", ""count"": 1}, ""WC3 (Sturmay)"": {""start"": ""2023-03-03"", ""end"": ""2023-03-09"", ""count"": 5}, ""Sturmay"": {""start"": ""2023-09-28"", ""end"": ""2023-10-21"", ""count"": 7}}",Right,1997,,,,,,92.30%,93.80%,92.30%,88.50%,83.70%,80.10%,75.00%,60.30%,79.40%,87.50%,79.20%,63.20%,80.40%,79.50%,66.70%,81.20%,75.00%,,12.50%,,,,84.10%,89.60%,,87.50%,92.50%,75.00%,,,,,,0.00%,79.20%,,,,75.00%,,12.50%,,,,1,0.29,122,126,26.2,34.9,22.2,23.8,2.4,14,3,21.4,11,0,0,,,,,,,,,,,,,,,,,,,,,,,,,,,,,,,,,,,77.80%,76.90%,,,,,,,87.90%,78.60%,93.80%,56.20%,87.40%,75.00%,,,,,Wick CW,12.5,Guard CW,92.3
Kyeongae Kim,82.80%,80.90%,82.00%,81.60%,916,"{""Third"": {""start"": ""2021-10-19"", ""end"": ""2024-04-13"", ""count"": 51}}","{""E. Kim"": {""start"": ""2021-10-19"", ""end"": ""2021-10-23"", ""count"": 5}, ""E.J. Kim"": {""start"": ""2022-05-03"", ""end"": ""2022-05-07"", ""count"": 5}, ""Kim"": {""start"": ""2022-10-04"", ""end"": ""2024-04-13"", ""count"": 29}, ""EJ Kim"": {""start"": ""2022-10-18"", ""end"": ""2022-10-22"", ""count"": 5}, ""KOR (Kim)"": {""start"": ""2022-02-10"", ""end"": ""2022-02-17"", ""count"": 7}}",Right,,,,,,,80.60%,95.00%,94.50%,94.00%,78.40%,85.20%,68.10%,76.80%,85.20%,87.30%,78.20%,73.60%,,86.50%,83.00%,63.60%,73.70%,75.70%,,50.00%,50.00%,50.00%,,91.70%,98.20%,95.50%,62.50%,87.50%,83.30%,78.60%,84.60%,95.80%,80.60%,50.00%,,70.80%,66.70%,66.70%,70.80%,85.00%,,,,,1.13,0.35,210,234,34.3,30.3,25.6,21.4,12.9,21,4,19,20,0,0,,,,,,,,,,,,,,,,,,,,,,,,,,,,,,,,,,,,,,,,,,,78.80%,75.30%,83.90%,78.70%,87.50%,83.70%,87.50%,86.00%,,,Wick CCW,50,Guard CW,94.5
Kyle Doering,83.70%,83.60%,83.70%,88.60%,1240,"{""Second"": {""start"": ""2016-01-23"", ""end"": ""2025-03-05"", ""count"": 47}, ""Third"": {""start"": ""2018-03-24"", ""end"": ""2023-10-21"", ""count"": 12}, ""Lead"": {""start"": ""2022-03-07"", ""end"": ""2024-04-05"", ""count"": 4}}","{""MB"": {""start"": ""2016-01-23"", ""end"": ""2016-01-31"", ""count"": 9}, ""CAN (Dunstone)"": {""start"": ""2016-03-07"", ""end"": ""2016-03-07"", ""count"": 1}, ""Simmons"": {""start"": ""2017-11-07"", ""end"": ""2021-10-31"", ""count"": 11}, ""WPG"": {""start"": ""2018-03-24"", ""end"": ""2018-03-28"", ""count"": 5}, ""W. Lyburn"": {""start"": ""2019-02-10"", ""end"": ""2019-02-10"", ""count"": 1}, ""MB (McEwen)"": {""start"": ""2022-03-05"", ""end"": ""2022-03-07"", ""count"": 2}, ""Sturmay"": {""start"": ""2022-05-03"", ""end"": ""2023-10-21"", ""count"": 12}, ""K Sturmay"": {""start"": ""2022-10-18"", ""end"": ""2022-10-18"", ""count"": 1}, ""WC3 (Sturmay)"": {""start"": ""2023-03-03"", ""end"": ""2023-03-09"", ""count"": 5}, ""Carruthers"": {""start"": ""2024-11-26"", ""end"": ""2024-11-29"", ""count"": 4}, ""Sluchinski"": {""start"": ""2024-09-26"", ""end"": ""2024-10-05"", ""count"": 6}, ""CAN (Gushue)"": {""start"": ""2024-04-02"", ""end"": ""2024-04-05"", ""count"": 2}, ""MB (Carruthers)"": {""start"": ""2025-03-01"", ""end"": ""2025-03-05"", ""count"": 2}}",Right,1996,"Winnipeg , MB",,,,University of Winnipeg,84.10%,90.10%,87.50%,90.40%,80.40%,79.90%,76.80%,79.60%,84.50%,83.10%,77.50%,81.20%,94.90%,91.70%,74.20%,78.80%,85.90%,72.50%,,,80.00%,87.50%,,81.80%,91.70%,94.20%,85.00%,76.70%,87.50%,,,82.10%,80.00%,66.70%,99.00%,97.70%,,75.00%,,66.70%,,,,,1.09,0.33,296,307,30.4,33.9,22.5,14.9,15.5,26,8,30.8,33,3,9.1,,,,,,,,,,,,,,,,,,,,,,,,,,,,,,,,,89.60%,89.60%,85.20%,75.80%,82.10%,85.80%,75.00%,77.30%,,,84.10%,81.50%,81.10%,83.20%,82.80%,84.60%,77.70%,82.40%,80.00%,92.90%,Raise CCW,72.5,Guard CCW,90.4
Kyle Einarson,74.80%,75.80%,75.30%,67.80%,330,"{""Second"": {""start"": ""2014-11-10"", ""end"": ""2016-11-19"", ""count"": 11}}","{""MB (Kolomaya)"": {""start"": ""2014-11-10"", ""end"": ""2014-11-14"", ""count"": 5}, ""MB (Calvert)"": {""start"": ""2016-11-14"", ""end"": ""2016-11-19"", ""count"": 6}}",Left,1983,"Gimli, MB","Camp Morton, MB","Commercial Fisherman, Self-Employed",,,75.00%,82.10%,85.70%,62.50%,63.00%,70.50%,58.90%,66.70%,83.50%,79.30%,61.10%,77.10%,82.90%,87.10%,66.70%,62.50%,41.70%,62.50%,,,,,87.50%,,,0.00%,50.00%,,,58.30%,71.40%,75.00%,50.00%,62.50%,62.50%,75.00%,,,,25.00%,,,,,1.32,0.43,66,89,43.9,31.5,28.1,22.7,21.2,7,0,0,11,1,9.1,,,,,,,,,,,,,,,,,,,,,,,,,,,,,69.60%,81.20%,,,68.20%,76.70%,,,,,,,,,,,,,,,,,,,Raise CW,41.7,Guard CW,85.7
Kyle Kurz,83.30%,79.80%,81.60%,77.30%,305,"{""Third"": {""start"": ""2015-02-28"", ""end"": ""2022-09-22"", ""count"": 15}}","{""CAN"": {""start"": ""2015-02-28"", ""end"": ""2015-03-08"", ""count"": 7}, ""Calvert"": {""start"": ""2021-10-26"", ""end"": ""2022-09-22"", ""count"": 8}}",Right,1995,,,,,,87.50%,,93.80%,95.00%,80.50%,70.80%,79.20%,50.00%,87.00%,87.50%,76.80%,58.30%,91.30%,98.10%,67.60%,75.00%,87.50%,90.00%,25.00%,,75.00%,55.00%,87.50%,,,,83.30%,66.70%,,0.00%,93.80%,,37.50%,25.00%,90.00%,,75.00%,,,,,,,,1.01,0.25,70,76,31.4,19.7,19.7,22.9,8.5,5,2,40,7,0,0,,,,,,,,,,,,,,,,,,,,,,,,,,,,,,,80.00%,87.40%,,,,,,,,,,,81.70%,76.70%,85.00%,79.50%,,,,,,,Wick CW,25,Guard CCW,95
Kyle Smith,80.80%,83.10%,82.20%,71.30%,594,"{""Fourth"": {""start"": ""2013-02-28"", ""end"": ""2018-02-22"", ""count"": 25}}","{""SCO"": {""start"": ""2013-02-28"", ""end"": ""2013-03-10"", ""count"": 9}, ""Scotland"": {""start"": ""2017-11-18"", ""end"": ""2017-11-25"", ""count"": 7}, ""GBR (Smith)"": {""start"": ""2018-02-14"", ""end"": ""2018-02-22"", ""count"": 9}}",Right,1992,,,,,,,,89.30%,72.90%,73.50%,84.70%,,,84.00%,88.70%,68.20%,75.00%,95.60%,94.40%,78.00%,75.70%,87.50%,71.20%,,,80.00%,50.00%,,,75.00%,50.00%,33.30%,75.00%,,,,,75.00%,0.00%,70.00%,,50.00%,83.30%,,58.30%,,,,,1.09,0.3,144,152,34,29.6,19.7,13.2,20.8,10,4,40,14,1,7.1,,,,,,,,,,,,,,,,,,,,,,,,,,,82.00%,84.80%,,,,,,,80.90%,85.30%,78.30%,78.10%,,,,,,,,,,,,,,,Promotion CCW,50,Guard CW,89.3
Kyle Waddell,84.40%,84.70%,84.60%,86.70%,1408,"{""Second"": {""start"": ""2013-02-28"", ""end"": ""2024-11-18"", ""count"": 27}, ""Third"": {""start"": ""2019-01-30"", ""end"": ""2022-04-09"", ""count"": 28}, ""Lead"": {""start"": ""2023-04-02"", ""end"": ""2024-11-17"", ""count"": 2}, ""Fourth"": {""start"": ""2024-10-01"", ""end"": ""2024-10-05"", ""count"": 5}}","{""SCO"": {""start"": ""2013-02-28"", ""end"": ""2013-03-10"", ""count"": 9}, ""Scotland"": {""start"": ""2017-11-18"", ""end"": ""2022-11-19"", ""count"": 31}, ""GBR (Smith)"": {""start"": ""2018-02-14"", ""end"": ""2018-02-22"", ""count"": 9}, ""Paterson"": {""start"": ""2021-10-19"", ""end"": ""2021-11-04"", ""count"": 5}, ""SCO (Mouat)"": {""start"": ""2023-04-02"", ""end"": ""2024-11-18"", ""count"": 3}, ""Waddell"": {""start"": ""2024-10-01"", ""end"": ""2024-10-05"", ""count"": 5}}",Right,1994,,,,,,91.20%,82.60%,90.50%,90.70%,81.20%,82.60%,83.30%,90.60%,90.10%,88.80%,79.70%,80.20%,94.80%,94.40%,71.10%,72.70%,72.40%,59.20%,,96.40%,77.70%,63.70%,,,75.00%,91.70%,90.00%,78.70%,25.00%,,,95.50%,75.00%,91.70%,97.20%,98.50%,83.30%,83.30%,87.50%,75.00%,,,,87.50%,1.06,0.32,331,358,33.5,27.9,22.9,17.8,15.7,26,5,19.2,38,2,5.3,,,,,,,,,,,,,,,,,,,,,,,,,,,81.20%,85.60%,,,,,,,84.20%,86.70%,78.70%,83.40%,84.20%,85.90%,,,86.00%,82.10%,90.20%,81.30%,50.00%,,93.30%,84.20%,,,Raise CCW,59.2,Wick CCW,96.4
Laine Peters,86.10%,86.60%,86.30%,75.60%,1667,"{""Lead"": {""start"": ""2012-02-18"", ""end"": ""2018-12-08"", ""count"": 59}, ""Second"": {""start"": ""2013-02-18"", ""end"": ""2013-02-18"", ""count"": 1}}","{""AB (Nedohin)"": {""start"": ""2012-02-18"", ""end"": ""2012-02-26"", ""count"": 8}, ""CA (Nedohin)"": {""start"": ""2013-02-16"", ""end"": ""2013-02-24"", ""count"": 8}, ""Carey"": {""start"": ""2016-11-30"", ""end"": ""2018-01-26"", ""count"": 12}, ""AB (Carey)"": {""start"": ""2016-02-20"", ""end"": ""2016-02-28"", ""count"": 8}, ""CAN (Carey)"": {""start"": ""2016-03-19"", ""end"": ""2016-03-27"", ""count"": 8}, ""Jacobs"": {""start"": ""2017-08-25"", ""end"": ""2017-08-27"", ""count"": 2}, ""CA (Carey)"": {""start"": ""2017-02-18"", ""end"": ""2017-02-26"", ""count"": 9}, ""Walker"": {""start"": ""2018-12-05"", ""end"": ""2018-12-08"", ""count"": 4}}",Right,1970,"Carrot River, SK","Calgary, AB",,,,92.10%,94.20%,86.90%,84.40%,84.00%,85.30%,78.90%,88.30%,85.00%,83.80%,75.00%,78.60%,86.50%,80.00%,,75.00%,87.50%,81.50%,63.20%,29.20%,,,92.50%,,90.00%,25.00%,71.00%,82.50%,,,58.30%,66.70%,,,,50.00%,,,91.70%,,60.90%,21.40%,,,1.14,0.32,408,418,33.8,39.5,22,20.1,13.7,28,8,28.6,46,3,6.5,,,,,,,,,,,,,,,,,,,,,,,,,88.30%,84.70%,87.10%,79.70%,,,,,88.30%,77.20%,89.30%,79.70%,84.10%,93.00%,,,,,,,,,,,,,,,Wick CCW,29.2,Freeze CCW,88.3
Lana Vey,81.90%,81.40%,81.60%,84.90%,208,"{""Third"": {""start"": ""2012-02-18"", ""end"": ""2012-02-23"", ""count"": 6}}","{""SK (Englot)"": {""start"": ""2012-02-18"", ""end"": ""2012-02-23"", ""count"": 6}}",Right,1984,"Saskatoon, SK","Regina, SK",,,,,,92.30%,94.40%,77.60%,75.80%,87.50%,82.50%,76.90%,85.80%,82.10%,79.40%,90.00%,90.00%,75.00%,80.00%,,62.50%,,,,,,,95.00%,,50.00%,75.00%,,,43.80%,,,,,,,,,,,,,,1.49,0.35,47,55,53.2,29.1,25.5,21.3,31.9,5,2,40,6,2,33.3,,,,,,,,,,,,,,,,,,,,,,,,,82.20%,81.10%,,,,,,,,,,,,,,,,,,,,,,,,,,,Raise CCW,62.5,Guard CCW,94.4
Laura Burtnyk,72.80%,69.10%,71.20%,74.00%,278,"{""Fourth"": {""start"": ""2017-01-21"", ""end"": ""2017-01-27"", ""count"": 7}, ""Third"": {""start"": ""2021-10-26"", ""end"": ""2021-10-28"", ""count"": 3}}","{""MB (Burtnyk)"": {""start"": ""2017-01-21"", ""end"": ""2017-01-27"", ""count"": 7}, ""Robertson"": {""start"": ""2021-10-26"", ""end"": ""2021-10-28"", ""count"": 3}}",Right,1995,,,,,,58.30%,,76.40%,86.40%,71.20%,75.80%,41.70%,43.80%,80.40%,71.00%,76.90%,60.00%,80.00%,91.70%,79.20%,31.20%,50.00%,37.50%,,,,,50.00%,,,,,,0.00%,75.00%,79.20%,93.80%,62.50%,,50.00%,,,25.00%,,,,,,,1.15,0.5,66,70,27.3,37.1,32.9,21.2,6.1,5,0,0,7,0,0,,,,,,,,,,,,,,,,,,,,,,,,,,,,,,,,,,,73.20%,71.90%,,,,,,,67.60%,70.70%,,,,,,,,,Double CCW,31.2,Guard CCW,86.4
Laura Hickey,81.10%,84.70%,82.50%,94.00%,330,"{""Lead"": {""start"": ""2021-10-26"", ""end"": ""2021-11-26"", ""count"": 12}}","{""Harrison"": {""start"": ""2021-10-26"", ""end"": ""2021-11-26"", ""count"": 12}}",Right,1988,,,,,,94.00%,84.60%,75.00%,92.90%,77.00%,84.50%,71.40%,81.20%,82.10%,92.60%,65.00%,70.80%,,,,,,,,0.00%,,,90.00%,83.30%,,,85.00%,,,,,,,,,,,,,,,,,,1.16,0.36,74,84,37.8,27.4,27.4,28.4,9.4,7,1,14.3,10,2,20,,,,,,,,,,,,,,,,,,,,,,,,,,,,,,,,,,,,,,,,,,,82.70%,81.20%,,,,,,,,,Wick CCW,0,Guard CCW,92.9
Laura Masters,74.10%,77.80%,76.20%,64.50%,368,"{""Lead"": {""start"": ""2017-01-21"", ""end"": ""2017-03-22"", ""count"": 13}}","{""NO (Burns)"": {""start"": ""2017-01-21"", ""end"": ""2017-01-28"", ""count"": 8}, ""LU (Burns)"": {""start"": ""2017-03-18"", ""end"": ""2017-03-22"", ""count"": 5}}",Right,1996,,,,,,90.20%,83.10%,91.70%,71.40%,66.70%,77.30%,50.00%,64.30%,76.60%,83.60%,63.60%,60.00%,0.00%,,75.00%,62.50%,68.80%,62.50%,,50.00%,,,85.70%,58.30%,,,61.40%,65.00%,,,50.00%,66.70%,,,,,,,,,,,,,1.03,0.49,93,88,32.3,36.4,34.1,23.7,8.6,5,0,0,14,1,7.1,,,,,,,,,,,,,,,,,,,,,,,,,,,,,,,,,,,76.90%,74.20%,,,,,,,,,,,,,,,,,Freeze CW,50,Guard CW,91.7
Laura Strong,78.40%,81.10%,80.00%,82.60%,206,"{""Third"": {""start"": ""2012-02-18"", ""end"": ""2012-02-23"", ""count"": 6}}","{""NL (Strong)"": {""start"": ""2012-02-18"", ""end"": ""2012-02-23"", ""count"": 6}}",Left,1980,"St. John's, NL","St. John's, NL",Non-profit employment counsellor,,,,90.60%,92.90%,93.80%,66.70%,78.30%,71.40%,62.50%,80.90%,85.80%,50.00%,77.10%,,90.90%,87.50%,50.00%,83.30%,85.00%,,,,,,91.70%,87.50%,,91.70%,37.50%,75.00%,,83.30%,91.70%,,50.00%,,,,,,,,,,,0.96,0.34,56,44,32.1,38.6,25,33.9,-1.8,6,0,0,6,2,33.3,,,,,,,,,,,,,,,,,,,,,,,,,77.40%,82.10%,,,,,,,,,,,,,,,,,,,,,,,,,,,Hit-roll CW,50,Guard CCW,93.8
Laura Walker,75.70%,77.40%,76.50%,73.00%,1842,"{""Third"": {""start"": ""2015-12-02"", ""end"": ""2023-05-05"", ""count"": 37}, ""Fourth"": {""start"": ""2018-12-05"", ""end"": ""2022-04-15"", ""count"": 40}, ""Second"": {""start"": ""2023-02-22"", ""end"": ""2024-09-26"", ""count"": 2}}","{""Rocque"": {""start"": ""2015-12-02"", ""end"": ""2017-11-12"", ""count"": 13}, ""Walker"": {""start"": ""2018-12-05"", ""end"": ""2022-04-15"", ""count"": 19}, ""AB (Walker)"": {""start"": ""2020-02-15"", ""end"": ""2022-02-03"", ""count"": 21}, ""Lawes"": {""start"": ""2022-12-06"", ""end"": ""2023-05-05"", ""count"": 17}, ""WC1 (Lawes)"": {""start"": ""2023-02-17"", ""end"": ""2023-02-24"", ""count"": 7}, ""Einarson"": {""start"": ""2024-09-26"", ""end"": ""2024-09-26"", ""count"": 1}}",Right,1991,"Toronto, ON","Edmonton, AB",,,,84.70%,89.30%,86.20%,91.50%,79.30%,76.70%,73.20%,76.20%,75.70%,79.30%,70.40%,71.80%,86.30%,89.00%,59.00%,67.30%,59.30%,63.10%,,,,,80.00%,95.00%,82.10%,87.50%,67.90%,59.70%,87.50%,80.60%,66.10%,69.20%,54.20%,77.30%,80.00%,96.20%,42.90%,58.30%,87.50%,41.70%,,,,,1.06,0.36,454,450,28.6,36.7,23.3,21.8,6.8,43,5,11.6,44,5,11.4,,,,,,,,,,,,,,,,,,,,,,,,,,,,,,,71.80%,71.60%,77.20%,69.40%,75.40%,78.50%,73.50%,73.00%,,,89.60%,77.20%,79.00%,74.00%,77.90%,73.60%,84.30%,77.10%,75.00%,66.10%,,,Double CW,59,Guard CCW,91.5
Lauren Gray,82.70%,82.60%,82.70%,83.50%,1942,"{""Third"": {""start"": ""2013-02-28"", ""end"": ""2021-04-18"", ""count"": 22}, ""Lead"": {""start"": ""2016-11-19"", ""end"": ""2021-05-06"", ""count"": 53}, ""Fourth"": {""start"": ""2019-03-17"", ""end"": ""2019-03-18"", ""count"": 2}}","{""SCO"": {""start"": ""2013-02-28"", ""end"": ""2013-03-10"", ""count"": 9}, ""Scotland"": {""start"": ""2016-11-19"", ""end"": ""2021-05-06"", ""count"": 49}, ""GBR (Muirhead)"": {""start"": ""2018-02-14"", ""end"": ""2018-02-24"", ""count"": 9}, ""Muirhead"": {""start"": ""2021-04-15"", ""end"": ""2021-04-23"", ""count"": 8}}",Right,1992,,,,,,95.10%,92.20%,83.30%,77.90%,80.40%,81.50%,87.50%,75.00%,77.50%,85.80%,77.30%,69.50%,77.40%,83.50%,68.80%,65.70%,74.00%,72.00%,54.80%,65.20%,50.00%,68.80%,92.30%,88.80%,93.80%,75.00%,84.30%,90.70%,,,66.70%,,87.50%,75.00%,,86.80%,62.50%,75.00%,,,45.50%,62.50%,,,1.19,0.29,463,487,38,35.9,21.6,17.7,20.3,30,6,20,50,1,2,,,,,,,,,,,,,,,,,,,,,,,,,,,82.10%,78.90%,,,,,82.10%,78.70%,87.30%,76.70%,87.70%,69.80%,79.60%,81.20%,,,85.50%,69.80%,,,,,,,,,Promotion CW,50,Freeze CW,87.5
Lauren Lenentine,84.30%,80.80%,82.90%,67.20%,3041,"{""Fourth"": {""start"": ""2017-01-21"", ""end"": ""2018-01-19"", ""count"": 18}, ""Third"": {""start"": ""2019-01-19"", ""end"": ""2019-01-26"", ""count"": 8}, ""Lead"": {""start"": ""2020-01-18"", ""end"": ""2024-11-29"", ""count"": 115}, ""Second"": {""start"": ""2024-10-01"", ""end"": ""2024-10-04"", ""count"": 4}}","{""PE (Lenentine)"": {""start"": ""2017-01-21"", ""end"": ""2017-04-21"", ""count"": 11}, ""PE"": {""start"": ""2018-01-13"", ""end"": ""2018-01-19"", ""count"": 7}, ""NS"": {""start"": ""2019-01-19"", ""end"": ""2019-01-26"", ""count"": 8}, ""MB"": {""start"": ""2020-01-18"", ""end"": ""2020-01-26"", ""count"": 8}, ""Canada"": {""start"": ""2020-02-15"", ""end"": ""2020-02-22"", ""count"": 8}, ""Zacharias"": {""start"": ""2021-10-25"", ""end"": ""2022-04-15"", ""count"": 11}, ""WC2 (Zacharias)"": {""start"": ""2021-02-19"", ""end"": ""2021-02-25"", ""count"": 7}, ""Jones"": {""start"": ""2022-09-21"", ""end"": ""2024-04-12"", ""count"": 44}, ""MB (Zacharias)"": {""start"": ""2022-01-29"", ""end"": ""2022-02-04"", ""count"": 7}, ""MB (Jones)"": {""start"": ""2023-02-19"", ""end"": ""2024-02-25"", ""count"": 15}, ""Carey"": {""start"": ""2024-09-26"", ""end"": ""2024-11-29"", ""count"": 15}}",Right,2000,,,,,,93.70%,92.70%,87.60%,87.70%,82.40%,81.30%,78.30%,67.30%,76.30%,78.20%,73.80%,76.70%,88.80%,67.90%,72.20%,43.10%,67.20%,69.30%,62.50%,44.70%,,,93.10%,92.50%,96.20%,75.00%,79.10%,73.80%,60.00%,56.20%,70.80%,75.00%,,71.90%,75.00%,30.60%,50.00%,58.30%,60.00%,16.70%,66.70%,43.00%,,,1.18,0.39,727,739,34.3,36.7,25.7,22.4,11.9,60,13,21.7,80,4,5,,,,,,,,,,,,,,,,,,,,,,,,,,,,,,,,,,,66.80%,66.60%,74.30%,75.70%,87.80%,75.40%,86.40%,78.30%,83.70%,65.30%,84.90%,70.00%,89.90%,80.80%,87.90%,82.80%,,,Double CCW,43.1,Guard CCW,87.7
Lauren Mann,76.10%,75.60%,75.80%,70.20%,207,"{""Third"": {""start"": ""2017-02-18"", ""end"": ""2017-02-23"", ""count"": 6}}","{""QC (Bélisle)"": {""start"": ""2017-02-18"", ""end"": ""2017-02-23"", ""count"": 6}}",Right,1985,,,,,,,62.50%,83.30%,90.00%,72.20%,65.60%,50.00%,82.10%,80.20%,82.10%,80.90%,69.60%,75.00%,86.10%,81.20%,80.40%,70.00%,20.00%,,,,,,,80.00%,,75.00%,,0.00%,,50.00%,,50.00%,,,91.70%,50.00%,75.00%,,,,,,,1.08,0.35,53,48,32.1,35.4,20.8,22.6,9.5,3,0,0,7,0,0,,,,,,,,,,,,,,,,,,,,,,,,,,,,,,,,,,,72.50%,77.50%,,,,,,,,,,,,,,,,,Raise CCW,20,Guard CCW,90
Lauren Wasylkiw,69.70%,78.50%,73.80%,84.00%,344,"{""Second"": {""start"": ""2013-02-16"", ""end"": ""2013-02-22"", ""count"": 7}, ""Lead"": {""start"": ""2015-11-08"", ""end"": ""2016-02-22"", ""count"": 7}}","{""NL (Devereaux)"": {""start"": ""2013-02-16"", ""end"": ""2013-02-22"", ""count"": 7}, ""NL (Ford)"": {""start"": ""2015-11-08"", ""end"": ""2015-11-13"", ""count"": 6}, ""NL (Curtis)"": {""start"": ""2016-02-22"", ""end"": ""2016-02-22"", ""count"": 1}}",Left,1990,,,Student,,,85.60%,91.70%,80.60%,50.00%,64.40%,72.70%,58.30%,64.30%,73.00%,83.00%,56.20%,60.00%,78.80%,89.60%,62.50%,75.00%,42.50%,56.20%,,,,,,91.70%,,75.00%,,75.00%,,87.50%,83.30%,,,,,87.50%,50.00%,,41.70%,,,,,,0.78,0.31,98,71,19.4,40.8,22.5,41.8,-22.4,11,2,18.2,6,2,33.3,,,,,,,,,,,,,,,,,,,,,,,,,,,64.60%,71.50%,,,84.30%,72.00%,,,,,,,,,,,,,,,,,,,,,Raise CW,42.5,Take-out CCW,83
Laurens Hoekman,79.20%,77.60%,78.40%,73.80%,2738,"{""Second"": {""start"": ""2017-04-01"", ""end"": ""2024-11-21"", ""count"": 76}, ""Third"": {""start"": ""2022-04-06"", ""end"": ""2024-10-03"", ""count"": 24}}","{""Netherlands"": {""start"": ""2017-04-01"", ""end"": ""2022-04-08"", ""count"": 62}, ""NED (Van Dorp)"": {""start"": ""2018-03-31"", ""end"": ""2018-04-06"", ""count"": 7}, ""NED (Goesgens)"": {""start"": ""2023-11-18"", ""end"": ""2024-11-21"", ""count"": 19}, ""Gosgens"": {""start"": ""2023-01-10"", ""end"": ""2024-10-03"", ""count"": 10}}",Right,,,,,,,92.00%,97.10%,86.40%,84.90%,75.90%,76.10%,95.80%,85.00%,81.00%,78.10%,74.80%,73.70%,89.70%,92.10%,69.90%,71.30%,70.00%,66.10%,41.70%,62.50%,71.10%,54.50%,95.80%,97.40%,85.30%,92.90%,78.80%,77.90%,,75.00%,95.00%,81.20%,75.00%,64.30%,86.70%,97.10%,71.90%,81.20%,70.00%,75.00%,25.00%,25.00%,0.00%,,0.96,0.22,650,686,24.6,30.6,17.1,23.4,1.2,92,12,13,24,4,16.7,,,,,,,,,,,,,,,,,,,,,,,,,,,,,,,,,,,82.10%,80.40%,76.80%,79.00%,79.10%,77.30%,,,81.40%,74.70%,79.20%,75.70%,85.40%,74.80%,80.40%,74.30%,,,Wick CW,41.7,Freeze CW,95.8
Laurie St-georges,74.30%,72.70%,73.50%,75.40%,1373,"{""Fourth"": {""start"": ""2016-01-23"", ""end"": ""2024-02-22"", ""count"": 50}, ""Second"": {""start"": ""2022-12-06"", ""end"": ""2022-12-10"", ""count"": 5}}","{""QC"": {""start"": ""2016-01-23"", ""end"": ""2019-01-25"", ""count"": 23}, ""QC (St-Georges)"": {""start"": ""2021-02-20"", ""end"": ""2023-02-24"", ""count"": 21}, ""Carey"": {""start"": ""2022-12-06"", ""end"": ""2022-12-10"", ""count"": 5}, ""QC (St. Georges)"": {""start"": ""2024-02-16"", ""end"": ""2024-02-22"", ""count"": 6}}",Right,1997,"Laval, QC","Laval, QC",Student,Montmorency college,Universite du Quebec a Montreal (UQAM),75.00%,,87.80%,79.50%,70.60%,71.30%,78.90%,59.10%,75.70%,76.20%,70.50%,67.70%,92.60%,93.50%,67.40%,66.90%,61.30%,50.00%,,,,,66.70%,,,,64.40%,64.70%,91.70%,66.70%,80.80%,61.70%,50.00%,,93.80%,97.50%,50.00%,50.00%,,68.80%,,,,,1.03,0.45,332,343,30.1,31.5,27.4,23.5,6.6,29,8,27.6,35,1,2.9,,,,,,,,,,,,,,,,,,,,,,,,,,,,,,,,,62.80%,71.20%,,,80.40%,79.50%,70.50%,74.80%,,,72.00%,75.80%,73.00%,72.30%,80.20%,68.80%,69.00%,73.70%,,,Raise CCW,50,Guard CW,87.8
Leah Thompson,74.60%,72.10%,73.40%,73.20%,340,"{""Third"": {""start"": ""2015-11-09"", ""end"": ""2016-11-18"", ""count"": 12}}","{""NB (Sullivan)"": {""start"": ""2015-11-09"", ""end"": ""2016-11-18"", ""count"": 12}}",Right,,,,,,,95.00%,70.80%,68.20%,77.30%,83.50%,72.10%,72.70%,60.70%,73.90%,79.20%,63.20%,59.60%,62.50%,25.00%,75.00%,62.50%,53.60%,75.00%,,,,,75.00%,80.00%,,,,90.60%,,,55.60%,75.00%,,,50.00%,,50.00%,,75.00%,0.00%,,,,,1.21,0.28,73,90,31.5,30,22.2,20.5,11,8,1,12.5,8,0,0,,,,,,,,,,,,,,,,,,,,,,,,,,,,,,,76.40%,71.00%,75.80%,71.60%,,,,,,,,,,,,,,,,,,,Raise CW,53.6,Draw CW,83.5
Lee Merklinger,86.10%,83.00%,84.60%,91.40%,292,"{""Second"": {""start"": ""2015-12-02"", ""end"": ""2017-11-11"", ""count"": 8}, ""Lead"": {""start"": ""2017-11-06"", ""end"": ""2017-11-07"", ""count"": 2}}","{""Middaugh"": {""start"": ""2015-12-02"", ""end"": ""2017-11-11"", ""count"": 10}}",Right,1984,"Ottawa, ON",,,,,93.40%,92.50%,96.40%,93.80%,82.10%,75.00%,67.50%,61.40%,87.90%,88.90%,85.70%,75.00%,90.90%,90.80%,75.00%,58.30%,50.00%,,,,,,,81.20%,,,87.50%,75.00%,,,,,75.00%,,95.00%,,,,,,,,,,0.96,0.23,74,70,29.7,42.9,21.4,21.6,8.1,5,1,20,3,0,0,,,,,,,,,,,,,,,,,,,,,,,,,,,,,,,83.30%,84.60%,,,82.90%,86.80%,,,,,,,,,,,,,,,,,Raise CW,50,Guard CW,96.4
Lee Toner,83.80%,85.10%,84.60%,91.20%,425,"{""Lead"": {""start"": ""2007-03-03"", ""end"": ""2021-03-06"", ""count"": 13}, ""Second"": {""start"": ""2020-03-04"", ""end"": ""2020-03-04"", ""count"": 1}}","{""N.Ont (Harnden)"": {""start"": ""2007-03-03"", ""end"": ""2007-03-08"", ""count"": 6}, ""N.Ont (Jakubo)"": {""start"": ""2009-03-07"", ""end"": ""2009-03-12"", ""count"": 6}, ""NO (Jacobs)"": {""start"": ""2020-03-04"", ""end"": ""2021-03-06"", ""count"": 2}}",Right,1972,,,,,,93.40%,92.10%,75.00%,85.00%,80.70%,82.70%,50.00%,69.40%,77.50%,68.80%,91.70%,75.00%,,,75.00%,91.70%,75.00%,78.30%,,,,,,89.70%,,,95.00%,93.80%,,50.00%,,,,,,,,,,75.00%,,,,,1.01,0.22,102,101,26.5,33.7,14.9,24.5,2,12,1,8.3,6,0,0,,,,,,,,,,,,,,,82.80%,81.10%,,,88.10%,72.80%,,,,,,,,,,,,,,,,,,,,,100.00%,100.00%,87.50%,,,,,,,,,,Freeze CW,50,Hit-roll CW,91.7
Leigh Armstrong,85.70%,87.40%,86.60%,77.80%,290,"{""Lead"": {""start"": ""2015-12-02"", ""end"": ""2017-11-11"", ""count"": 8}, ""Second"": {""start"": ""2017-11-06"", ""end"": ""2017-11-07"", ""count"": 2}}","{""Middaugh"": {""start"": ""2015-12-02"", ""end"": ""2017-11-11"", ""count"": 10}}",Right,1983,"Milton, ON","Milton, ON","Branding Coodinator, The Dominion",,,94.90%,95.60%,92.90%,80.40%,86.20%,91.30%,68.80%,81.20%,90.40%,88.40%,59.60%,75.00%,75.00%,,81.20%,37.50%,75.00%,50.00%,,60.70%,,,,90.00%,,50.00%,,50.00%,,,,,50.00%,,,,,,75.00%,,,62.50%,,,0.96,0.23,74,70,29.7,42.9,21.4,21.6,8.1,5,1,20,3,0,0,,,,,,,,,,,,,,,,,,,,,,,,,,,,,,,90.70%,79.40%,,,90.00%,76.00%,,,,,,,,,,,,,,,,,Double CCW,37.5,Guard CW,92.9
Lene Nielsen,72.60%,77.30%,75.10%,65.30%,1069,"{""Fourth"": {""start"": ""2014-02-10"", ""end"": ""2017-03-23"", ""count"": 37}}","{""DEN"": {""start"": ""2014-02-10"", ""end"": ""2015-11-27"", ""count"": 22}, ""DEN (Nielsen)"": {""start"": ""2016-03-19"", ""end"": ""2017-03-23"", ""count"": 15}}",Right,1986,"Hvidovre, DEN","Hvidovre, DEN",,,,,87.50%,68.80%,77.50%,68.20%,73.60%,69.40%,50.00%,81.30%,85.60%,77.60%,78.10%,89.60%,89.00%,59.60%,64.20%,65.90%,65.00%,50.00%,70.00%,52.80%,64.30%,,,50.00%,81.20%,61.00%,68.30%,37.50%,,81.20%,70.50%,83.30%,75.00%,,75.00%,30.00%,47.20%,50.00%,50.00%,,,,50.00%,0.96,0.29,288,245,27.8,38.4,18.4,22.6,5.2,24,3,12.5,19,2,10.5,,,,,,,,,,,,,,,,,,,,,,,,,,,,,76.20%,76.30%,74.70%,74.10%,70.00%,84.00%,56.80%,78.80%,,,,,,,,,,,,,,,,,Freeze CCW,50,Take-out CCW,85.6
Leslie Macdougall,73.50%,79.80%,78.50%,71.40%,410,"{""Lead"": {""start"": ""2011-02-19"", ""end"": ""2013-02-22"", ""count"": 13}}","{""PE (Birt)"": {""start"": ""2011-02-19"", ""end"": ""2011-02-24"", ""count"": 6}, ""PEI (Brit)"": {""start"": ""2013-02-16"", ""end"": ""2013-02-22"", ""count"": 7}}",Right,1970,"Lachine, QC","Cornwall, PEI",Human Services Student,Chinguacousy Secondary,Holland College,94.40%,85.60%,50.00%,76.20%,64.80%,77.60%,41.70%,76.60%,79.20%,83.90%,50.00%,54.20%,,50.00%,75.00%,87.50%,,58.30%,,,,,75.00%,86.50%,,,68.80%,69.20%,,,,,,,,0.00%,,,,,,,,,1.13,0.36,93,108,30.1,30.6,23.1,19.4,10.7,8,1,12.5,11,3,27.3,,,,,,,,,,,,,,,,,,,,,,,79.70%,87.00%,,,78.20%,58.90%,,,,,,,,,,,,,,,,,,,,,,,,,Freeze CW,41.7,Double CCW,87.5
Liam Marin,74.00%,72.20%,73.10%,70.00%,641,"{""Fourth"": {""start"": ""2017-01-22"", ""end"": ""2020-01-24"", ""count"": 23}}","{""NB (Marin)"": {""start"": ""2017-01-22"", ""end"": ""2017-04-21"", ""count"": 10}, ""NB"": {""start"": ""2018-01-13"", ""end"": ""2020-01-24"", ""count"": 13}}",Right,2000,,,,,,75.00%,,87.50%,81.20%,69.20%,72.60%,67.30%,58.30%,76.50%,77.20%,71.00%,64.20%,80.00%,87.50%,80.60%,32.50%,68.80%,47.70%,,,,,,,87.50%,75.00%,65.90%,83.90%,25.00%,75.00%,90.90%,86.40%,55.00%,15.00%,,,,,,50.00%,,,,,0.99,0.39,149,167,30.2,32.3,26.3,28.2,2,19,4,21.1,12,2,16.7,,,,,,,,,,,,,,,,,,,,,,,,,,,,,,,,,,,69.30%,72.30%,77.20%,75.00%,,,73.10%,73.90%,,,,,,,,,,,Double CCW,32.5,Guard CW,87.5
Lianne Sobey,75.00%,78.50%,76.20%,91.80%,194,"{""Lead"": {""start"": ""2011-02-19"", ""end"": ""2011-02-24"", ""count"": 6}}","{""NB(Kelly)"": {""start"": ""2011-02-19"", ""end"": ""2011-02-24"", ""count"": 6}}",Right,,,,,,,91.70%,82.30%,87.50%,66.70%,65.30%,76.00%,75.00%,50.00%,73.20%,91.70%,62.50%,,,,75.00%,75.00%,75.00%,50.00%,,,,,,,,,71.40%,87.50%,,,,,,,,,,,,,,,,,0.88,0.29,49,48,20.4,43.8,20.8,24.5,-4.1,6,1,16.7,3,0,0,,,,,,,,,,,,,,,,,,,,,,,76.20%,75.80%,,,,,,,,,,,,,,,,,,,,,,,,,,,,,Freeze CCW,50,Take-out CCW,91.7
Lina Knudsen,84.40%,81.80%,82.90%,82.80%,596,"{""Lead"": {""start"": ""2017-11-23"", ""end"": ""2021-05-06"", ""count"": 22}}","{""DEN (Dupont)"": {""start"": ""2017-11-23"", ""end"": ""2021-05-06"", ""count"": 15}, ""Denmark"": {""start"": ""2018-03-17"", ""end"": ""2018-03-23"", ""count"": 7}}",Right,,,,,,,93.60%,87.90%,72.70%,72.10%,81.30%,78.60%,0.00%,80.00%,80.90%,80.60%,66.70%,68.80%,0.00%,,50.00%,50.00%,80.00%,75.00%,50.00%,,,62.50%,94.00%,91.30%,,,75.00%,85.70%,,,,,,,,,,,,,33.30%,,,,1.02,0.24,143,151,25.9,27.8,19.2,26.6,-0.7,21,5,23.8,6,3,50,,,,,,,,,,,,,,,,,,,,,,,,,,,,,,,,,,,89.80%,,82.50%,78.60%,84.80%,73.30%,,,86.40%,71.90%,,,,,,,,,Freeze CW,0,Draw CW,81.3
Linda Stenlund,86.10%,83.90%,85.10%,82.50%,1360,"{""Second"": {""start"": ""2022-10-04"", ""end"": ""2023-01-14"", ""count"": 17}, ""Lead"": {""start"": ""2023-01-12"", ""end"": ""2025-04-11"", ""count"": 59}}","{""Wrana"": {""start"": ""2022-10-18"", ""end"": ""2025-04-11"", ""count"": 64}, ""Wranå"": {""start"": ""2022-10-04"", ""end"": ""2022-10-08"", ""count"": 5}, ""SWE (Wranaa)"": {""start"": ""2023-11-18"", ""end"": ""2023-11-24"", ""count"": 7}}",Right,,,,,,,94.90%,90.90%,86.00%,90.70%,85.40%,83.70%,76.90%,68.50%,84.00%,76.30%,68.60%,81.70%,88.60%,86.90%,86.50%,81.50%,65.60%,75.00%,58.30%,87.50%,,,96.40%,92.40%,82.70%,87.50%,87.00%,75.00%,,75.00%,,75.00%,,50.00%,84.40%,,,,58.30%,75.00%,58.30%,87.50%,,,1.09,0.38,333,320,32.4,30.9,27.5,22.8,9.6,36,7,19.4,35,0,0,,,,,,,,,,,,,,,,,,,,,,,,,,,,,,,,,,,,,,,,,,,,,74.70%,74.30%,88.20%,84.40%,88.80%,75.00%,86.40%,92.30%,Wick CW,58.3,Guard CCW,90.7
Lindsay Bertsch,73.30%,77.80%,75.50%,85.00%,232,"{""Third"": {""start"": ""2016-11-14"", ""end"": ""2023-10-20"", ""count"": 11}}","{""AB (Asmussen)"": {""start"": ""2016-11-14"", ""end"": ""2016-11-18"", ""count"": 5}, ""Martin"": {""start"": ""2022-10-18"", ""end"": ""2023-10-20"", ""count"": 6}}",Right,,,,,,,83.30%,87.50%,62.50%,75.00%,58.00%,77.10%,83.30%,75.00%,82.40%,79.30%,72.40%,77.60%,83.30%,91.70%,66.70%,60.00%,68.80%,75.00%,,,,,,91.70%,,75.00%,,75.00%,,,93.80%,70.00%,64.30%,,,75.00%,,,,75.00%,,,,,0.86,0.29,58,52,25.9,44.2,19.2,37.9,-12,7,1,14.3,4,0,0,,,,,,,,,,,,,,,,,,,,,,,,,,,,,,,,,72.20%,75.00%,,,,,,,,,,,75.00%,89.30%,71.10%,77.60%,,,,,Draw CW,58,Freeze CW,83.3
Lindsay Dubue,81.70%,77.70%,79.80%,81.90%,1297,"{""Second"": {""start"": ""2017-01-22"", ""end"": ""2024-02-22"", ""count"": 55}, ""Third"": {""start"": ""2020-01-18"", ""end"": ""2020-01-23"", ""count"": 6}}","{""ON (Armstrong)"": {""start"": ""2017-01-22"", ""end"": ""2017-01-29"", ""count"": 7}, ""ON"": {""start"": ""2018-01-13"", ""end"": ""2018-01-19"", ""count"": 7}, ""NO"": {""start"": ""2020-01-18"", ""end"": ""2020-01-23"", ""count"": 6}, ""Grandy"": {""start"": ""2022-10-18"", ""end"": ""2023-12-15"", ""count"": 27}, ""BC (Grandy)"": {""start"": ""2023-02-17"", ""end"": ""2024-02-22"", ""count"": 14}}",Right,1999,,,,,,88.80%,91.70%,85.30%,84.80%,78.60%,73.00%,61.40%,81.20%,80.50%,75.70%,77.70%,77.00%,92.90%,87.90%,76.90%,65.70%,83.00%,67.30%,,,,,88.60%,,91.70%,94.40%,78.80%,65.90%,87.50%,66.70%,70.50%,68.80%,,66.70%,89.70%,83.30%,75.00%,75.00%,83.30%,87.50%,,,,,1.11,0.44,305,320,33.1,32.5,28.4,22.6,10.5,32,6,18.8,31,0,0,,,,,,,,,,,,,,,,,,,,,,,,,,,,,,,,,,,70.10%,80.10%,68.80%,81.90%,,,81.20%,80.40%,,,88.40%,79.50%,81.20%,80.20%,84.20%,79.20%,,,Freeze CW,61.4,Guard CW,85.3
Lindsey Burgess,76.30%,76.50%,76.40%,64.70%,1044,"{""Lead"": {""start"": ""2018-03-04"", ""end"": ""2019-01-26"", ""count"": 13}, ""Third"": {""start"": ""2020-01-18"", ""end"": ""2024-03-16"", ""count"": 17}, ""Second"": {""start"": ""2023-03-15"", ""end"": ""2024-10-04"", ""count"": 9}}","{""Canada"": {""start"": ""2018-03-04"", ""end"": ""2018-03-10"", ""count"": 5}, ""NS"": {""start"": ""2019-01-19"", ""end"": ""2020-01-25"", ""count"": 16}, ""Dalhousie (w)"": {""start"": ""2020-03-11"", ""end"": ""2020-03-14"", ""count"": 4}, ""DAL - W"": {""start"": ""2023-03-15"", ""end"": ""2023-03-19"", ""count"": 5}, ""Gray-Withers"": {""start"": ""2024-09-25"", ""end"": ""2024-10-04"", ""count"": 4}, ""DAL (MacNutt)"": {""start"": ""2024-03-12"", ""end"": ""2024-03-16"", ""count"": 5}}",Right,1999,,,,,,89.10%,94.00%,85.70%,85.20%,71.80%,75.80%,76.40%,68.20%,78.90%,71.70%,62.20%,70.30%,87.00%,83.10%,81.20%,58.30%,70.30%,77.30%,0.00%,12.50%,,,85.70%,88.90%,80.00%,80.00%,60.70%,72.90%,75.00%,62.50%,76.90%,75.00%,50.00%,25.00%,58.30%,84.40%,75.00%,58.30%,33.30%,87.50%,,0.00%,,,1.18,0.42,238,266,35.3,34.2,30.1,28.6,6.7,20,2,10,30,2,6.7,,,,,,,,,,,,,,,,,,,,,,,,,,,,,,,,,,,,,78.60%,70.50%,81.70%,65.40%,73.10%,71.70%,,,,,74.00%,76.60%,85.10%,76.90%,,,Wick CW,0,Guard CW,85.7
Lisa Eyamie,75.50%,83.50%,79.50%,86.20%,213,"{""Third"": {""start"": ""2017-02-18"", ""end"": ""2017-02-24"", ""count"": 7}}","{""AB (Kleibrink)"": {""start"": ""2017-02-18"", ""end"": ""2017-02-24"", ""count"": 7}}",Right,1977,"Winnipeg, MB","Calgary, AB","Manager, Project Management Office (PMO), Long View Systems",College Louis-Riel,University of Manitoba,81.20%,,85.70%,83.30%,77.40%,79.80%,70.00%,,71.70%,85.50%,66.70%,83.30%,,78.10%,90.00%,91.70%,50.00%,75.00%,,,,,75.00%,,,,62.50%,75.00%,,,50.00%,75.00%,83.30%,,,,,,,,,,,,1.02,0.37,54,49,25.9,34.7,20.4,20.4,5.5,6,3,50,5,1,20,,,,,,,,,,,,,,,,,,,,,,,,,,,,,,,,,,,80.20%,79.10%,,,,,,,,,,,,,,,,,Raise CW,50,Double CCW,91.7
Lisa Weagle,86.50%,85.20%,85.90%,72.60%,2976,"{""Lead"": {""start"": ""2011-02-19"", ""end"": ""2022-05-04"", ""count"": 110}, ""Second"": {""start"": ""2018-09-14"", ""end"": ""2022-05-03"", ""count"": 3}}","{""ON(Homan)"": {""start"": ""2011-02-19"", ""end"": ""2011-02-27"", ""count"": 8}, ""ON (Homan)"": {""start"": ""2013-02-16"", ""end"": ""2020-02-23"", ""count"": 36}, ""Homan"": {""start"": ""2015-12-02"", ""end"": ""2019-12-01"", ""count"": 26}, ""Gushue"": {""start"": ""2017-08-26"", ""end"": ""2017-08-27"", ""count"": 2}, ""CAN (Homan)"": {""start"": ""2017-03-18"", ""end"": ""2018-09-16"", ""count"": 18}, ""Jones"": {""start"": ""2021-04-15"", ""end"": ""2022-05-04"", ""count"": 12}, ""MB (Jones)"": {""start"": ""2021-02-20"", ""end"": ""2021-02-28"", ""count"": 9}}",Right,1985,"Ottawa, ON","Ottawa, ON","Communications Advisor, Government of Canada",,University of Ottawa,93.80%,94.40%,81.10%,80.70%,87.00%,86.90%,68.80%,83.30%,86.00%,83.90%,83.10%,86.40%,62.50%,65.00%,89.30%,67.90%,71.70%,78.70%,66.40%,72.30%,,,90.10%,96.60%,75.00%,,88.90%,89.30%,0.00%,87.50%,88.90%,,,,0.00%,70.00%,50.00%,,87.50%,68.80%,66.10%,75.00%,,,1.26,0.38,697,757,39.2,37.4,27.1,14.6,24.6,26,6,23.1,103,5,4.9,,,,,,,,,,,,,,,,,,,,,,,87.60%,78.80%,,,88.60%,76.00%,,,89.20%,81.40%,92.10%,66.50%,87.60%,78.30%,86.00%,76.10%,89.50%,79.00%,91.60%,75.00%,92.70%,76.70%,88.20%,75.00%,,,,,,,Wick CW,66.4,Double CW,89.3
Liz Fyfe,80.70%,80.70%,80.70%,75.90%,2481,"{""Second"": {""start"": ""2016-02-20"", ""end"": ""2022-10-21"", ""count"": 110}}","{""Einarson"": {""start"": ""2016-11-30"", ""end"": ""2018-01-26"", ""count"": 11}, ""MB (Einarson)"": {""start"": ""2016-02-20"", ""end"": ""2016-02-28"", ""count"": 9}, ""Canada"": {""start"": ""2018-12-05"", ""end"": ""2018-12-08"", ""count"": 4}, ""Kerri Einarson"": {""start"": ""2018-01-14"", ""end"": ""2018-01-14"", ""count"": 1}, ""WC"": {""start"": ""2018-01-27"", ""end"": ""2018-02-04"", ""count"": 9}, ""Fleury"": {""start"": ""2019-01-27"", ""end"": ""2022-05-07"", ""count"": 43}, ""MB (Fleury)"": {""start"": ""2019-02-16"", ""end"": ""2019-02-21"", ""count"": 6}, ""WC#2"": {""start"": ""2020-02-14"", ""end"": ""2020-02-14"", ""count"": 1}, ""WC1 (Fleury)"": {""start"": ""2021-02-20"", ""end"": ""2022-02-05"", ""count"": 17}, ""Carey"": {""start"": ""2022-09-21"", ""end"": ""2022-10-21"", ""count"": 9}}",Right,1987,"Winnipeg, MB","Winnipeg, MB","Wedding planner, Self employed",,Red River College,89.70%,90.40%,83.60%,82.80%,76.30%,73.20%,71.10%,78.40%,80.20%,81.70%,77.30%,76.50%,88.90%,89.50%,74.70%,72.60%,70.50%,70.20%,,,,,,86.90%,92.10%,89.60%,77.80%,81.20%,70.80%,80.60%,79.40%,89.30%,62.50%,68.80%,88.40%,88.80%,43.80%,66.70%,50.00%,50.00%,,,,,1.13,0.41,591,613,35.5,33.4,28.4,20.5,15,40,12,30,75,3,4,,,,,,,,,,,,,,,,,,,,,,,,,,,,,,,,,80.60%,84.00%,73.70%,82.70%,79.50%,82.80%,77.50%,80.70%,83.80%,70.50%,80.30%,81.90%,76.10%,80.00%,,,,,,,Raise CCW,70.2,Guard CW,83.6
Lori Eddy,61.50%,74.10%,68.20%,52.60%,274,"{""Fourth"": {""start"": ""2020-02-15"", ""end"": ""2021-02-25"", ""count"": 10}, ""Third"": {""start"": ""2021-02-23"", ""end"": ""2021-02-23"", ""count"": 1}}","{""NU (Eddy)"": {""start"": ""2020-02-15"", ""end"": ""2021-02-25"", ""count"": 10}}",Right,1971,"Lunenburg, NS","Dundas, ON",,,,75.00%,,64.30%,75.00%,53.50%,82.30%,62.50%,65.60%,75.00%,74.60%,40.00%,70.00%,75.00%,92.90%,25.00%,67.90%,50.00%,20.80%,,,,,,,25.00%,,54.20%,70.80%,,75.00%,68.80%,62.50%,,25.00%,,,50.00%,,0.00%,0.00%,,,,,0.77,0.23,71,65,18.3,30.8,16.9,31,-12.7,11,2,18.2,3,3,100,,,,,,,,,,,,,,,,,,,,,,,,,,,,,,,,,,,,,,,,,69.70%,69.50%,65.70%,67.70%,,,,,,,,,Raise CCW,20.8,Draw CCW,82.3
Lori Olson-johns,78.90%,79.00%,78.90%,74.50%,614,"{""Third"": {""start"": ""2015-12-02"", ""end"": ""2017-12-08"", ""count"": 18}, ""Second"": {""start"": ""2018-12-05"", ""end"": ""2018-12-08"", ""count"": 4}}","{""Sweeting"": {""start"": ""2015-12-02"", ""end"": ""2017-12-08"", ""count"": 16}, ""Jacobs"": {""start"": ""2017-08-25"", ""end"": ""2017-08-27"", ""count"": 2}, ""Walker"": {""start"": ""2018-12-05"", ""end"": ""2018-12-08"", ""count"": 4}}",Right,1977,"Toronto, ON","Edmonton, AB",,,,83.30%,85.00%,88.30%,71.20%,70.10%,67.50%,78.00%,74.00%,78.70%,86.80%,75.90%,77.80%,91.70%,87.90%,67.20%,81.20%,78.60%,71.20%,,,,,,75.00%,80.00%,75.00%,71.90%,64.30%,66.70%,75.00%,75.00%,90.60%,62.50%,50.00%,,97.50%,,,,33.30%,,,,,1.02,0.31,154,144,27.3,39.6,20.8,24.7,2.6,14,2,14.3,13,1,7.7,,,,,,,,,,,,,,,,,,,,,,,,,,,,,,,82.80%,86.30%,67.50%,79.10%,69.20%,78.60%,77.20%,82.20%,,,,,,,,,,,,,,,Double CW,67.2,Guard CW,88.3
Lorraine Schneider,78.80%,66.20%,74.10%,72.50%,220,"{""Second"": {""start"": ""2017-02-18"", ""end"": ""2017-02-24"", ""count"": 7}}","{""SK (Barker)"": {""start"": ""2017-02-18"", ""end"": ""2017-02-24"", ""count"": 7}}",Right,1993,,,,,,91.20%,83.30%,85.70%,83.30%,68.20%,57.50%,88.50%,62.50%,71.60%,68.10%,81.70%,71.40%,87.50%,81.20%,,54.20%,59.40%,54.20%,,,,,91.70%,50.00%,93.80%,,35.00%,25.00%,91.70%,,,,,,75.00%,87.50%,,,75.00%,,,,,,0.87,0.27,53,52,17,34.6,19.2,20.8,-3.8,8,0,0,3,2,66.7,,,,,,,,,,,,,,,,,,,,,,,,,,,,,,,,,,,75.20%,73.00%,,,,,,,,,,,,,,,,,Double CCW,54.2,Freeze CW,88.5
Luc Ouimet,74.40%,76.70%,75.70%,89.80%,206,"{""Second"": {""start"": ""2009-03-07"", ""end"": ""2009-03-12"", ""count"": 6}}","{""N.Ont (Jakubo)"": {""start"": ""2009-03-07"", ""end"": ""2009-03-12"", ""count"": 6}}",Right,1973,,,,,,95.80%,88.80%,96.40%,96.90%,65.60%,63.00%,50.00%,54.20%,80.80%,85.90%,56.80%,77.30%,75.00%,89.30%,43.80%,75.00%,58.30%,50.00%,,,,,,87.50%,,,50.00%,81.20%,,,,,,,,,,,,,,,,,0.85,0.13,54,45,18.5,33.3,8.9,24.1,-5.6,7,0,0,1,0,0,,,,,,,,,,,,,,,,,,,75.70%,75.70%,,,,,,,,,,,,,,,,,,,,,,,,,,,,,,,,,Double CW,43.8,Guard CCW,96.9
Luc Violette,80.10%,81.10%,80.50%,78.50%,752,"{""Third"": {""start"": ""2017-02-16"", ""end"": ""2024-10-05"", ""count"": 28}, ""Fourth"": {""start"": ""2020-02-15"", ""end"": ""2024-10-05"", ""count"": 9}}","{""United States"": {""start"": ""2017-02-16"", ""end"": ""2019-02-19"", ""count"": 13}, ""USA (Violette)"": {""start"": ""2020-02-15"", ""end"": ""2020-02-20"", ""count"": 6}, ""Casper"": {""start"": ""2023-10-17"", ""end"": ""2024-10-05"", ""count"": 15}, ""USA (Casper)"": {""start"": ""2023-01-19"", ""end"": ""2023-01-21"", ""count"": 2}}",Right,1999,,"Edmonds, WA",,Lake Stevens High School,,93.80%,,86.10%,82.50%,75.20%,67.90%,63.60%,91.70%,86.00%,89.10%,79.40%,77.50%,92.80%,95.30%,66.30%,79.50%,71.90%,72.40%,,,61.40%,66.70%,87.50%,,83.30%,92.90%,95.00%,53.60%,,,91.70%,,93.80%,75.00%,94.60%,,25.00%,50.00%,62.50%,50.00%,,,58.30%,,1.04,0.32,186,184,32.3,33.2,23.4,19.4,12.9,12,4,33.3,18,1,5.6,,,,,,,,,,,,,,,,,,,,,,,,,,,,,,,,,,,85.10%,81.50%,48.30%,76.90%,73.20%,86.10%,63.00%,76.00%,,,,,86.00%,89.50%,83.20%,87.70%,,,Promotion CW,61.4,Freeze CCW,91.7
Lukas Klima,74.40%,76.20%,75.40%,68.50%,1938,"{""Third"": {""start"": ""2014-11-22"", ""end"": ""2017-12-10"", ""count"": 12}, ""Fourth"": {""start"": ""2017-02-02"", ""end"": ""2025-04-04"", ""count"": 58}}","{""CZE"": {""start"": ""2014-11-22"", ""end"": ""2014-11-27"", ""count"": 6}, ""Czech Republic"": {""start"": ""2017-12-05"", ""end"": ""2022-11-24"", ""count"": 29}, ""CZE (Klima)"": {""start"": ""2017-02-02"", ""end"": ""2025-04-04"", ""count"": 35}}",Right,1991,,,,,,,87.50%,90.60%,77.50%,77.10%,76.10%,,53.10%,78.10%,83.80%,73.80%,74.50%,87.30%,92.30%,68.20%,71.50%,61.10%,69.40%,,79.20%,51.30%,56.00%,,75.00%,87.50%,66.20%,74.30%,75.60%,,41.70%,43.20%,82.90%,64.30%,60.00%,85.70%,,57.10%,72.70%,75.00%,79.50%,,,54.20%,37.50%,1.07,0.21,497,461,30.6,37.3,15.4,21.3,9.3,49,5,10.2,33,3,9.1,,,,,,,,,,,,,,,,,,,,,,,,,,,,,80.20%,74.70%,,,,,83.90%,77.40%,,,,,,,81.20%,72.00%,72.70%,75.50%,74.20%,70.10%,76.00%,73.90%,79.50%,79.10%,Promotion CW,51.3,Guard CW,90.6
Lynn Kreviazuk,76.20%,73.90%,75.10%,81.00%,477,"{""Second"": {""start"": ""2017-12-02"", ""end"": ""2022-02-01"", ""count"": 20}}","{""Flaxey"": {""start"": ""2017-12-02"", ""end"": ""2017-12-08"", ""count"": 7}, ""Harrison"": {""start"": ""2021-10-26"", ""end"": ""2021-11-26"", ""count"": 12}, ""WC3 (Miskew)"": {""start"": ""2022-02-01"", ""end"": ""2022-02-01"", ""count"": 1}}",Right,1991,"Ottawa, ON","Ottawa, ON",Student,,Carleton University,85.30%,78.90%,88.10%,94.10%,67.30%,69.70%,76.80%,58.30%,72.40%,74.10%,70.60%,77.20%,80.00%,81.00%,60.00%,65.00%,,62.50%,,,,,93.80%,83.30%,91.70%,,70.00%,70.00%,87.50%,,66.70%,,,,80.00%,85.00%,,25.00%,,,,,,,1.1,0.33,113,118,33.6,28.8,24.6,25.7,7.9,11,1,9.1,13,3,23.1,,,,,,,,,,,,,,,,,,,,,,,,,,,,,,,,,,,71.30%,76.00%,,,,,,,78.50%,73.60%,25.00%,66.70%,,,,,,,Freeze CCW,58.3,Guard CCW,94.1
Mackenzie Elias,83.60%,85.30%,84.50%,77.00%,857,"{""Lead"": {""start"": ""2022-12-06"", ""end"": ""2024-10-04"", ""count"": 47}, ""Third"": {""start"": ""2022-12-06"", ""end"": ""2022-12-06"", ""count"": 1}, ""Second"": {""start"": ""2024-02-22"", ""end"": ""2024-02-22"", ""count"": 1}}","{""Scheidegge"": {""start"": ""2022-12-06"", ""end"": ""2022-12-10"", ""count"": 5}, ""Ackland"": {""start"": ""2023-01-10"", ""end"": ""2023-01-14"", ""count"": 5}, ""Cameron"": {""start"": ""2023-10-17"", ""end"": ""2024-10-04"", ""count"": 22}, ""WC3 (Walter)"": {""start"": ""2023-02-18"", ""end"": ""2023-02-23"", ""count"": 6}, ""MB (Cameron)"": {""start"": ""2024-02-17"", ""end"": ""2024-02-25"", ""count"": 9}}",Right,2000,,,,,,92.20%,92.60%,83.00%,91.40%,82.80%,80.80%,60.00%,73.90%,78.70%,81.80%,50.00%,83.30%,87.50%,,66.70%,,41.70%,70.80%,66.70%,75.00%,,,90.80%,96.00%,95.00%,,88.50%,78.40%,,50.00%,,,,75.00%,75.00%,,,,,25.00%,50.00%,,,,1.01,0.35,207,195,26.1,32.8,22.6,24.2,1.9,25,1,4,18,1,5.6,,,,,,,,,,,,,,,,,,,,,,,,,,,,,,,,,,,,,,,,,,,,,86.10%,70.50%,85.10%,71.00%,86.40%,82.00%,,,Raise CW,41.7,Guard CCW,91.4
Mackenzie Zacharias,77.20%,76.30%,76.80%,73.50%,1982,"{""Fourth"": {""start"": ""2017-04-18"", ""end"": ""2022-10-20"", ""count"": 53}, ""Second"": {""start"": ""2022-09-21"", ""end"": ""2023-05-06"", ""count"": 36}, ""Third"": {""start"": ""2022-10-04"", ""end"": ""2022-10-04"", ""count"": 1}}","{""MB (Zachachar*)"": {""start"": ""2017-04-18"", ""end"": ""2017-04-21"", ""count"": 4}, ""MB"": {""start"": ""2019-01-19"", ""end"": ""2020-01-26"", ""count"": 15}, ""Canada"": {""start"": ""2020-02-15"", ""end"": ""2020-02-22"", ""count"": 8}, ""Zacharias"": {""start"": ""2021-10-25"", ""end"": ""2022-04-15"", ""count"": 11}, ""WC2 (Zacharias)"": {""start"": ""2021-02-19"", ""end"": ""2021-02-25"", ""count"": 7}, ""Jones"": {""start"": ""2022-09-21"", ""end"": ""2023-05-06"", ""count"": 28}, ""MB (Zacharias)"": {""start"": ""2022-01-29"", ""end"": ""2022-02-04"", ""count"": 7}, ""MB (Jones)"": {""start"": ""2023-02-18"", ""end"": ""2023-02-26"", ""count"": 9}}",Right,1999,,,,,,97.90%,,84.40%,91.40%,77.70%,71.00%,81.20%,68.10%,78.70%,79.20%,70.30%,64.40%,89.20%,91.00%,55.40%,63.30%,58.30%,70.40%,,,25.00%,75.00%,91.70%,,89.30%,87.50%,64.60%,63.90%,25.00%,,71.40%,86.90%,64.60%,70.00%,85.00%,94.80%,57.70%,66.70%,50.00%,50.00%,,,50.00%,,1.2,0.4,482,483,34.9,34.4,26.3,22.8,12.1,34,4,11.8,62,3,4.8,,,,,,,,,,,,,,,,,,,,,,,,,,,,,,,,,,,61.10%,65.10%,,,74.70%,78.40%,83.10%,79.50%,73.90%,69.90%,78.50%,73.00%,82.30%,83.10%,,,,,Promotion CW,25,Guard CCW,91.4
Madeleine Dupont,71.40%,75.00%,73.20%,66.40%,3631,"{""Fourth"": {""start"": ""2010-02-16"", ""end"": ""2025-03-21"", ""count"": 131}, ""Third"": {""start"": ""2016-03-20"", ""end"": ""2017-03-23"", ""count"": 12}}","{""DEN (Dupont)"": {""start"": ""2010-02-16"", ""end"": ""2025-03-21"", ""count"": 110}, ""DEN (Nielsen)"": {""start"": ""2016-03-20"", ""end"": ""2017-03-23"", ""count"": 15}, ""Dupont"": {""start"": ""2022-05-03"", ""end"": ""2024-10-04"", ""count"": 16}}",Right,,,,,,,87.50%,90.60%,79.60%,87.80%,70.80%,72.70%,51.20%,77.90%,79.50%,81.50%,71.50%,73.70%,82.10%,85.80%,62.20%,63.20%,60.60%,68.30%,57.10%,50.00%,42.10%,52.40%,,87.50%,66.70%,81.70%,66.20%,73.10%,29.20%,62.50%,79.50%,83.60%,57.10%,71.20%,80.00%,75.00%,72.50%,60.70%,60.70%,50.00%,25.00%,,37.50%,75.00%,1.06,0.3,881,919,29.7,33.4,21.1,24.2,5.5,94,18,19.1,73,7,9.6,,,,,,,,,,,,,,,,,,,,,69.30%,70.90%,,,,,,,,,,,70.30%,78.70%,66.80%,76.50%,69.30%,68.20%,70.60%,72.60%,,,72.90%,70.50%,77.50%,72.80%,77.10%,70.20%,70.00%,74.30%,81.80%,79.70%,Promotion CW,42.1,Guard CCW,87.8
Madison Bear,75.20%,78.30%,76.80%,63.50%,220,"{""Lead"": {""start"": ""2016-03-07"", ""end"": ""2019-02-02"", ""count"": 6}, ""Second"": {""start"": ""2017-02-20"", ""end"": ""2017-02-23"", ""count"": 3}, ""Fourth"": {""start"": ""2018-03-05"", ""end"": ""2018-03-07"", ""count"": 2}}","{""United States"": {""start"": ""2016-03-07"", ""end"": ""2019-02-02"", ""count"": 11}}",Right,1997,"Portage, WI","Pardeeville, WI",Student,Portage High School,"Concordia College, St. Paul",85.80%,94.90%,86.10%,68.80%,76.30%,66.40%,,,60.70%,85.00%,60.00%,77.30%,,43.80%,25.00%,54.20%,50.00%,62.50%,62.50%,,50.00%,,87.50%,,,,83.30%,,,,0.00%,,,75.00%,,0.00%,,,0.00%,,66.70%,,50.00%,,1,0.27,54,55,27.8,25.5,20,24.1,3.7,8,1,12.5,5,1,20,,,,,,,,,,,,,,,,,,,,,,,,,,,,,,,,,81.70%,77.80%,63.60%,44.70%,78.10%,71.20%,89.20%,82.10%,,,,,,,,,,,,,Double CW,25,Guard CW,86.1
Mads Noergaard,73.90%,78.00%,76.10%,79.60%,954,"{""Third"": {""start"": ""2019-11-16"", ""end"": ""2022-11-24"", ""count"": 31}, ""Second"": {""start"": ""2021-04-01"", ""end"": ""2021-04-08"", ""count"": 7}, ""Lead"": {""start"": ""2021-04-05"", ""end"": ""2021-04-08"", ""count"": 2}}","{""Denmark"": {""start"": ""2019-11-16"", ""end"": ""2022-11-24"", ""count"": 30}, ""DEN (Krause)"": {""start"": ""2022-02-09"", ""end"": ""2022-02-17"", ""count"": 8}}",Right,1994,"Hvidovre, DEN","h, DEN",,,,90.90%,89.60%,75.00%,84.90%,69.60%,75.20%,56.20%,58.30%,76.80%,75.20%,79.00%,79.30%,96.70%,95.70%,66.20%,77.80%,56.20%,76.40%,40.00%,,57.40%,58.70%,86.50%,80.00%,87.50%,78.10%,79.70%,77.80%,50.00%,,,58.30%,,,,,81.20%,50.00%,,83.30%,,,41.70%,58.30%,0.97,0.17,249,221,24.9,33.5,13.1,26.1,-1.2,32,4,12.5,10,3,30,,,,,,,,,,,,,,,,,,,,,,,,,,,,,,,,,,,,,,,76.60%,77.80%,,,75.40%,77.40%,75.20%,74.10%,,,,,,,Wick CW,40,Guard CCW,84.9
Magnus Nedregotten,82.40%,86.20%,84.50%,79.30%,1058,"{""Second"": {""start"": ""2017-01-31"", ""end"": ""2021-12-16"", ""count"": 30}, ""Third"": {""start"": ""2022-08-21"", ""end"": ""2022-11-24"", ""count"": 11}}","{""Norway"": {""start"": ""2017-04-01"", ""end"": ""2022-11-24"", ""count"": 25}, ""NOR (Walstad)"": {""start"": ""2017-01-31"", ""end"": ""2018-04-07"", ""count"": 11}, ""Walstad"": {""start"": ""2022-08-21"", ""end"": ""2022-10-21"", ""count"": 5}}",Right,1991,"Stavanger, NOR","Oslo, NOR",,,Norwegian university of sport science,95.00%,94.20%,84.70%,91.30%,80.90%,87.70%,75.00%,50.00%,83.50%,87.30%,77.30%,78.50%,87.10%,92.10%,77.10%,78.60%,84.70%,85.90%,75.00%,,65.00%,67.00%,,88.50%,72.70%,95.80%,95.00%,88.50%,,75.00%,75.00%,,50.00%,66.70%,72.70%,95.80%,81.20%,,25.00%,87.50%,,,,,1.07,0.34,256,259,31.6,32.8,23.2,19.1,12.5,22,3,13.6,23,3,13,,,,,,,,,,,,,,,,,,,,,,,,,,,,,,,,,,,89.40%,87.00%,87.50%,84.00%,82.10%,82.80%,,,95.00%,95.00%,79.70%,78.80%,,,,,,,Freeze CCW,50,Guard CCW,91.3
Magnus Ramsfjell,80.40%,78.60%,79.60%,82.10%,2402,"{""Fourth"": {""start"": ""2017-02-16"", ""end"": ""2025-04-05"", ""count"": 103}}","{""Norway"": {""start"": ""2017-02-16"", ""end"": ""2022-04-08"", ""count"": 27}, ""Ramsfjell"": {""start"": ""2022-12-06"", ""end"": ""2025-01-17"", ""count"": 40}, ""NOR (Ramsfjell)"": {""start"": ""2023-04-01"", ""end"": ""2025-04-05"", ""count"": 36}}",Right,,,,,,,,,91.40%,83.30%,81.00%,78.20%,77.10%,78.60%,84.70%,87.30%,76.80%,76.70%,92.20%,86.60%,75.90%,67.00%,65.80%,73.50%,66.70%,50.00%,65.80%,52.20%,,,85.70%,87.50%,77.80%,75.60%,60.00%,87.50%,87.00%,92.10%,85.00%,95.00%,,81.20%,75.00%,56.20%,92.90%,78.60%,,87.50%,,20.00%,1.08,0.28,589,598,33.1,34.9,19.4,20,13.1,60,10,16.7,53,1,1.9,,,,,,,,,,,,,,,,,,,,,,,,,,,,,,,,,,,78.20%,78.50%,54.50%,46.90%,74.30%,70.80%,,,,,80.20%,76.30%,82.80%,80.70%,80.30%,80.40%,87.30%,81.40%,Wick CCW,50,Guard CW,91.4
Magnus Sutor,78.70%,80.30%,79.50%,87.00%,711,"{""Lead"": {""start"": ""2020-02-15"", ""end"": ""2022-05-22"", ""count"": 10}, ""Second"": {""start"": ""2022-11-19"", ""end"": ""2023-11-23"", ""count"": 17}}","{""GER (Totzek)"": {""start"": ""2020-02-15"", ""end"": ""2023-11-23"", ""count"": 21}, ""Germany"": {""start"": ""2022-11-19"", ""end"": ""2022-11-22"", ""count"": 4}, ""GER (Kapp)"": {""start"": ""2022-05-21"", ""end"": ""2022-05-22"", ""count"": 2}}",Right,,,,,,,95.40%,96.60%,77.00%,81.60%,74.20%,79.80%,,,80.00%,73.60%,87.10%,81.80%,95.80%,89.30%,71.70%,75.00%,69.30%,65.60%,85.00%,64.30%,65.60%,62.50%,,,91.70%,80.00%,90.90%,75.00%,,,50.00%,,,,,82.10%,,,83.30%,81.20%,91.70%,66.70%,,,1.08,0.24,166,180,33.7,29.4,17.2,21.7,12,21,3,14.3,17,1,5.9,,,,,,,,,,,,,,,,,,,,,,,,,,,,,,,,,,,,,,,,,86.50%,78.20%,,,83.00%,75.90%,73.20%,79.10%,,,,,Promotion CCW,62.5,Hit-roll CW,87.1
Magnus Vaagberg,89.50%,88.10%,88.70%,92.30%,1501,"{""Lead"": {""start"": ""2018-03-31"", ""end"": ""2022-11-24"", ""count"": 57}}","{""Norway"": {""start"": ""2018-09-16"", ""end"": ""2022-11-24"", ""count"": 41}, ""NOR (Walstad)"": {""start"": ""2018-03-31"", ""end"": ""2022-02-17"", ""count"": 16}}",Right,,,,,,,96.70%,93.90%,84.50%,83.80%,84.40%,87.50%,91.70%,50.00%,87.80%,93.60%,79.20%,82.10%,,,75.00%,80.00%,78.10%,81.20%,95.00%,66.70%,,,95.70%,92.80%,91.70%,90.00%,,90.00%,,,,,,,,,,,,87.50%,,52.00%,,,1.1,0.3,355,390,31.8,35.9,21.8,17.5,14.3,27,4,14.8,33,3,9.1,,,,,,,,,,,,,,,,,,,,,,,,,,,,,,,,,,,,,89.40%,85.40%,88.30%,72.70%,,,89.20%,83.80%,92.20%,86.80%,,,,,,,Freeze CCW,50,Wick CW,95
Manuel Walter,77.00%,78.70%,78.00%,83.00%,1241,"{""Third"": {""start"": ""2014-11-22"", ""end"": ""2018-04-06"", ""count"": 37}, ""Second"": {""start"": ""2016-04-05"", ""end"": ""2016-04-07"", ""count"": 3}}","{""GER"": {""start"": ""2014-11-22"", ""end"": ""2014-11-27"", ""count"": 6}, ""Germany"": {""start"": ""2016-04-02"", ""end"": ""2018-04-06"", ""count"": 34}}",Right,1986,,"Karlsruhe, GER",,,,94.40%,99.40%,83.10%,84.50%,71.00%,71.40%,50.00%,56.20%,78.00%,80.30%,76.00%,79.40%,87.90%,89.70%,72.70%,72.10%,60.70%,67.60%,,,73.40%,67.50%,,,75.00%,88.20%,79.50%,73.00%,,,80.00%,,87.50%,87.50%,,81.70%,75.00%,50.00%,50.00%,,,,,,0.88,0.16,316,292,23.4,33.9,13,25.3,-1.9,39,6,15.4,12,1,8.3,,,,,,,,,,,,,,,,,,,,,,,,,,,,,79.30%,84.00%,,,80.30%,78.20%,74.30%,79.20%,74.00%,74.00%,,,,,,,,,,,,,,,Freeze CW,50,Guard CCW,84.5
Manuela Siegrist,76.10%,79.60%,78.10%,75.50%,384,"{""Third"": {""start"": ""2017-11-18"", ""end"": ""2017-11-24"", ""count"": 7}, ""Second"": {""start"": ""2018-02-14"", ""end"": ""2018-02-21"", ""count"": 7}}","{""Switzerland"": {""start"": ""2017-11-18"", ""end"": ""2018-02-21"", ""count"": 14}}",Right,1990,"Basel, SUI",,,,,,,96.90%,81.80%,71.80%,71.50%,,,67.60%,84.60%,73.50%,76.00%,82.40%,82.80%,80.00%,79.20%,75.00%,80.20%,,,,50.00%,,,,,41.70%,56.20%,,,,93.80%,50.00%,50.00%,85.00%,75.00%,,91.70%,37.50%,,,,,,1.13,0.29,102,87,34.3,41.4,18.4,17.6,16.7,3,0,0,11,3,27.3,,,,,,,,,,,,,,,,,,,,,,,,,,,,,,,,,,,80.20%,77.30%,72.80%,79.90%,,,,,,,,,,,,,,,Promotion CCW,50,Guard CW,96.9
Mao Ishigaki,78.40%,76.30%,77.40%,76.90%,537,"{""Lead"": {""start"": ""2013-02-28"", ""end"": ""2013-03-10"", ""count"": 9}, ""Second"": {""start"": ""2018-03-17"", ""end"": ""2021-10-22"", ""count"": 15}}","{""JPN"": {""start"": ""2013-02-28"", ""end"": ""2013-03-10"", ""count"": 9}, ""Japan"": {""start"": ""2018-03-17"", ""end"": ""2019-02-02"", ""count"": 11}, ""Koana"": {""start"": ""2021-10-19"", ""end"": ""2021-10-22"", ""count"": 4}}",Right,1992,"Kitami, JPN","Yamanashi, JPN","Company employee, Fujikyu",,,90.40%,84.80%,86.50%,84.70%,75.00%,70.20%,70.00%,65.00%,78.00%,77.80%,76.90%,79.20%,97.20%,89.70%,75.00%,80.90%,73.10%,73.10%,,0.00%,0.00%,75.00%,96.40%,80.00%,75.00%,,68.80%,82.50%,75.00%,,62.50%,87.50%,50.00%,,,,50.00%,81.20%,75.00%,,,0.00%,,,1.13,0.19,134,129,32.1,34.9,17.8,18.7,13.4,10,0,0,11,2,18.2,,,,,,,,,,,,,,,,,,,,,,,,,,,78.00%,78.50%,,,,,,,,,76.30%,82.20%,79.70%,79.20%,,,65.60%,65.60%,,,,,,,,,Wick CCW,0,Guard CW,86.5
Marc Kennedy,88.30%,88.00%,88.10%,84.30%,6813,"{""Second"": {""start"": ""2007-03-03"", ""end"": ""2022-02-13"", ""count"": 44}, ""Third"": {""start"": ""2015-12-02"", ""end"": ""2025-04-12"", ""count"": 247}}","{""AB (Martin)"": {""start"": ""2007-03-03"", ""end"": ""2013-03-07"", ""count"": 26}, ""ALTA (Martin)"": {""start"": ""2009-03-07"", ""end"": ""2009-03-15"", ""count"": 8}, ""CAN"": {""start"": ""2010-02-16"", ""end"": ""2010-02-27"", ""count"": 9}, ""Koe"": {""start"": ""2015-12-02"", ""end"": ""2017-12-10"", ""count"": 16}, ""AB (Koe)"": {""start"": ""2016-03-05"", ""end"": ""2016-03-13"", ""count"": 8}, ""Canada"": {""start"": ""2016-04-02"", ""end"": ""2016-04-10"", ""count"": 8}, ""CA (Koe)"": {""start"": ""2017-03-04"", ""end"": ""2017-03-12"", ""count"": 9}, ""Jones"": {""start"": ""2017-08-25"", ""end"": ""2017-08-25"", ""count"": 1}, ""Jacobs"": {""start"": ""2018-12-05"", ""end"": ""2025-04-12"", ""count"": 75}, ""CAN (Koe)"": {""start"": ""2018-02-14"", ""end"": ""2018-02-23"", ""count"": 10}, ""NO (Jacobs)"": {""start"": ""2020-02-29"", ""end"": ""2022-03-11"", ""count"": 23}, ""Bottcher"": {""start"": ""2022-09-21"", ""end"": ""2024-04-12"", ""count"": 60}, ""CAN (Gushue)"": {""start"": ""2022-02-13"", ""end"": ""2022-02-13"", ""count"": 1}, ""WC1 (Bottcher)"": {""start"": ""2023-03-03"", ""end"": ""2023-03-12"", ""count"": 10}, ""AB-B (Bottcher)"": {""start"": ""2024-03-02"", ""end"": ""2024-03-10"", ""count"": 9}, ""AB (Jacobs)"": {""start"": ""2025-03-01"", ""end"": ""2025-03-09"", ""count"": 9}, ""CAN (Jacobs)"": {""start"": ""2025-03-29"", ""end"": ""2025-04-06"", ""count"": 9}}",Left,1982,"St. Albert, AB","Edmonton, AB",,,,98.30%,93.40%,93.00%,95.20%,84.10%,86.50%,83.10%,82.50%,90.70%,90.20%,84.70%,84.60%,96.80%,94.70%,82.00%,83.60%,84.80%,83.40%,,65.00%,70.80%,73.00%,,93.80%,91.80%,97.70%,88.60%,86.10%,77.90%,62.50%,91.00%,90.90%,87.00%,88.50%,97.30%,94.20%,83.00%,86.60%,81.80%,91.70%,,,50.00%,45.80%,1.22,0.27,1664,1659,38.2,39.6,19.1,12.3,25.9,71,15,21.1,208,3,1.4,,,,,,,,,,,,,,,83.80%,86.00%,91.50%,92.30%,92.70%,90.40%,79.30%,87.30%,88.70%,90.80%,,,86.80%,91.80%,,,91.40%,89.80%,86.20%,91.00%,85.70%,86.10%,89.00%,86.00%,82.90%,80.80%,86.50%,93.30%,84.30%,88.50%,86.30%,89.00%,90.80%,86.30%,89.00%,88.30%,90.40%,87.80%,Wick CCW,65,Guard CCW,95.2
Marc Lecocq,84.40%,84.90%,84.70%,86.60%,1196,"{""Second"": {""start"": ""2002-03-09"", ""end"": ""2019-03-06"", ""count"": 40}}","{""N.B. (Howard)"": {""start"": ""2002-03-09"", ""end"": ""2002-03-16"", ""count"": 8}, ""N.B (Howard)"": {""start"": ""2003-03-01"", ""end"": ""2003-03-07"", ""count"": 7}, ""NB (Howard)"": {""start"": ""2004-03-06"", ""end"": ""2004-03-12"", ""count"": 7}, ""NB (Kennedy)"": {""start"": ""2016-03-05"", ""end"": ""2017-03-09"", ""count"": 13}, ""NB"": {""start"": ""2019-03-02"", ""end"": ""2019-03-06"", ""count"": 5}}",Right,,"Dalhousie, NB",,,,,95.50%,98.60%,89.90%,91.70%,83.50%,78.70%,79.80%,82.30%,85.90%,85.20%,83.10%,78.60%,89.00%,91.60%,66.70%,76.70%,70.00%,75.70%,,,,,,98.30%,,95.00%,96.90%,78.60%,81.20%,75.00%,66.70%,90.90%,87.50%,,97.70%,97.50%,,50.00%,56.20%,,,,,,1.15,0.22,282,301,32.6,38.5,15.9,14.5,18.1,22,3,13.6,26,4,15.4,,,,,86.70%,84.00%,87.50%,85.50%,86.30%,84.40%,,,,,,,,,,,,,,,,,,,,,,,88.10%,85.20%,86.60%,81.00%,,,73.70%,82.80%,,,,,,,,,,,,,Double CW,66.7,Guard CCW,91.7
Marc Muskatewitz,80.20%,78.30%,79.20%,78.60%,2480,"{""Second"": {""start"": ""2014-11-22"", ""end"": ""2023-04-06"", ""count"": 10}, ""Fourth"": {""start"": ""2016-04-05"", ""end"": ""2025-04-11"", ""count"": 64}, ""Third"": {""start"": ""2021-04-01"", ""end"": ""2022-04-08"", ""count"": 22}}","{""GER"": {""start"": ""2014-11-22"", ""end"": ""2014-11-27"", ""count"": 6}, ""Germany"": {""start"": ""2016-04-02"", ""end"": ""2022-04-08"", ""count"": 48}, ""GER (Totzek)"": {""start"": ""2023-04-06"", ""end"": ""2023-04-06"", ""count"": 1}, ""GER (Muskatewitz)"": {""start"": ""2024-03-30"", ""end"": ""2025-04-04"", ""count"": 23}, ""Muskatewitz"": {""start"": ""2024-10-01"", ""end"": ""2025-04-11"", ""count"": 18}}",Right,,,,,,,79.70%,92.60%,91.70%,86.70%,78.50%,74.90%,72.20%,66.70%,82.70%,83.00%,76.50%,75.10%,94.50%,91.50%,78.80%,73.60%,75.60%,76.80%,68.80%,95.00%,71.60%,63.60%,66.70%,93.80%,95.50%,88.20%,77.80%,66.90%,50.00%,0.00%,77.60%,80.80%,61.10%,75.00%,,98.20%,72.90%,82.80%,97.50%,93.80%,,,80.00%,92.50%,1.09,0.25,615,606,31.1,33.7,17.5,22.4,8.7,72,10,13.9,42,3,7.1,,,,,,,,,,,,,,,,,,,,,,,,,,,,,77.70%,82.10%,,,76.20%,73.70%,,,76.70%,71.40%,71.60%,78.60%,,,75.80%,81.40%,86.90%,80.00%,100.00%,,81.40%,80.50%,84.30%,80.90%,Promotion CCW,63.6,Wick CCW,95
Marc Pfister,77.90%,79.80%,78.80%,72.80%,431,"{""Third"": {""start"": ""2016-04-02"", ""end"": ""2016-04-07"", ""count"": 6}, ""Fourth"": {""start"": ""2018-03-31"", ""end"": ""2018-04-06"", ""count"": 7}}","{""Switzerland"": {""start"": ""2016-04-02"", ""end"": ""2016-04-07"", ""count"": 6}, ""SUI (Pfister)"": {""start"": ""2018-03-31"", ""end"": ""2018-04-06"", ""count"": 7}}",Right,1989,,,,,,,81.20%,86.40%,81.60%,72.00%,71.20%,62.50%,62.50%,91.10%,88.20%,79.70%,87.50%,91.20%,86.40%,68.10%,75.00%,66.10%,72.50%,,,61.80%,66.70%,,75.00%,93.80%,,75.00%,79.20%,50.00%,75.00%,,,75.00%,87.50%,87.50%,,,,0.00%,37.50%,,,75.00%,0.00%,1,0.29,107,105,29.9,28.6,18.1,16.8,13.1,9,0,0,9,1,11.1,,,,,,,,,,,,,,,,,,,,,,,,,,,,,,,,,77.90%,79.60%,,,71.90%,82.90%,,,,,,,,,,,,,,,Promotion CW,61.8,Take-out CW,91.1
Marcel Rocque,90.20%,90.70%,90.50%,88.40%,683,"{""Lead"": {""start"": ""2001-03-03"", ""end"": ""2004-03-13"", ""count"": 24}}","{""AB (Ferbey)"": {""start"": ""2001-03-03"", ""end"": ""2004-03-13"", ""count"": 24}}",Right,1971,"St. Paul, AB","Edmonton, AB","Teacher, Edmonton Public Schools",,,,97.80%,83.30%,88.80%,87.10%,91.30%,86.40%,89.30%,89.50%,91.40%,91.70%,72.20%,97.20%,85.70%,,72.20%,70.00%,77.50%,68.80%,12.50%,,,,93.80%,,83.30%,89.30%,90.40%,,,81.20%,,,,,,,,,,87.50%,0.00%,,,1.38,0.37,165,171,41.8,42.7,26.9,13.9,27.9,5,1,20,29,2,6.9,,,90.40%,85.00%,91.00%,82.30%,,,94.20%,88.60%,,,,,,,,,,,,,,,,,,,,,,,,,,,,,,,,,,,,,,,,,,,Wick CCW,12.5,Hit-roll CW,91.7
Marcia Richardson,69.70%,77.30%,73.80%,53.60%,362,"{""Lead"": {""start"": ""2017-01-22"", ""end"": ""2017-01-29"", ""count"": 7}, ""Second"": {""start"": ""2018-03-24"", ""end"": ""2018-03-28"", ""count"": 5}}","{""ON (Armstrong)"": {""start"": ""2017-01-22"", ""end"": ""2017-01-29"", ""count"": 7}, ""BRO"": {""start"": ""2018-03-24"", ""end"": ""2018-03-28"", ""count"": 5}}",Right,,,,,,,58.30%,75.00%,90.00%,85.00%,70.00%,75.00%,,93.80%,75.00%,84.00%,77.80%,66.70%,70.30%,82.80%,75.00%,41.70%,67.90%,83.30%,0.00%,50.00%,,,80.00%,75.00%,,75.00%,50.00%,62.50%,,,50.00%,,,,60.00%,83.30%,,,0.00%,,0.00%,,,,1.18,0.57,83,93,33.7,38.7,32.3,19.3,14.4,4,2,50,12,0,0,,,,,,,,,,,,,,,,,,,,,,,,,,,,,,,,,,,71.20%,67.40%,78.90%,79.20%,,,,,,,,,,,,,,,Wick CW,0,Freeze CCW,93.8
Marco Berthelot,87.90%,91.00%,90.00%,90.30%,200,"{""Lead"": {""start"": ""2007-03-03"", ""end"": ""2007-03-08"", ""count"": 6}}","{""QC (Charette)"": {""start"": ""2007-03-03"", ""end"": ""2007-03-08"", ""count"": 6}}",Right,1973,"Murdochville, QC","Longueuil, QC","General Manager, Curling Quebec",,,,98.30%,70.00%,88.90%,82.70%,90.50%,75.00%,85.70%,,83.30%,75.00%,82.10%,,75.00%,,,,83.30%,,0.00%,,,,91.70%,50.00%,,,,,,,,,,,,,,,,,,,,0.98,0.24,54,46,31.5,34.8,17.4,27.8,3.7,7,1,14.3,4,0,0,,,,,,,,,,,,,,,91.00%,83.30%,,,,,,,,,,,,,,,,,,,,,,,,,,,,,,,,,,,,,Wick CCW,0,Draw CCW,90.5
Marco Hefti,71.30%,79.80%,76.00%,73.70%,290,"{""Second"": {""start"": ""2019-02-20"", ""end"": ""2022-04-15"", ""count"": 6}, ""Third"": {""start"": ""2022-10-04"", ""end"": ""2022-12-09"", ""count"": 13}}","{""Switzerland"": {""start"": ""2019-02-20"", ""end"": ""2019-02-23"", ""count"": 2}, ""Hoesli"": {""start"": ""2022-04-12"", ""end"": ""2022-12-09"", ""count"": 8}, ""Hösli"": {""start"": ""2022-10-04"", ""end"": ""2022-10-21"", ""count"": 9}}",Right,,,,,,,,95.00%,92.30%,91.70%,63.30%,72.20%,72.20%,76.80%,77.50%,83.00%,78.30%,81.60%,62.50%,85.40%,63.30%,83.30%,55.00%,60.40%,,,25.00%,,,,95.80%,,58.30%,53.10%,,,50.00%,50.00%,,,0.00%,75.00%,,87.50%,75.00%,87.50%,,,,,0.99,0.16,70,67,30,32.8,14.9,34.3,-4.3,14,2,14.3,5,2,40,,,,,,,,,,,,,,,,,,,,,,,,,,,,,,,,,,,,,,,66.70%,50.00%,,,,,77.40%,78.60%,,,,,,,Promotion CW,25,Guard CW,92.3
Marco Hoesli,77.10%,78.20%,77.70%,82.20%,373,"{""Fourth"": {""start"": ""2023-10-17"", ""end"": ""2025-04-09"", ""count"": 5}, ""Third"": {""start"": ""2024-10-01"", ""end"": ""2025-04-11"", ""count"": 20}}","{""Hoesli"": {""start"": ""2023-10-17"", ""end"": ""2025-04-11"", ""count"": 25}}",Right,2000,,"Glarus, SUI",,,,,,93.80%,97.70%,72.20%,79.30%,95.80%,62.50%,78.90%,81.20%,74.30%,77.80%,,87.50%,73.40%,62.50%,64.30%,72.10%,,,69.40%,64.70%,,,93.80%,,75.00%,82.10%,,,83.30%,46.40%,,95.00%,,,,,50.00%,25.00%,,,,,1.01,0.28,88,96,23.9,32.3,22.9,19.3,4.6,8,2,25,6,0,0,,,,,,,,,,,,,,,,,,,,,,,,,,,,,,,,,,,,,,,,,,,,,,,63.90%,68.30%,82.50%,73.90%,87.80%,78.80%,Freeze CCW,62.5,Guard CCW,97.7
Marek Cernovsky,77.80%,77.30%,77.60%,76.70%,1720,"{""Fourth"": {""start"": ""2013-02-28"", ""end"": ""2013-03-05"", ""count"": 6}, ""Third"": {""start"": ""2017-02-02"", ""end"": ""2025-04-04"", ""count"": 58}}","{""CZE"": {""start"": ""2013-02-28"", ""end"": ""2013-03-05"", ""count"": 6}, ""CZE (Klima)"": {""start"": ""2017-02-02"", ""end"": ""2025-04-04"", ""count"": 35}, ""Czech Republic"": {""start"": ""2021-11-20"", ""end"": ""2022-11-24"", ""count"": 23}}",Right,1995,,,,,,96.20%,97.70%,82.80%,83.30%,76.80%,78.50%,,33.30%,81.50%,80.00%,76.20%,76.60%,89.70%,89.80%,73.80%,75.20%,71.40%,64.40%,93.80%,62.50%,61.50%,59.90%,93.80%,95.00%,96.40%,75.00%,78.60%,70.40%,,,80.60%,75.00%,85.00%,82.10%,91.10%,95.50%,60.70%,62.50%,65.60%,66.70%,,,50.00%,33.30%,1.05,0.23,439,402,30.3,36.8,16.9,24.8,5.5,50,6,12,29,4,13.8,,,,,,,,,,,,,,,,,,,,,,,,,,,61.60%,72.00%,,,,,,,85.70%,75.00%,,,,,,,80.20%,77.30%,82.00%,75.60%,81.70%,73.70%,79.80%,76.60%,86.40%,83.20%,Freeze CCW,33.3,Wick CW,93.8
Margaretha Sigfridsson,87.80%,87.60%,87.70%,82.00%,208,"{""Lead"": {""start"": ""2016-03-19"", ""end"": ""2016-03-24"", ""count"": 6}}","{""SWE (Sigfrid)"": {""start"": ""2016-03-19"", ""end"": ""2016-03-24"", ""count"": 6}}",Right,1976,"Sveg, SWE","Sundsvall, SWE","IT consultant, Tieto Sweden AB",,,92.90%,97.00%,78.60%,89.30%,89.70%,80.40%,87.50%,75.00%,80.80%,96.20%,,87.50%,25.00%,,,,25.00%,75.00%,,25.00%,,,91.70%,,,,75.00%,,,,,,,,,,,,,,,25.00%,,,1.12,0.16,52,50,25,46,12,15.4,9.6,5,0,0,3,0,0,,,,,,,,,,,,,,,,,,,,,,,,,,,,,,,,,89.00%,81.80%,,,,,,,,,,,,,,,,,,,Raise CW,25,Take-out CCW,96.2
Margarita Fomina,81.10%,83.90%,82.60%,79.30%,1666,"{""Second"": {""start"": ""2010-02-18"", ""end"": ""2010-02-21"", ""count"": 4}, ""Third"": {""start"": ""2010-02-22"", ""end"": ""2019-05-11"", ""count"": 60}}","{""RUS"": {""start"": ""2010-02-18"", ""end"": ""2015-11-28"", ""count"": 33}, ""RUS (Sidorova)"": {""start"": ""2016-03-19"", ""end"": ""2016-03-27"", ""count"": 8}, ""Russia"": {""start"": ""2017-03-18"", ""end"": ""2019-05-11"", ""count"": 23}}",Right,,,,,,,95.80%,95.60%,85.40%,86.50%,75.40%,74.30%,76.80%,87.50%,87.90%,88.90%,75.00%,83.20%,92.00%,93.00%,75.00%,76.70%,68.80%,78.70%,66.70%,75.00%,69.00%,76.80%,,91.70%,90.00%,90.00%,54.40%,73.40%,,,72.70%,93.80%,81.20%,80.60%,90.90%,96.10%,75.00%,66.70%,25.00%,75.00%,50.00%,,,,1.23,0.45,375,433,39.5,34.6,27.9,14.4,25.1,25,5,20,56,3,5.4,,,,,,,,,,,,,,,,,,,,,72.50%,77.30%,,,,,,,79.30%,85.20%,79.90%,82.00%,79.10%,88.20%,79.90%,86.20%,,,78.20%,83.90%,,,,,,,,,,,,,Wick CW,66.7,Take-out CCW,88.9
Margot Flemming,77.80%,75.40%,76.70%,79.50%,995,"{""Second"": {""start"": ""2021-02-19"", ""end"": ""2022-10-18"", ""count"": 19}, ""Third"": {""start"": ""2023-02-18"", ""end"": ""2025-01-17"", ""count"": 22}}","{""Galusha"": {""start"": ""2021-10-26"", ""end"": ""2022-10-18"", ""count"": 6}, ""NT (Galusha)"": {""start"": ""2021-02-19"", ""end"": ""2024-02-22"", ""count"": 24}, ""Skrlik"": {""start"": ""2024-09-26"", ""end"": ""2025-01-17"", ""count"": 11}}",Right,1994,,,,,,81.60%,81.20%,87.10%,89.80%,75.20%,77.00%,70.70%,66.10%,80.20%,72.40%,76.40%,78.10%,83.60%,82.00%,60.60%,66.20%,61.80%,56.70%,,,70.00%,87.50%,84.40%,95.00%,91.70%,87.50%,77.50%,90.60%,90.00%,,75.00%,60.70%,87.50%,,88.60%,85.00%,50.00%,33.30%,75.00%,,,,,,1.17,0.31,242,236,34.7,40.7,22,24.4,10.3,24,5,20.8,23,3,13,,,,,,,,,,,,,,,,,,,,,,,,,,,,,,,,,,,,,,,,,,,79.60%,73.90%,80.80%,75.20%,85.70%,72.90%,74.20%,77.70%,62.50%,79.20%,Raise CCW,56.7,Guard CCW,89.8
Mari Motohashi,79.10%,77.00%,78.00%,74.70%,250,"{""Second"": {""start"": ""2010-02-16"", ""end"": ""2017-11-09"", ""count"": 9}, ""Third"": {""start"": ""2010-02-21"", ""end"": ""2010-02-23"", ""count"": 3}}","{""JPN"": {""start"": ""2010-02-16"", ""end"": ""2010-02-23"", ""count"": 7}, ""Japan"": {""start"": ""2017-11-03"", ""end"": ""2017-11-09"", ""count"": 4}}",Right,1986,"Hokkaido, JPN",,,,,,,86.40%,76.50%,72.00%,77.00%,,,83.30%,81.00%,84.40%,77.30%,89.60%,82.10%,66.70%,52.80%,70.80%,80.00%,75.00%,,,75.00%,,,,80.00%,65.00%,85.70%,,,,50.00%,,,66.70%,,75.00%,,75.00%,,,,,,1.15,0.22,60,63,28.3,28.6,14.3,16.7,11.6,10,4,40,3,1,33.3,,,,,,,,,,,,,,,,,,,,,76.30%,77.00%,,,,,,,,,,,,,80.00%,82.40%,,,,,,,,,,,,,,,,,Double CCW,52.8,Guard CW,86.4
Maria Baksheeva,75.20%,79.40%,77.50%,83.20%,260,"{""Third"": {""start"": ""2015-03-03"", ""end"": ""2016-03-10"", ""count"": 5}, ""Fourth"": {""start"": ""2017-02-16"", ""end"": ""2017-02-23"", ""count"": 7}}","{""RUS"": {""start"": ""2015-03-03"", ""end"": ""2015-03-06"", ""count"": 3}, ""Russia"": {""start"": ""2016-03-09"", ""end"": ""2017-02-23"", ""count"": 9}}",Right,,,,,,,56.20%,,95.00%,80.60%,73.30%,72.20%,,,73.30%,88.90%,71.20%,70.60%,92.90%,88.20%,70.80%,70.00%,25.00%,75.00%,,,50.00%,62.50%,,,,75.00%,68.80%,84.40%,,,,,,75.00%,,,37.50%,,,,,,,75.00%,0.91,0.35,66,63,24.2,34.9,28.6,12.1,12.1,3,0,0,6,0,0,,,,,,,,,,,,,,,,,,,,,,,,,,,,,,,78.10%,71.90%,80.90%,70.70%,74.20%,82.00%,,,,,,,,,,,,,,,,,Raise CW,25,Guard CW,95
Maria Komarova,73.50%,76.20%,74.90%,85.20%,396,"{""Second"": {""start"": ""2016-03-09"", ""end"": ""2017-02-23"", ""count"": 9}, ""Third"": {""start"": ""2019-11-16"", ""end"": ""2019-11-22"", ""count"": 7}}","{""Russia"": {""start"": ""2016-03-09"", ""end"": ""2019-11-22"", ""count"": 16}}",Right,,,,,,,50.00%,,89.30%,76.10%,73.60%,67.70%,,,73.40%,75.00%,66.70%,71.20%,75.00%,86.70%,79.70%,80.40%,75.00%,83.30%,,,64.30%,62.50%,,,87.50%,81.20%,91.70%,75.00%,,,37.50%,,,,72.20%,77.80%,,,,,,,,,1,0.41,97,98,30.9,33.7,28.6,13.4,17.5,6,1,16.7,11,0,0,,,,,,,,,,,,,,,,,,,,,,,,,,,,,,,,,81.70%,56.00%,68.20%,75.50%,,,77.40%,79.20%,,,,,,,,,,,,,Promotion CCW,62.5,Guard CW,89.3
Maria Larsson,81.70%,79.60%,80.70%,77.00%,1643,"{""Second"": {""start"": ""2016-03-06"", ""end"": ""2025-04-11"", ""count"": 60}, ""Lead"": {""start"": ""2019-02-18"", ""end"": ""2023-01-14"", ""count"": 33}, ""Third"": {""start"": ""2023-11-20"", ""end"": ""2023-11-20"", ""count"": 1}}","{""Sweden"": {""start"": ""2016-03-06"", ""end"": ""2019-02-18"", ""count"": 2}, ""Wranå"": {""start"": ""2021-10-19"", ""end"": ""2022-10-08"", ""count"": 10}, ""Wrana"": {""start"": ""2021-11-02"", ""end"": ""2025-04-11"", ""count"": 74}, ""SWE (Wranaa)"": {""start"": ""2023-11-18"", ""end"": ""2023-11-24"", ""count"": 7}}",Right,,,,,,,90.50%,90.70%,86.30%,89.70%,81.10%,77.70%,74.60%,69.40%,81.50%,71.10%,72.90%,75.40%,83.60%,94.30%,77.20%,75.70%,75.00%,73.80%,0.00%,25.00%,75.00%,73.20%,81.20%,78.60%,87.50%,,84.80%,78.00%,82.10%,56.20%,90.90%,87.50%,81.20%,58.30%,87.50%,91.30%,91.70%,,85.00%,70.80%,0.00%,,50.00%,75.00%,1.12,0.37,402,390,34.1,32.1,26.9,22.9,11.2,42,10,23.8,43,0,0,,,,,,,,,,,,,,,,,,,,,,,,,,,,,,,,,75.00%,37.50%,,,,,84.60%,58.30%,,,84.80%,68.30%,86.50%,79.50%,78.80%,78.90%,78.20%,79.10%,82.10%,83.00%,Wick CW,0,Guard CCW,89.7
Maria Prytz,77.00%,77.10%,77.00%,77.80%,622,"{""Fourth"": {""start"": ""2014-02-10"", ""end"": ""2016-03-24"", ""count"": 21}}","{""SWE"": {""start"": ""2014-02-10"", ""end"": ""2015-03-19"", ""count"": 15}, ""SWE (Sigfrid)"": {""start"": ""2016-03-19"", ""end"": ""2016-03-24"", ""count"": 6}}",Right,,,,,,,,,87.50%,79.40%,73.50%,80.60%,69.40%,43.80%,82.80%,80.30%,79.30%,83.30%,87.50%,87.50%,66.40%,63.50%,71.70%,52.20%,,,79.20%,63.90%,,,,87.50%,71.40%,85.70%,,37.50%,,66.70%,,75.00%,,,75.00%,33.30%,87.50%,50.00%,,,75.00%,,1.22,0.21,143,164,32.2,36,17.7,16.1,16.1,13,2,15.4,12,0,0,,,,,,,,,,,,,,,,,,,,,,,,,,,,,76.80%,80.00%,77.40%,72.40%,76.70%,78.30%,,,,,,,,,,,,,,,,,,,Freeze CCW,43.8,Guard CW,87.5
Mariah Coulombe,72.40%,70.80%,71.60%,77.40%,258,"{""Second"": {""start"": ""2018-03-24"", ""end"": ""2018-03-28"", ""count"": 5}, ""Third"": {""start"": ""2018-03-24"", ""end"": ""2018-03-28"", ""count"": 5}}","{""CAM"": {""start"": ""2018-03-24"", ""end"": ""2018-03-28"", ""count"": 5}}",Right,,,,,,,85.70%,75.00%,75.00%,86.10%,65.30%,68.30%,,87.50%,75.60%,67.50%,70.00%,77.80%,80.90%,67.10%,25.00%,75.00%,81.20%,83.30%,,,,,75.00%,75.00%,75.00%,,25.00%,75.00%,,,,,,,93.80%,55.00%,,,,,,,,,1.32,0.27,41,41,41.5,31.7,19.5,22,19.5,2,1,50,5,0,0,,,,,,,,,,,,,,,,,,,,,,,,,,,,,,,,,,,,,71.70%,71.60%,,,,,,,,,,,,,,,Double CW,25,Freeze CCW,87.5
Marie Christianson,75.30%,78.60%,77.00%,79.20%,1552,"{""Third"": {""start"": ""2015-11-08"", ""end"": ""2023-02-23"", ""count"": 46}, ""Lead"": {""start"": ""2016-02-20"", ""end"": ""2016-02-26"", ""count"": 7}, ""Second"": {""start"": ""2024-02-17"", ""end"": ""2024-02-22"", ""count"": 6}}","{""NL (Ford)"": {""start"": ""2015-11-08"", ""end"": ""2015-11-13"", ""count"": 6}, ""PE (Birt)"": {""start"": ""2016-02-20"", ""end"": ""2023-02-23"", ""count"": 41}, ""Birt"": {""start"": ""2021-10-25"", ""end"": ""2021-10-30"", ""count"": 6}, ""NS (Smith)"": {""start"": ""2024-02-17"", ""end"": ""2024-02-22"", ""count"": 6}}",Right,1988,,,,,,92.50%,97.40%,81.60%,87.10%,63.30%,74.40%,65.20%,79.50%,82.10%,77.80%,72.40%,72.10%,84.90%,91.30%,68.10%,67.60%,65.00%,67.00%,,18.80%,,,90.00%,97.20%,75.00%,88.90%,67.00%,73.80%,43.80%,87.50%,80.00%,95.00%,,,86.20%,,75.00%,83.30%,87.50%,75.00%,,0.00%,,,1.07,0.38,377,378,28.9,32.5,22.8,23.6,5.3,36,8,22.2,35,6,17.1,,,,,,,,,,,,,,,,,,,,,,,,,,,,,,,63.20%,73.80%,83.70%,63.70%,,,,,73.20%,83.90%,79.00%,76.40%,79.00%,79.50%,77.20%,78.80%,69.60%,75.90%,69.80%,73.10%,,,Wick CCW,18.8,Guard CCW,87.1
Marie Richard,82.90%,77.30%,80.00%,84.50%,214,"{""Second"": {""start"": ""2016-02-20"", ""end"": ""2016-02-26"", ""count"": 7}}","{""NB (Robichaud)"": {""start"": ""2016-02-20"", ""end"": ""2016-02-26"", ""count"": 7}}",Right,,,,,,,90.00%,83.30%,88.50%,84.40%,75.00%,63.30%,87.50%,55.00%,78.80%,89.70%,83.30%,79.20%,98.10%,77.10%,75.00%,50.00%,66.70%,25.00%,,,,,83.30%,,87.50%,,,58.30%,,75.00%,,,,,,75.00%,,,,50.00%,,,,,0.91,0.18,54,51,22.2,39.2,13.7,13,9.2,5,2,40,2,1,50,,,,,,,,,,,,,,,,,,,,,,,,,,,,,,,,,77.50%,81.50%,,,,,,,,,,,,,,,,,,,Raise CCW,25,Take-out CCW,89.7
Marie-france Larouche,73.50%,73.60%,73.60%,67.50%,679,"{""Fourth"": {""start"": ""2011-02-19"", ""end"": ""2016-02-26"", ""count"": 20}, ""Third"": {""start"": ""2024-02-19"", ""end"": ""2024-02-21"", ""count"": 2}}","{""QC(Larouche)"": {""start"": ""2011-02-19"", ""end"": ""2011-02-24"", ""count"": 6}, ""QC (Larouche)"": {""start"": ""2012-02-18"", ""end"": ""2016-02-26"", ""count"": 14}, ""QC (St. Georges)"": {""start"": ""2024-02-19"", ""end"": ""2024-02-21"", ""count"": 2}}",Right,1980,"Levis, QC","Levis, QC",,,,,,88.00%,83.00%,79.50%,63.50%,75.00%,53.60%,75.50%,82.00%,58.30%,69.60%,96.20%,87.50%,50.00%,63.80%,52.10%,63.80%,,,,,,,,91.70%,86.50%,41.70%,75.00%,,56.20%,90.00%,75.00%,62.50%,,62.50%,50.00%,25.00%,62.50%,66.70%,,,,,0.99,0.28,174,164,27.6,37.8,21.3,22.4,5.2,11,2,18.2,12,1,8.3,,,,,,,,,,,,,,,,,,,,,,,75.80%,72.90%,75.60%,72.10%,,,,,,,73.90%,72.50%,,,,,,,,,,,,,,,58.30%,81.20%,,,Double CW,50,Guard CW,88
Marika Van Osch,79.10%,77.70%,78.40%,76.00%,745,"{""Lead"": {""start"": ""2016-11-13"", ""end"": ""2016-11-18"", ""count"": 6}, ""Third"": {""start"": ""2016-01-23"", ""end"": ""2018-02-02"", ""count"": 23}, ""Second"": {""start"": ""2018-02-02"", ""end"": ""2018-02-02"", ""count"": 1}}","{""BC (Craig)"": {""start"": ""2016-11-13"", ""end"": ""2016-11-18"", ""count"": 6}, ""BC"": {""start"": ""2016-01-23"", ""end"": ""2018-02-02"", ""count"": 16}, ""BC (Brown)"": {""start"": ""2017-01-21"", ""end"": ""2017-01-27"", ""count"": 7}}",Right,1996,"Nanaimo, BC","Nanaimo, BC",Student,Heritage Christian Online School,,91.90%,92.90%,78.60%,76.90%,72.20%,70.90%,67.50%,62.50%,82.30%,82.80%,71.10%,75.00%,93.30%,89.30%,73.40%,77.10%,87.50%,37.50%,,,,,95.80%,,62.50%,50.00%,79.50%,73.50%,,,83.30%,75.00%,62.50%,50.00%,90.60%,92.50%,,,25.00%,,,,,,1.17,0.34,169,190,36.7,36.3,18.9,21.9,14.8,16,1,6.2,18,0,0,,,,,,,,,,,,,,,,,,,,,,,,,,,,,,,,,75.60%,89.70%,70.30%,78.20%,79.30%,68.20%,,,,,,,,,,,,,,,Raise CCW,37.5,Raise CW,87.5
Marina Loertscher,80.60%,81.60%,81.20%,82.20%,514,"{""Second"": {""start"": ""2020-02-15"", ""end"": ""2022-10-08"", ""count"": 10}, ""Lead"": {""start"": ""2022-10-04"", ""end"": ""2023-10-20"", ""count"": 23}}","{""Switzerland"": {""start"": ""2020-02-15"", ""end"": ""2020-02-20"", ""count"": 5}, ""Keiser"": {""start"": ""2022-10-04"", ""end"": ""2023-01-14"", ""count"": 19}, ""Huerlimann"": {""start"": ""2023-10-17"", ""end"": ""2023-10-20"", ""count"": 4}}",Right,,,,,,,94.70%,94.10%,92.30%,81.20%,77.00%,80.00%,75.00%,84.40%,88.00%,77.70%,66.70%,75.00%,55.00%,83.30%,56.20%,43.80%,68.80%,63.60%,62.50%,75.00%,50.00%,,,95.30%,,,65.90%,88.20%,37.50%,75.00%,,,,,75.00%,,,,,50.00%,,,,,0.97,0.36,117,111,28.2,31.5,23.4,27.4,0.8,12,1,8.3,11,2,18.2,,,,,,,,,,,,,,,,,,,,,,,,,,,,,,,,,,,,,,,,,70.50%,68.40%,,,86.20%,74.20%,89.10%,81.80%,,,,,Double CCW,43.8,Guard CW,92.3
Marisa Winkelhausen,79.30%,76.50%,78.00%,77.50%,539,"{""Fourth"": {""start"": ""2009-03-13"", ""end"": ""2009-03-15"", ""count"": 3}, ""Second"": {""start"": ""2015-03-14"", ""end"": ""2019-03-22"", ""count"": 16}}","{""SUI"": {""start"": ""2009-03-13"", ""end"": ""2015-03-22"", ""count"": 11}, ""Switzerland"": {""start"": ""2017-03-18"", ""end"": ""2019-03-22"", ""count"": 8}}",Right,1988,,,,,,,92.90%,86.10%,81.20%,69.40%,73.30%,62.50%,50.00%,75.40%,80.10%,75.60%,69.40%,86.70%,90.90%,78.80%,55.00%,83.30%,30.00%,,50.00%,43.80%,27.80%,,,,,50.00%,81.20%,,,62.50%,,50.00%,33.30%,85.50%,95.50%,,50.00%,,,,,,,1.14,0.33,132,127,33.3,40.2,19.7,16.7,16.6,10,3,30,17,2,11.8,,,,,,,,,,,,,,,,,,,66.70%,68.50%,,,,,,,,,,,68.90%,80.80%,,,82.00%,75.70%,,87.50%,100.00%,89.60%,,,,,,,,,,,,,Promotion CCW,27.8,Guard CW,86.1
Mark Butler,91.40%,84.30%,86.20%,92.50%,214,"{""Lead"": {""start"": ""2001-03-03"", ""end"": ""2002-03-13"", ""count"": 7}}","{""PEI (MacDonald)"": {""start"": ""2001-03-03"", ""end"": ""2001-03-08"", ""count"": 6}, ""PEI (Likely)"": {""start"": ""2002-03-13"", ""end"": ""2002-03-13"", ""count"": 1}}",Right,1964,"Charlottetown, PEI","Stratford, PEI","Service Worker, Beach Grove Home",,,98.10%,91.70%,,80.90%,83.30%,86.10%,,,,82.90%,50.00%,78.10%,50.00%,58.30%,,50.00%,90.00%,84.10%,,,,,,,,,,,,,,,,,,50.00%,,,75.00%,,,,,,0.98,0.12,55,50,23.6,48,10,10.9,12.7,5,0,0,3,0,0,,,88.80%,79.20%,100.00%,,,,,,,,,,,,,,,,,,,,,,,,,,,,,,,,,,,,,,,,,,,,,,,,Hit-roll CW,50,Raise CW,90
Mark Dacey,76.80%,75.20%,75.90%,72.00%,1100,"{""Fourth"": {""start"": ""2001-03-03"", ""end"": ""2009-03-12"", ""count"": 36}}","{""NS (Dacey)"": {""start"": ""2001-03-03"", ""end"": ""2004-03-13"", ""count"": 14}, ""N.S.(Dacey)"": {""start"": ""2003-03-01"", ""end"": ""2003-03-09"", ""count"": 9}, ""N.S (Dacey)"": {""start"": ""2006-03-11"", ""end"": ""2006-03-18"", ""count"": 7}, ""N.S.  (Dacey)"": {""start"": ""2009-03-07"", ""end"": ""2009-03-12"", ""count"": 6}}",Right,1966,"Saskatoon, SK","Halifax, NS",,,,,37.50%,93.20%,88.10%,77.10%,74.50%,65.40%,66.70%,78.90%,77.50%,74.60%,75.00%,94.40%,99.00%,64.10%,70.70%,75.00%,60.00%,,,,,,,,50.00%,79.20%,71.40%,50.00%,33.30%,83.80%,75.80%,62.50%,80.00%,,,91.70%,53.60%,60.00%,60.70%,,,,,1.11,0.25,279,267,32.6,40.1,16.5,21.9,10.7,28,3,10.7,24,0,0,,,74.10%,77.60%,,,72.50%,73.70%,78.00%,79.60%,,,78.20%,75.50%,,,,,73.50%,74.20%,,,,,,,,,,,,,,,,,,,,,,,,,,,,,,,,,Raise CCW,60,Guard CW,93.2
Mark Fenner,82.70%,82.40%,82.50%,83.90%,1902,"{""Second"": {""start"": ""2013-02-28"", ""end"": ""2025-04-09"", ""count"": 81}, ""Lead"": {""start"": ""2024-01-16"", ""end"": ""2025-04-11"", ""count"": 14}}","{""USA"": {""start"": ""2013-02-28"", ""end"": ""2013-03-07"", ""count"": 7}, ""USA (Dropkin)"": {""start"": ""2016-03-11"", ""end"": ""2025-04-04"", ""count"": 17}, ""United States"": {""start"": ""2019-01-30"", ""end"": ""2022-04-10"", ""count"": 13}, ""Dropkin"": {""start"": ""2022-05-03"", ""end"": ""2025-04-11"", ""count"": 57}}",Right,1995,"Bemidji, MN","Bemidji, MN","Server, Crooked Pint Ale House",,Bemidji State University,93.80%,92.10%,89.60%,86.80%,79.20%,79.30%,77.50%,79.40%,83.30%,83.30%,75.90%,77.30%,91.20%,90.90%,71.20%,78.30%,77.20%,71.20%,75.00%,,82.10%,84.40%,96.00%,87.50%,97.50%,95.80%,77.70%,78.20%,81.20%,80.60%,,,55.00%,70.80%,87.50%,87.50%,85.00%,83.30%,86.40%,77.50%,50.00%,,,,1.04,0.24,457,460,30.2,31.5,17.6,21.2,9,53,4,7.5,41,4,9.8,,,,,,,,,,,,,,,,,,,,,,,,,,,74.20%,75.30%,,,,,92.60%,83.60%,,,,,75.00%,83.70%,,,,,80.20%,82.00%,80.30%,82.80%,87.50%,81.50%,89.60%,85.70%,Double CW,71.2,Guard CW,89.6
Mark Kehoe,70.60%,74.80%,72.90%,53.50%,212,"{""Fourth"": {""start"": ""2007-03-03"", ""end"": ""2007-03-08"", ""count"": 6}}","{""NS (Kehoe)"": {""start"": ""2007-03-03"", ""end"": ""2007-03-08"", ""count"": 6}}",Right,1969,"Windsor, NS","Falmouth, NS",,,,,,83.30%,84.40%,79.50%,81.70%,39.30%,93.80%,76.00%,86.50%,67.90%,53.10%,,95.00%,47.20%,48.30%,69.40%,50.00%,,,,,,,,,75.00%,80.00%,25.00%,,,,50.00%,50.00%,,,0.00%,25.00%,37.50%,0.00%,,,,,1.02,0.21,56,48,32.1,33.3,14.6,14.3,17.8,5,1,20,2,0,0,,,,,,,,,,,,,,,78.80%,69.30%,,,,,,,,,,,,,,,,,,,,,,,,,,,,,,,,,,,,,Freeze CW,39.3,Freeze CCW,93.8
Mark Lang,81.00%,81.10%,81.00%,82.00%,228,"{""Third"": {""start"": ""2002-03-09"", ""end"": ""2002-03-15"", ""count"": 7}}","{""SK (Bitz)"": {""start"": ""2002-03-09"", ""end"": ""2002-03-15"", ""count"": 7}}",Right,,,,,,,75.00%,75.00%,78.60%,92.30%,75.00%,83.80%,89.60%,72.50%,79.40%,86.60%,75.00%,65.00%,93.80%,95.30%,87.50%,66.70%,92.50%,65.00%,,,,,50.00%,75.00%,,81.20%,,87.50%,,,,,,50.00%,,90.60%,,75.00%,,75.00%,,,,,1.04,0.26,57,54,24.6,42.6,24.1,19.3,5.3,3,1,33.3,4,0,0,,,,,81.80%,80.60%,,,,,,,,,,,,,,,,,,,,,,,,,,,,,,,,,,,,,,,,,,,,,,,Hit-roll CCW,65,Raise CW,92.5
Mark Lukowich,76.10%,75.70%,75.90%,79.40%,212,"{""Fourth"": {""start"": ""2002-03-09"", ""end"": ""2002-03-14"", ""count"": 6}}","{""MB (Lukowich)"": {""start"": ""2002-03-09"", ""end"": ""2002-03-14"", ""count"": 6}}",Right,,,,,,,,,86.10%,83.30%,77.00%,79.00%,72.70%,78.10%,83.00%,82.10%,73.60%,78.80%,91.70%,95.80%,62.50%,50.00%,40.00%,60.00%,,,,,,,,,87.50%,,41.70%,,,87.50%,,0.00%,75.00%,,,75.00%,25.00%,,,,,,1.13,0.25,54,52,35.2,38.5,19.2,22.2,13,5,2,40,2,0,0,,,,,78.40%,73.90%,,,,,,,,,,,,,,,,,,,,,,,,,,,,,,,,,,,,,,,,,,,,,,,Raise CW,40,Guard CW,86.1
Mark Nichols,84.90%,86.80%,85.90%,83.10%,8787,"{""Third"": {""start"": ""2003-03-01"", ""end"": ""2025-04-11"", ""count"": 351}, ""Lead"": {""start"": ""2013-03-02"", ""end"": ""2013-03-10"", ""count"": 8}, ""Fourth"": {""start"": ""2016-11-30"", ""end"": ""2022-11-01"", ""count"": 6}, ""Second"": {""start"": ""2023-01-10"", ""end"": ""2025-04-08"", ""count"": 2}}","{""NL (Gushue)"": {""start"": ""2003-03-01"", ""end"": ""2020-03-08"", ""count"": 74}, ""CAN (Gushue)"": {""start"": ""2006-02-22"", ""end"": ""2025-03-09"", ""count"": 70}, ""MB ( Stoughton)"": {""start"": ""2013-03-02"", ""end"": ""2013-03-10"", ""count"": 8}, ""Gushue"": {""start"": ""2015-12-02"", ""end"": ""2025-04-11"", ""count"": 152}, ""CA (Gushue)"": {""start"": ""2017-04-01"", ""end"": ""2024-03-10"", ""count"": 53}, ""Sweeting"": {""start"": ""2017-08-26"", ""end"": ""2017-08-26"", ""count"": 1}, ""WC1 (Gushue)"": {""start"": ""2022-03-05"", ""end"": ""2022-03-10"", ""count"": 6}}",Right,1980,"Labrador City, NL","St. John's, NL","Director of Fitness, The Energy Company",Menihek High School,Kinesiology Degree - Memorial University of Newfoundland,96.60%,98.10%,92.70%,91.80%,84.10%,85.50%,77.90%,83.60%,85.90%,88.90%,83.00%,82.40%,95.70%,96.40%,77.00%,79.50%,78.80%,80.30%,66.70%,75.00%,67.50%,72.50%,,96.30%,96.80%,94.10%,86.70%,85.40%,79.30%,88.90%,81.50%,93.40%,87.10%,89.30%,96.80%,96.80%,62.50%,80.60%,75.00%,90.80%,80.00%,0.00%,91.70%,75.00%,1.32,0.31,2021,2245,41.8,38.9,21.6,11,30.8,93,23,24.7,291,11,3.8,,,,,,,77.90%,80.80%,82.10%,87.30%,,,91.70%,97.00%,84.60%,78.70%,85.60%,77.00%,77.60%,81.90%,80.60%,85.00%,79.60%,82.60%,,,95.60%,75.00%,,,90.40%,86.60%,89.90%,88.60%,89.10%,86.30%,88.60%,87.60%,87.00%,88.00%,90.70%,88.50%,87.10%,85.90%,85.00%,83.50%,85.30%,85.90%,87.80%,87.40%,90.80%,85.50%,Wick CW,66.7,Guard CW,92.7
Mark Watt,81.40%,82.60%,82.00%,71.70%,752,"{""Third"": {""start"": ""2020-02-15"", ""end"": ""2024-11-29"", ""count"": 43}}","{""SCO (Craik)"": {""start"": ""2020-02-15"", ""end"": ""2020-02-22"", ""count"": 8}, ""Craik"": {""start"": ""2023-10-17"", ""end"": ""2024-11-29"", ""count"": 35}}",Right,,,,,,,93.80%,50.00%,90.20%,93.10%,73.00%,73.40%,79.20%,81.20%,85.50%,83.20%,80.30%,79.80%,81.50%,92.90%,81.70%,81.80%,86.20%,80.80%,,,59.60%,72.90%,90.00%,,92.50%,,59.40%,25.00%,,87.50%,68.80%,68.80%,87.50%,,80.00%,,80.00%,87.50%,91.70%,,,,0.00%,0.00%,1.05,0.27,175,190,32.6,30,18.9,20,12.6,21,1,4.8,14,0,0,,,,,,,,,,,,,,,,,,,,,,,,,,,,,,,,,,,,,,,,,73.50%,84.50%,,,,,89.20%,84.40%,80.50%,80.30%,,,Promotion CW,59.6,Guard CCW,93.1
Markus Eggler,81.00%,84.90%,83.60%,94.70%,260,"{""Second"": {""start"": ""2002-02-20"", ""end"": ""2010-02-27"", ""count"": 12}}","{""SUI"": {""start"": ""2002-02-20"", ""end"": ""2010-02-27"", ""count"": 12}}",Right,1969,"Thune, SUI","Münchenstein, SUI","Advertiser and Marketing Agent, CEO of Gantenbein AG, printing plant company","SAWI, Advertising and Marketin",,85.70%,75.00%,78.60%,94.40%,69.40%,76.70%,,,80.00%,80.90%,83.90%,76.20%,90.90%,91.30%,94.40%,84.20%,50.00%,87.50%,,75.00%,50.00%,,,66.70%,,,75.00%,,,,,,,,,,,,,,,,,,0.92,0.23,66,61,27.3,36.1,21.3,18.2,9.1,3,0,0,8,2,25,,,,,96.40%,81.80%,,,,,,,,,,,,,,,76.10%,86.80%,,,,,,,,,,,,,,,,,,,,,,,,,,,,,,,Raise CW,50,Guard CCW,94.4
Markus Hoeiberg,80.40%,82.70%,81.60%,85.30%,1604,"{""Lead"": {""start"": ""2014-04-03"", ""end"": ""2014-04-03"", ""count"": 1}, ""Third"": {""start"": ""2017-01-31"", ""end"": ""2019-02-02"", ""count"": 28}, ""Second"": {""start"": ""2019-11-16"", ""end"": ""2022-02-17"", ""count"": 31}}","{""NOR"": {""start"": ""2014-04-03"", ""end"": ""2014-04-03"", ""count"": 1}, ""Norway"": {""start"": ""2017-04-01"", ""end"": ""2021-12-12"", ""count"": 40}, ""NOR (Walstad)"": {""start"": ""2017-01-31"", ""end"": ""2022-02-17"", ""count"": 19}}",Right,1991,,,,,,98.50%,92.50%,89.60%,90.70%,77.50%,80.10%,87.50%,75.00%,81.30%,85.30%,78.10%,80.60%,87.70%,88.40%,76.20%,76.60%,74.40%,68.10%,50.00%,78.60%,52.90%,70.60%,,,93.40%,96.90%,75.00%,82.90%,,,,,,93.80%,89.10%,82.40%,50.00%,89.30%,83.30%,,,,,0.00%,1.1,0.3,382,412,31.7,35,21.8,16.5,15.2,29,5,17.2,36,5,13.9,,,,,,,,,,,,,,,,,,,,,,,,,,,,,96.20%,75.00%,,,,,84.80%,79.60%,84.00%,81.80%,82.00%,81.80%,,,79.80%,82.10%,88.40%,73.20%,,,,,,,Wick CW,50,Guard CCW,90.7
Marla Mallett,64.90%,72.40%,69.30%,50.00%,199,"{""Fourth"": {""start"": ""2017-02-18"", ""end"": ""2017-02-23"", ""count"": 6}}","{""BC (Mallett)"": {""start"": ""2017-02-18"", ""end"": ""2017-02-23"", ""count"": 6}}",Right,,,,,,,,75.00%,70.00%,83.30%,54.50%,68.00%,78.60%,79.20%,71.00%,80.90%,58.30%,66.70%,,87.50%,35.00%,45.00%,75.00%,16.70%,,,,,,75.00%,50.00%,,33.30%,,,75.00%,0.00%,66.70%,,,,,0.00%,0.00%,50.00%,,,,,,0.8,0.21,51,48,23.5,33.3,12.5,37.3,-13.8,9,1,11.1,1,1,100,,,,,,,,,,,,,,,,,,,,,,,,,,,,,,,,,,,68.30%,70.30%,,,,,,,,,,,,,,,,,Raise CCW,16.7,Guard CCW,83.3
Marlee Powers,71.40%,69.80%,70.50%,70.00%,208,"{""Third"": {""start"": ""2017-11-06"", ""end"": ""2017-11-11"", ""count"": 5}, ""Second"": {""start"": ""2024-11-26"", ""end"": ""2024-11-30"", ""count"": 4}}","{""Breen"": {""start"": ""2017-11-06"", ""end"": ""2017-11-11"", ""count"": 5}, ""Black"": {""start"": ""2024-11-26"", ""end"": ""2024-11-30"", ""count"": 4}}",Right,,,,,,,87.50%,89.30%,73.30%,68.80%,67.10%,61.80%,62.50%,67.50%,70.40%,71.20%,71.40%,53.80%,87.50%,81.90%,56.20%,70.00%,0.00%,75.00%,,,50.00%,62.50%,87.50%,62.50%,75.00%,62.50%,,62.50%,50.00%,,75.00%,,50.00%,,,75.00%,,,,,,,,,1.16,0.2,49,51,28.6,43.1,13.7,24.5,4.1,8,2,25,4,0,0,,,,,,,,,,,,,,,,,,,,,,,,,,,,,,,,,,,65.20%,70.10%,,,,,,,,,,,,,77.90%,72.60%,,,Raise CW,0,Raise CCW,75
Marlene Albrecht,82.90%,83.60%,83.40%,79.70%,384,"{""Lead"": {""start"": ""2017-11-18"", ""end"": ""2018-02-21"", ""count"": 14}}","{""Switzerland"": {""start"": ""2017-11-18"", ""end"": ""2018-02-21"", ""count"": 14}}",Left,1988,"Zurich, SUI","Zurich,",Accountant,,,87.50%,92.00%,50.00%,84.60%,82.10%,80.40%,,,82.40%,79.50%,75.00%,62.50%,,,50.00%,50.00%,90.00%,78.60%,75.00%,85.40%,,,,97.50%,,,85.00%,87.50%,,,0.00%,,,,,,,,,62.50%,,85.00%,,,1.13,0.29,102,87,34.3,41.4,18.4,17.6,16.7,3,0,0,11,3,27.3,,,,,,,,,,,,,,,,,,,,,,,,,,,,,,,,,,,86.40%,86.10%,81.90%,72.60%,,,,,,,,,,,,,,,Guard CW,50,Raise CW,90
Martin Ferland,68.10%,73.40%,71.10%,69.10%,342,"{""Fourth"": {""start"": ""2007-03-03"", ""end"": ""2016-11-18"", ""count"": 12}}","{""QC (Charette)"": {""start"": ""2007-03-03"", ""end"": ""2007-03-08"", ""count"": 6}, ""QC (Ferland)"": {""start"": ""2016-11-13"", ""end"": ""2016-11-18"", ""count"": 6}}",Right,1971,"Drummondville, QC","Trois-Rivieres, QC","General Manager / Performance Brushes, Curling Andre Ferland Inc.",,,50.00%,,79.20%,,67.00%,78.30%,71.40%,70.30%,79.10%,76.80%,63.30%,52.80%,87.50%,,28.10%,51.80%,54.20%,66.10%,,,,,,,,,55.60%,75.00%,,,90.00%,71.40%,,75.00%,,,25.00%,50.00%,25.00%,62.50%,,,,,1.08,0.24,90,78,31.1,37.2,16.7,27.8,3.3,13,1,7.7,8,0,0,,,,,,,,,,,,,,,76.60%,68.70%,,,,,,,,,,,,,,,,,68.80%,71.00%,,,,,,,,,,,,,,,,,,,Double CW,28.1,Guard CW,79.2
Martin Reichel,78.70%,73.10%,76.10%,72.90%,608,"{""Second"": {""start"": ""2016-11-19"", ""end"": ""2025-04-04"", ""count"": 22}, ""Third"": {""start"": ""2024-11-18"", ""end"": ""2024-11-18"", ""count"": 1}, ""Lead"": {""start"": ""2025-03-29"", ""end"": ""2025-04-04"", ""count"": 4}}","{""Austria"": {""start"": ""2016-11-19"", ""end"": ""2017-11-23"", ""count"": 12}, ""AUT (Genner)"": {""start"": ""2024-11-16"", ""end"": ""2025-04-04"", ""count"": 12}}",Right,,,,,,,95.40%,79.10%,77.30%,77.30%,78.50%,76.50%,,43.80%,77.60%,64.50%,74.00%,62.50%,82.10%,90.70%,74.00%,76.70%,64.70%,60.40%,0.00%,68.80%,72.50%,68.80%,92.30%,80.60%,91.70%,,67.50%,60.00%,,,,25.00%,66.70%,,,,75.00%,83.30%,75.00%,,0.00%,50.00%,,,0.96,0.14,156,143,21.2,30.8,9.8,23.7,-2.5,27,3,11.1,4,0,0,,,,,,,,,,,,,,,,,,,,,,,,,,,,,,,,,73.90%,71.70%,83.00%,81.50%,,,,,,,,,,,,,71.40%,66.20%,87.50%,72.90%,Wick CW,0,Draw CW,78.5
Martin Sesaker,83.60%,82.40%,83.10%,81.10%,2123,"{""Second"": {""start"": ""2013-02-28"", ""end"": ""2013-03-07"", ""count"": 6}, ""Third"": {""start"": ""2015-02-28"", ""end"": ""2025-04-05"", ""count"": 87}}","{""NOR"": {""start"": ""2013-02-28"", ""end"": ""2015-03-05"", ""count"": 10}, ""Ramsfjell"": {""start"": ""2022-12-06"", ""end"": ""2025-01-17"", ""count"": 40}, ""Norway"": {""start"": ""2022-04-02"", ""end"": ""2022-04-08"", ""count"": 7}, ""NOR (Ramsfjell)"": {""start"": ""2023-04-01"", ""end"": ""2025-04-05"", ""count"": 36}}",Right,,,,,,,95.50%,83.30%,90.80%,93.60%,81.10%,80.20%,76.10%,72.70%,85.60%,84.80%,82.50%,81.70%,95.10%,91.70%,79.60%,73.30%,72.20%,83.30%,,91.70%,65.80%,66.30%,,,87.90%,96.20%,86.10%,78.30%,50.00%,66.70%,75.00%,92.30%,87.50%,75.00%,96.70%,95.30%,70.00%,58.30%,71.90%,79.20%,,,75.00%,62.50%,1.09,0.28,506,526,33.4,35.6,19.6,18.8,14.6,46,8,17.4,46,1,2.2,,,,,,,,,,,,,,,,,,,,,,,,,,,64.80%,80.90%,,,83.30%,84.10%,,,,,,,,,,,,,82.40%,81.20%,86.90%,81.90%,83.50%,83.10%,84.30%,85.10%,Promotion CW,65.8,Guard CCW,93.6
Martin Snitil,82.90%,78.20%,80.30%,81.90%,544,"{""Second"": {""start"": ""2014-11-22"", ""end"": ""2017-12-10"", ""count"": 12}, ""Third"": {""start"": ""2014-03-29"", ""end"": ""2014-04-03"", ""count"": 6}}","{""CZE"": {""start"": ""2014-03-29"", ""end"": ""2014-11-27"", ""count"": 12}, ""Czech Republic"": {""start"": ""2017-12-05"", ""end"": ""2017-12-10"", ""count"": 6}}",Right,1979,"Prague, CZE",,,,,,91.20%,91.70%,86.10%,79.80%,76.20%,93.80%,67.90%,84.00%,81.50%,77.30%,75.00%,93.00%,88.20%,70.00%,64.30%,75.00%,66.70%,62.50%,,72.20%,61.70%,,96.40%,75.00%,75.00%,95.00%,60.00%,,,66.70%,50.00%,75.00%,,,93.80%,,66.70%,,,75.00%,,,,0.99,0.19,139,126,29.5,34.9,15.1,18.7,10.8,9,2,22.2,7,0,0,,,,,,,,,,,,,,,,,,,,,,,,,,,,,82.30%,79.50%,,,,,82.20%,79.20%,,,,,,,,,,,,,,,,,Promotion CCW,61.7,Freeze CW,93.8
Mary Fay,72.40%,75.50%,73.90%,73.50%,563,"{""Fourth"": {""start"": ""2016-01-23"", ""end"": ""2020-03-15"", ""count"": 20}}","{""NS"": {""start"": ""2016-01-23"", ""end"": ""2016-01-31"", ""count"": 8}, ""Canada"": {""start"": ""2016-03-06"", ""end"": ""2016-03-13"", ""count"": 3}, ""QUE"": {""start"": ""2018-03-24"", ""end"": ""2018-03-27"", ""count"": 4}, ""Queens (w)"": {""start"": ""2020-03-11"", ""end"": ""2020-03-15"", ""count"": 5}}",Right,1998,,"Chester, NS",,,,,,83.30%,80.60%,72.30%,73.10%,66.20%,54.20%,77.10%,78.30%,62.10%,79.20%,66.70%,,55.80%,57.10%,61.10%,58.30%,,,,,,,66.70%,75.00%,52.30%,72.20%,,75.00%,75.00%,86.40%,0.00%,,,,37.50%,62.50%,,,,,,,1.34,0.41,121,153,43,33.3,29.4,23.1,19.9,7,2,28.6,16,0,0,,,,,,,,,,,,,,,,,,,,,,,,,,,,,,,,,77.90%,78.90%,,,68.30%,69.30%,,,72.70%,69.40%,,,,,,,,,,,Freeze CCW,54.2,Guard CW,83.3
Mary Mattatall,68.50%,73.60%,70.80%,72.30%,201,"{""Fourth"": {""start"": ""2017-02-18"", ""end"": ""2017-02-24"", ""count"": 7}}","{""NS (Mattatall)"": {""start"": ""2017-02-18"", ""end"": ""2017-02-24"", ""count"": 7}}",Right,1960,,,,,,,,85.00%,81.20%,56.20%,65.20%,75.00%,81.80%,75.60%,82.40%,75.00%,59.10%,83.30%,,37.50%,50.00%,40.00%,70.80%,,,,,,,,,25.00%,75.00%,,83.30%,75.00%,,37.50%,0.00%,,,,,,,,,,,0.9,0.18,50,49,24,26.5,16.3,24,0,8,2,25,,,,,,,,,,,,,,,,,,,,,,,,,,,,,,,,,,,,,,68.10%,72.50%,,,,,,,,,,,,,,,,,Double CW,37.5,Guard CW,85
Mary-anne Arsenault,76.60%,78.10%,77.30%,90.30%,744,"{""Fourth"": {""start"": ""2013-02-16"", ""end"": ""2022-02-03"", ""count"": 27}}","{""NS (Arsenault)"": {""start"": ""2013-02-16"", ""end"": ""2020-02-20"", ""count"": 13}, ""NS"": {""start"": ""2018-01-27"", ""end"": ""2018-02-04"", ""count"": 9}, ""BC (Arsenault)"": {""start"": ""2022-01-29"", ""end"": ""2022-02-03"", ""count"": 5}}",Right,1968,"Scarborough, ON","Halifax, NS",,,,91.70%,,84.70%,84.20%,74.20%,77.90%,66.70%,71.90%,79.30%,80.30%,75.70%,71.40%,75.00%,96.70%,66.70%,63.80%,75.00%,68.80%,,,,,,,90.00%,,68.80%,93.80%,,,71.20%,92.90%,87.50%,,,,53.10%,,87.50%,,,,,,1.18,0.39,175,193,32.6,29.5,27.5,17.1,15.5,16,5,31.2,20,1,5,,,,,,,,,,,,,,,,,,,,,,,,,,,78.20%,74.30%,,,,,,,,,79.10%,83.80%,,,73.60%,73.20%,,,77.30%,73.80%,,,,,,,Double CCW,63.8,Guard CW,84.7
Mathew Camm,84.00%,82.60%,83.30%,87.30%,2277,"{""Third"": {""start"": ""2015-12-02"", ""end"": ""2023-09-27"", ""count"": 45}, ""Second"": {""start"": ""2019-11-27"", ""end"": ""2024-03-07"", ""count"": 50}, ""Lead"": {""start"": ""2021-11-03"", ""end"": ""2021-11-04"", ""count"": 2}}","{""Epping"": {""start"": ""2015-12-02"", ""end"": ""2023-09-27"", ""count"": 65}, ""Homan"": {""start"": ""2017-08-26"", ""end"": ""2017-08-26"", ""count"": 1}, ""ON"": {""start"": ""2018-03-03"", ""end"": ""2018-03-11"", ""count"": 9}, ""ON (Epping)"": {""start"": ""2020-02-29"", ""end"": ""2021-03-13"", ""count"": 15}, ""ON (Howard)"": {""start"": ""2024-03-02"", ""end"": ""2024-03-07"", ""count"": 6}}",Right,1990,"Ottawa, ON","Cornwall, ON",,,,97.10%,90.90%,87.60%,89.60%,82.40%,78.90%,83.50%,81.40%,85.30%,82.00%,80.90%,76.00%,94.20%,96.00%,74.10%,81.20%,77.90%,79.70%,,,,,,92.90%,97.40%,92.50%,90.40%,82.80%,85.00%,83.30%,88.20%,90.60%,71.40%,71.40%,86.40%,94.70%,93.80%,93.80%,94.40%,62.50%,,,,,1.11,0.25,551,560,33.9,32.7,16.2,23,10.9,64,13,20.3,48,2,4.2,,,,,,,,,,,,,,,,,,,,,,,,,,,,,,,82.80%,81.40%,83.20%,82.80%,87.60%,82.30%,86.10%,84.30%,78.70%,86.70%,84.00%,85.30%,85.30%,80.50%,80.10%,80.10%,90.90%,83.00%,77.00%,86.60%,,,Double CW,74.1,Guard CCW,89.6
Mathias Genner,67.50%,70.90%,69.20%,67.00%,651,"{""Third"": {""start"": ""2016-11-19"", ""end"": ""2024-11-19"", ""count"": 13}, ""Fourth"": {""start"": ""2024-11-16"", ""end"": ""2025-04-04"", ""count"": 12}}","{""Austria"": {""start"": ""2016-11-19"", ""end"": ""2017-11-23"", ""count"": 12}, ""AUT (Genner)"": {""start"": ""2024-11-16"", ""end"": ""2025-04-04"", ""count"": 13}}",Right,,,,,,,71.40%,68.80%,92.90%,87.50%,59.10%,63.60%,75.00%,33.30%,75.60%,80.80%,70.70%,73.60%,79.60%,86.40%,58.70%,64.10%,56.60%,76.20%,,,54.20%,59.20%,50.00%,,,75.00%,54.20%,69.40%,,75.00%,0.00%,87.50%,56.20%,75.00%,,,43.80%,66.70%,75.00%,83.30%,,,50.00%,12.50%,0.94,0.12,170,153,20.6,30.1,8.5,24.7,-4.1,30,3,10,4,0,0,,,,,,,,,,,,,,,,,,,,,,,,,,,,,,,,,64.50%,78.40%,66.10%,69.10%,,,,,,,,,,,,,54.80%,74.40%,67.00%,69.30%,Freeze CCW,33.3,Guard CW,92.9
Matt Dunstone,83.80%,83.00%,83.40%,76.60%,4451,"{""Fourth"": {""start"": ""2013-02-28"", ""end"": ""2025-04-12"", ""count"": 215}}","{""CAN"": {""start"": ""2013-02-28"", ""end"": ""2013-03-10"", ""count"": 10}, ""MB"": {""start"": ""2016-01-23"", ""end"": ""2016-01-31"", ""count"": 9}, ""CAN (Dunstone)"": {""start"": ""2016-03-07"", ""end"": ""2016-03-07"", ""count"": 1}, ""Laycock"": {""start"": ""2017-12-02"", ""end"": ""2017-12-08"", ""count"": 7}, ""SK"": {""start"": ""2018-03-03"", ""end"": ""2018-03-09"", ""count"": 7}, ""Dunstone"": {""start"": ""2018-12-05"", ""end"": ""2025-04-12"", ""count"": 119}, ""Canada 1"": {""start"": ""2019-05-08"", ""end"": ""2019-05-11"", ""count"": 4}, ""Canada"": {""start"": ""2019-01-30"", ""end"": ""2019-02-03"", ""count"": 5}, ""SK (Dunstone)"": {""start"": ""2020-02-29"", ""end"": ""2021-03-14"", ""count"": 18}, ""WC2 (Dunstone)"": {""start"": ""2022-03-04"", ""end"": ""2022-03-11"", ""count"": 8}, ""MB (Dunstone)"": {""start"": ""2023-03-04"", ""end"": ""2025-03-09"", ""count"": 19}, ""MB-D (Dunstone)"": {""start"": ""2024-03-02"", ""end"": ""2024-03-09"", ""count"": 8}}",Right,1995,"Winnipeg, MB","Regina, SK",,,,94.40%,,92.00%,89.90%,82.50%,84.00%,73.60%,76.00%,88.30%,87.90%,79.90%,77.90%,97.90%,94.00%,70.00%,65.30%,77.90%,77.40%,25.00%,,64.50%,67.70%,,,91.30%,87.50%,84.60%,87.10%,91.70%,82.50%,87.20%,85.30%,75.00%,75.00%,,,58.70%,55.90%,71.70%,64.60%,50.00%,,60.00%,0.00%,1.18,0.32,1093,1110,37.5,33.9,21.4,16,21.5,74,14,18.9,128,8,6.2,,,,,,,,,,,,,,,,,,,,,,,,,,,76.60%,81.30%,,,,,84.80%,89.90%,76.90%,79.20%,80.70%,82.50%,88.50%,84.80%,86.70%,86.20%,82.60%,80.70%,84.70%,83.30%,84.70%,84.00%,82.00%,81.60%,85.80%,86.30%,Wick CW,25,Guard CW,92
Matt Hamilton,83.50%,83.00%,83.20%,83.80%,2388,"{""Lead"": {""start"": ""2009-03-14"", ""end"": ""2024-11-30"", ""count"": 23}, ""Second"": {""start"": ""2016-04-02"", ""end"": ""2023-05-06"", ""count"": 71}, ""Third"": {""start"": ""2017-04-06"", ""end"": ""2024-11-07"", ""count"": 6}}","{""USA"": {""start"": ""2009-03-14"", ""end"": ""2009-03-15"", ""count"": 2}, ""United States"": {""start"": ""2016-04-02"", ""end"": ""2021-04-10"", ""count"": 42}, ""USA (Shuster)"": {""start"": ""2018-02-14"", ""end"": ""2024-11-01"", ""count"": 34}, ""Shuster"": {""start"": ""2022-10-18"", ""end"": ""2024-11-30"", ""count"": 21}}",Right,1989,"McFarland, WI","McFarland, WI","R&D Technician, Spectrum Brands",,,94.00%,90.90%,89.00%,89.20%,82.60%,80.60%,72.80%,90.00%,82.60%,84.10%,75.80%,78.50%,88.70%,90.60%,74.60%,76.10%,78.30%,74.60%,83.30%,77.80%,79.30%,69.80%,97.80%,98.10%,90.60%,84.10%,90.50%,84.70%,75.00%,,,87.50%,58.30%,,90.20%,90.20%,85.00%,,58.30%,56.20%,,50.00%,,62.50%,1.19,0.29,564,601,37.2,34.4,21.3,19.3,17.9,53,8,15.1,54,1,1.9,,,,,,,,,,,,,,,,,,,84.80%,56.20%,,,,,,,,,,,,,85.90%,82.70%,75.30%,78.90%,82.10%,81.10%,82.40%,85.20%,,,80.30%,84.70%,87.20%,82.40%,83.60%,76.50%,90.10%,82.50%,,,Promotion CCW,69.8,Freeze CCW,90
Matt Seabrook,69.30%,78.10%,73.80%,75.10%,206,"{""Third"": {""start"": ""2009-03-07"", ""end"": ""2009-03-12"", ""count"": 6}}","{""N.Ont (Jakubo)"": {""start"": ""2009-03-07"", ""end"": ""2009-03-12"", ""count"": 6}}",Right,,,,,,,,,87.50%,89.60%,64.40%,77.30%,65.00%,64.30%,70.00%,78.10%,76.60%,67.30%,70.00%,95.00%,55.60%,81.20%,66.70%,53.60%,,,,,,,,,68.80%,95.00%,50.00%,75.00%,50.00%,,,,,87.50%,,,50.00%,,,,,,0.85,0.13,54,45,18.5,33.3,8.9,24.1,-5.6,7,0,0,1,0,0,,,,,,,,,,,,,,,,,,,76.10%,71.90%,,,,,,,,,,,,,,,,,,,,,,,,,,,,,,,,,Raise CCW,53.6,Guard CCW,89.6
Matt Wozniak,85.40%,86.80%,86.20%,87.40%,2389,"{""Second"": {""start"": ""2015-12-02"", ""end"": ""2022-05-07"", ""count"": 95}, ""Third"": {""start"": ""2018-02-04"", ""end"": ""2018-02-04"", ""count"": 1}}","{""McEwen"": {""start"": ""2015-12-02"", ""end"": ""2018-03-02"", ""count"": 18}, ""MB (McEwen)"": {""start"": ""2016-03-05"", ""end"": ""2017-03-12"", ""count"": 18}, ""WC (McEwen)"": {""start"": ""2018-03-03"", ""end"": ""2018-03-09"", ""count"": 7}, ""M McEwen"": {""start"": ""2018-02-04"", ""end"": ""2018-02-04"", ""count"": 1}, ""MB (Gunnlaugson"": {""start"": ""2021-03-06"", ""end"": ""2021-03-13"", ""count"": 7}, ""Gunnlaugso"": {""start"": ""2021-04-15"", ""end"": ""2021-10-31"", ""count"": 15}, ""Gunnlaugson"": {""start"": ""2021-10-19"", ""end"": ""2022-05-07"", ""count"": 22}, ""WC3 (Gunnlaugs)"": {""start"": ""2022-03-05"", ""end"": ""2022-03-11"", ""count"": 7}}",Right,1983,"Winnipeg, MB","Winnipeg, MB","Mortgage Broker, Vertuity Mortgage",,,93.20%,94.40%,91.40%,94.50%,83.50%,83.90%,80.00%,80.80%,85.00%,87.80%,84.40%,82.60%,94.00%,94.30%,72.70%,75.70%,83.20%,82.00%,,,,,92.90%,94.70%,82.70%,,87.50%,88.50%,91.70%,68.80%,94.20%,80.40%,95.00%,80.00%,92.60%,94.60%,83.30%,75.00%,,71.40%,,,,,1.06,0.25,569,580,32.5,34.1,19,16.5,16,42,6,14.3,50,2,4,,,,,,,,,,,,,,,,,,,,,,,,,,,,,,,91.20%,84.70%,85.60%,87.60%,89.70%,88.50%,84.20%,86.70%,,,,,85.90%,83.80%,84.10%,85.80%,,,,,,,Double CW,72.7,Guard CCW,94.5
Matthew Hall,79.60%,83.80%,81.90%,82.00%,1677,"{""Second"": {""start"": ""2016-01-23"", ""end"": ""2025-03-06"", ""count"": 47}, ""Fourth"": {""start"": ""2017-01-22"", ""end"": ""2020-03-15"", ""count"": 24}}","{""ON"": {""start"": ""2016-01-23"", ""end"": ""2018-01-19"", ""count"": 14}, ""ON (Hall)"": {""start"": ""2017-01-22"", ""end"": ""2017-01-29"", ""count"": 8}, ""Laurier (Hall)"": {""start"": ""2017-03-18"", ""end"": ""2017-03-21"", ""count"": 4}, ""BC"": {""start"": ""2019-01-19"", ""end"": ""2019-01-27"", ""count"": 8}, ""Canada"": {""start"": ""2019-02-16"", ""end"": ""2019-02-23"", ""count"": 5}, ""Laurier (m)"": {""start"": ""2020-03-11"", ""end"": ""2020-03-15"", ""count"": 5}, ""Kleiter"": {""start"": ""2023-09-27"", ""end"": ""2025-01-17"", ""count"": 21}, ""SK (Kleiter)"": {""start"": ""2025-03-01"", ""end"": ""2025-03-06"", ""count"": 6}}",Right,1997,,,,,,,89.80%,89.10%,88.70%,72.90%,78.20%,70.30%,73.80%,82.50%,85.20%,79.80%,80.80%,92.80%,96.80%,75.00%,82.30%,67.80%,79.30%,,,75.00%,64.60%,,91.70%,97.20%,88.90%,67.20%,85.00%,80.00%,75.00%,85.50%,84.10%,75.00%,67.90%,,97.00%,81.20%,95.80%,46.40%,83.30%,,,,75.00%,1.11,0.39,401,423,33.7,28.8,24.8,19.2,14.5,30,4,13.3,51,3,5.9,,,,,,,,,,,,,,,,,,,,,,,,,,,,,,,,,78.90%,90.10%,71.70%,80.30%,74.10%,79.80%,88.00%,87.30%,74.10%,82.20%,,,,,78.70%,83.20%,83.40%,86.90%,81.30%,80.20%,Promotion CCW,64.6,Guard CW,89.1
Matthew Manuel,77.80%,78.80%,78.30%,70.50%,1385,"{""Fourth"": {""start"": ""2016-01-23"", ""end"": ""2024-03-06"", ""count"": 40}, ""Third"": {""start"": ""2017-03-18"", ""end"": ""2018-03-27"", ""count"": 8}}","{""NS"": {""start"": ""2016-01-23"", ""end"": ""2018-01-19"", ""count"": 14}, ""DAL"": {""start"": ""2016-03-20"", ""end"": ""2018-03-27"", ""count"": 7}, ""NS (Manuel)"": {""start"": ""2017-01-21"", ""end"": ""2024-03-06"", ""count"": 18}, ""Dal (Mayhew)"": {""start"": ""2017-03-18"", ""end"": ""2017-03-21"", ""count"": 4}, ""Dalhousie (m)"": {""start"": ""2020-03-11"", ""end"": ""2020-03-15"", ""count"": 5}}",Right,1998,,,,,,54.20%,,83.30%,87.50%,72.70%,71.20%,71.70%,75.00%,83.40%,83.90%,74.20%,75.30%,90.90%,91.80%,66.50%,79.90%,75.00%,59.60%,,,,,0.00%,,75.00%,,64.50%,71.90%,0.00%,,95.60%,79.80%,75.00%,,75.00%,,0.00%,91.70%,,,,,,,1.11,0.35,317,368,30.6,32.6,25.5,17,13.6,29,10,34.5,34,3,8.8,,,,,,,,,,,,,,,,,,,,,,,,,,,,,,,,,71.70%,74.70%,74.20%,81.30%,74.80%,84.70%,,,75.00%,75.90%,,,,,76.30%,83.50%,78.40%,84.60%,,,Raise CCW,59.6,Guard CCW,87.5
Matthieu Taillon,80.30%,83.20%,81.80%,75.50%,880,"{""Lead"": {""start"": ""2017-01-21"", ""end"": ""2020-01-25"", ""count"": 32}}","{""SK (Kleiter)"": {""start"": ""2017-01-21"", ""end"": ""2017-04-22"", ""count"": 11}, ""SK"": {""start"": ""2018-01-13"", ""end"": ""2020-01-25"", ""count"": 21}}",Right,1998,"Saskatoon, SK","Saskatoon, SK","Student, University of Saskatchewan",St. Joseph,Vet Medicine,90.60%,88.10%,83.80%,89.00%,79.00%,85.20%,63.50%,61.10%,70.50%,79.50%,75.00%,72.20%,50.00%,,,80.00%,71.40%,33.30%,37.50%,47.70%,,,89.60%,98.70%,,,90.60%,82.90%,,25.00%,,62.50%,,,,,,,,0.00%,,56.20%,,,0.97,0.58,220,217,29.1,34.1,33.6,22.3,6.8,14,1,7.1,27,3,11.1,,,,,,,,,,,,,,,,,,,,,,,,,,,,,,,,,,,81.20%,65.60%,85.60%,71.30%,84.70%,76.60%,87.60%,75.00%,,,,,,,,,,,Raise CCW,33.3,Guard CCW,89
Mattia Giovanella,89.40%,91.20%,90.60%,86.00%,2834,"{""Lead"": {""start"": ""2021-04-01"", ""end"": ""2025-04-11"", ""count"": 130}}","{""Italy"": {""start"": ""2021-04-01"", ""end"": ""2022-11-25"", ""count"": 14}, ""Retornaz"": {""start"": ""2022-10-04"", ""end"": ""2025-04-11"", ""count"": 74}, ""ITA (Retornaz)"": {""start"": ""2022-02-13"", ""end"": ""2025-04-04"", ""count"": 42}}",Right,,,,,,,95.30%,93.40%,91.50%,92.30%,85.40%,90.50%,79.60%,88.00%,80.60%,87.70%,79.80%,87.00%,,,85.00%,80.00%,89.70%,90.50%,77.30%,54.20%,,,95.20%,89.40%,,85.90%,90.70%,89.90%,87.50%,90.00%,87.50%,75.00%,50.00%,66.70%,,,,,,94.40%,,60.00%,,,1.24,0.32,670,706,40.1,34.6,22,13.7,26.4,49,7,14.3,80,0,0,,,,,,,,,,,,,,,,,,,,,,,,,,,,,,,,,,,,,,,,,,,88.80%,83.30%,91.30%,80.20%,91.00%,90.30%,93.20%,76.80%,88.90%,84.10%,Wick CCW,54.2,Guard CCW,92.3
Max Baeck,77.50%,78.00%,77.70%,74.50%,204,"{""Lead"": {""start"": ""2016-03-06"", ""end"": ""2017-02-22"", ""count"": 9}, ""Second"": {""start"": ""2017-02-22"", ""end"": ""2017-02-23"", ""count"": 2}}","{""SWE (Wranå)"": {""start"": ""2016-03-06"", ""end"": ""2016-03-09"", ""count"": 2}, ""Sweden"": {""start"": ""2017-02-16"", ""end"": ""2017-02-23"", ""count"": 8}}",Right,,,,,,,87.10%,88.40%,50.00%,,76.50%,80.20%,,,70.00%,65.40%,83.30%,75.00%,85.70%,63.90%,66.70%,50.00%,25.00%,,,50.00%,25.00%,,95.00%,80.00%,,,95.80%,50.00%,,,,,,,,75.00%,50.00%,,,,,50.00%,,,1.31,0.26,45,54,33.3,27.8,16.7,17.8,15.5,5,0,0,6,0,0,,,,,,,,,,,,,,,,,,,,,,,,,,,,,,,,,81.70%,68.80%,82.10%,67.50%,,,,,,,,,,,,,,,,,Raise CW,25,Hit-roll CW,83.3
Maxime Blais,85.10%,82.40%,83.30%,73.40%,772,"{""Lead"": {""start"": ""2016-01-23"", ""end"": ""2019-01-25"", ""count"": 30}}","{""NO"": {""start"": ""2016-01-23"", ""end"": ""2019-01-25"", ""count"": 23}, ""NO (Horgan)"": {""start"": ""2017-01-22"", ""end"": ""2017-01-28"", ""count"": 7}}",Right,1998,"Timmins, ON","Smooth Rock Falls, ON",Curler,Ecole catholique Georges-Vanier,University of Ottawa,93.40%,86.00%,75.00%,83.00%,80.50%,82.70%,84.40%,70.00%,89.20%,83.00%,75.00%,81.20%,,25.00%,,0.00%,70.80%,68.80%,50.00%,50.00%,,,92.50%,83.30%,,,79.20%,84.00%,,,,75.00%,50.00%,50.00%,,,,,,43.80%,,50.00%,,,1.26,0.32,189,192,37.6,41.7,22.9,16.9,20.7,9,0,0,27,1,3.7,,,,,,,,,,,,,,,,,,,,,,,,,,,,,,,,,84.10%,83.60%,80.00%,74.00%,86.10%,77.90%,85.30%,83.60%,,,,,,,,,,,,,Double CCW,0,Take-out CW,89.2
Maxime Elmaleh,77.50%,81.00%,79.60%,76.20%,611,"{""Third"": {""start"": ""2002-03-09"", ""end"": ""2002-03-14"", ""count"": 6}, ""Lead"": {""start"": ""2006-03-11"", ""end"": ""2006-03-19"", ""count"": 9}, ""Fourth"": {""start"": ""2015-11-08"", ""end"": ""2015-11-13"", ""count"": 6}}","{""QC (Roberge)"": {""start"": ""2002-03-09"", ""end"": ""2002-03-14"", ""count"": 6}, ""QUE (Menard)"": {""start"": ""2006-03-11"", ""end"": ""2006-03-19"", ""count"": 9}, ""QC (Elmaleh)"": {""start"": ""2015-11-08"", ""end"": ""2015-11-13"", ""count"": 6}}",Right,1969,"Quebec, QC","Quebec, QC","Accounting Supervisor, CDPQ INC.",1st Grade University,Levis-Lauzon (Quebec),93.80%,92.40%,90.20%,89.10%,72.90%,79.60%,76.10%,62.50%,76.00%,78.20%,71.90%,76.70%,69.40%,93.80%,75.00%,62.50%,78.80%,82.50%,66.70%,66.70%,,,,,95.00%,95.00%,8.30%,80.90%,87.50%,50.00%,62.50%,95.00%,,,81.20%,75.00%,50.00%,,75.00%,,50.00%,66.70%,,,1.2,0.31,143,156,35.7,39.7,23.7,17.5,18.2,12,3,25,14,0,0,,,,,78.70%,77.80%,,,,,,,84.10%,73.80%,,,,,,,,,,,,,,,,,77.40%,76.70%,,,,,,,,,,,,,,,,,,,,,Freeze CCW,62.5,Guard CW,90.2
Meaghan Hughes,79.40%,78.10%,78.70%,81.90%,1624,"{""Second"": {""start"": ""2016-02-20"", ""end"": ""2023-02-20"", ""count"": 55}, ""Lead"": {""start"": ""2023-02-17"", ""end"": ""2023-02-23"", ""count"": 7}}","{""PE (Birt)"": {""start"": ""2016-02-20"", ""end"": ""2023-02-23"", ""count"": 41}, ""PE (MacPhee)"": {""start"": ""2017-02-18"", ""end"": ""2017-02-24"", ""count"": 7}, ""PE"": {""start"": ""2018-01-27"", ""end"": ""2018-02-02"", ""count"": 6}, ""Birt"": {""start"": ""2021-10-25"", ""end"": ""2022-09-22"", ""count"": 7}}",Right,1986,,"Charlottetown, PEI",,,,90.60%,89.80%,89.60%,77.00%,71.30%,75.40%,63.50%,67.40%,79.70%,78.20%,69.80%,74.10%,87.80%,84.10%,73.10%,78.30%,75.00%,66.30%,,,,,92.00%,79.50%,96.90%,55.00%,65.50%,75.00%,66.70%,66.70%,80.00%,79.20%,87.50%,93.80%,87.00%,80.00%,87.50%,,,,,,,,1.1,0.36,392,393,29.8,32.3,21.6,24,5.8,37,8,21.6,35,6,17.1,,,,,,,,,,,,,,,,,,,,,,,,,,,,,,,,,81.10%,85.00%,74.50%,77.80%,81.50%,79.80%,78.40%,83.70%,77.80%,81.60%,76.80%,75.30%,77.70%,70.00%,80.70%,77.50%,,,,,Freeze CW,63.5,Guard CW,89.6
Meaghan Mallett,75.50%,70.10%,73.00%,61.70%,307,"{""Fourth"": {""start"": ""2023-03-15"", ""end"": ""2024-03-16"", ""count"": 10}}","{""HUM - W"": {""start"": ""2023-03-15"", ""end"": ""2023-03-19"", ""count"": 5}, ""HUM (Mallett)"": {""start"": ""2024-03-12"", ""end"": ""2024-03-16"", ""count"": 5}}",Right,2002,,,,,,87.50%,,88.50%,,71.00%,63.40%,65.00%,37.50%,78.60%,75.50%,80.00%,76.80%,81.20%,87.50%,65.00%,55.00%,75.00%,33.30%,,,,,,,,,72.90%,18.80%,75.00%,,91.70%,83.30%,0.00%,,87.50%,,50.00%,50.00%,50.00%,,,,,,1.24,0.62,63,91,33.3,27.5,38.5,22.2,11.1,5,0,0,14,3,21.4,,,,,,,,,,,,,,,,,,,,,,,,,,,,,,,,,,,,,,,,,,,,,,,75.60%,72.00%,66.00%,78.60%,,,Raise CCW,33.3,Guard CW,88.5
Meaghan Rivett,73.00%,70.20%,71.70%,69.80%,388,"{""Second"": {""start"": ""2016-01-23"", ""end"": ""2020-01-24"", ""count"": 14}, ""Lead"": {""start"": ""2019-01-19"", ""end"": ""2019-01-19"", ""count"": 1}}","{""QC"": {""start"": ""2016-01-23"", ""end"": ""2020-01-24"", ""count"": 15}}",Left,1999,"Lennoxville, QC","Lennoxville, QC",Student,,Champlain College,86.10%,82.50%,90.90%,72.70%,62.30%,64.40%,80.00%,60.00%,75.80%,73.40%,65.60%,71.90%,81.00%,72.70%,64.30%,62.50%,81.20%,72.50%,,,,,75.00%,25.00%,75.00%,75.00%,70.80%,60.70%,,25.00%,,70.00%,,,83.30%,87.50%,,75.00%,85.00%,,,,,,1.09,0.59,89,98,30.3,34.7,31.6,28.1,2.2,8,1,12.5,14,0,0,,,,,,,,,,,,,,,,,,,,,,,,,,,,,,,,,62.50%,75.00%,,,,50.00%,57.10%,50.00%,74.40%,74.30%,,,,,,,,,,,Freeze CCW,60,Guard CW,90.9
Megan Balsdon,76.50%,77.20%,76.80%,74.00%,381,"{""Third"": {""start"": ""2021-10-25"", ""end"": ""2023-09-27"", ""count"": 17}}","{""Duncan"": {""start"": ""2021-10-25"", ""end"": ""2023-09-27"", ""count"": 11}, ""ON (Duncan)"": {""start"": ""2022-01-29"", ""end"": ""2022-02-03"", ""count"": 6}}",Right,1982,"Toronto, ON","London, ON","Research Engineer, SoleScience Inc.",York Mills C.I.,University of Guelph,95.00%,,88.70%,87.50%,72.10%,79.40%,62.50%,83.30%,73.70%,71.90%,70.80%,78.80%,90.50%,80.40%,75.00%,66.70%,50.00%,75.00%,,,,,,,,62.50%,50.00%,62.50%,50.00%,,83.30%,50.00%,56.20%,,87.50%,70.00%,,,,37.50%,,,,,1.2,0.33,91,94,36.3,39.4,20.2,22,14.3,10,3,30,8,0,0,,,,,,,,,,,,,,,,,,,,,,,,,,,,,,,,,,,,,,,,,,,80.40%,71.30%,80.70%,76.30%,84.60%,100.00%,,,,,Raise CW,50,Guard CW,88.7
Megan Koehler,78.00%,74.10%,76.30%,71.90%,1117,"{""Lead"": {""start"": ""2012-02-18"", ""end"": ""2014-11-15"", ""count"": 12}, ""Second"": {""start"": ""2012-02-21"", ""end"": ""2018-02-02"", ""count"": 14}, ""Third"": {""start"": ""2016-02-19"", ""end"": ""2017-02-24"", ""count"": 11}}","{""NT/YT (Galusha)"": {""start"": ""2012-02-18"", ""end"": ""2012-02-23"", ""count"": 6}, ""NT (Galusha)"": {""start"": ""2013-02-16"", ""end"": ""2017-02-24"", ""count"": 18}, ""NT (Koe)"": {""start"": ""2014-11-10"", ""end"": ""2014-11-15"", ""count"": 6}, ""NT"": {""start"": ""2018-01-27"", ""end"": ""2018-02-02"", ""count"": 6}}",Right,1989,"Yellowknife, NT","Yellowknife, NT",,,,90.50%,85.60%,88.30%,69.40%,75.10%,68.00%,71.60%,64.60%,77.30%,75.70%,75.00%,67.40%,83.30%,90.50%,56.80%,77.20%,54.30%,80.60%,0.00%,45.80%,,,90.00%,86.40%,83.30%,54.20%,85.00%,77.60%,75.00%,37.50%,90.00%,,,50.00%,60.00%,95.00%,,,62.50%,75.00%,0.00%,43.80%,,,1.05,0.32,263,279,30.4,32.6,23.3,28.1,2.3,31,9,29,20,4,20,,,,,,,,,,,,,,,,,,,,,,,,,79.30%,83.10%,68.90%,66.70%,85.20%,73.50%,,,71.00%,75.50%,71.30%,76.70%,77.90%,80.20%,,,,,,,,,,,,,,,Wick CW,0,Guard CW,88.3
Megan Smith,69.40%,73.30%,71.50%,79.70%,843,"{""Fourth"": {""start"": ""2016-01-23"", ""end"": ""2016-01-29"", ""count"": 7}, ""Third"": {""start"": ""2017-01-21"", ""end"": ""2021-02-25"", ""count"": 26}}","{""NO"": {""start"": ""2016-01-23"", ""end"": ""2019-01-25"", ""count"": 14}, ""NO (Burns)"": {""start"": ""2017-01-21"", ""end"": ""2021-02-25"", ""count"": 14}, ""LU (Burns)"": {""start"": ""2017-03-18"", ""end"": ""2017-03-22"", ""count"": 5}}",Right,1997,,,,,,90.90%,87.50%,79.30%,72.60%,60.00%,60.20%,68.80%,63.90%,73.80%,80.50%,70.50%,70.00%,87.00%,94.60%,36.70%,73.20%,56.80%,61.50%,,,,,,,84.40%,87.50%,61.70%,62.50%,,,72.10%,72.20%,,75.00%,,,0.00%,,,,,,,,1.06,0.42,213,196,27.2,38.8,27.6,28.6,-1.4,22,2,9.1,24,1,4.2,,,,,,,,,,,,,,,,,,,,,,,,,,,,,,,,,58.40%,66.80%,65.10%,78.40%,,,74.20%,79.80%,,,61.30%,73.40%,,,,,,,,,Double CW,36.7,Take-out CCW,80.5
Meghan Walter,75.30%,79.60%,77.30%,80.20%,704,"{""Third"": {""start"": ""2022-12-06"", ""end"": ""2024-02-25"", ""count"": 29}, ""Second"": {""start"": ""2022-12-09"", ""end"": ""2022-12-09"", ""count"": 1}, ""Fourth"": {""start"": ""2023-01-10"", ""end"": ""2023-02-23"", ""count"": 11}}","{""Scheidegge"": {""start"": ""2022-12-06"", ""end"": ""2022-12-10"", ""count"": 5}, ""Ackland"": {""start"": ""2023-01-10"", ""end"": ""2023-01-14"", ""count"": 5}, ""Cameron"": {""start"": ""2023-10-17"", ""end"": ""2024-01-19"", ""count"": 15}, ""WC3 (Walter)"": {""start"": ""2023-02-18"", ""end"": ""2023-02-23"", ""count"": 6}, ""MB (Cameron)"": {""start"": ""2024-02-17"", ""end"": ""2024-02-25"", ""count"": 9}}",Right,2002,,,,,,96.90%,87.50%,92.50%,87.50%,72.30%,72.50%,57.70%,63.30%,73.30%,86.80%,74.40%,73.40%,90.50%,88.00%,67.90%,68.30%,61.50%,70.80%,,,,,,,94.40%,78.10%,77.80%,70.80%,37.50%,75.00%,66.70%,70.80%,,91.70%,,,62.50%,50.00%,68.80%,,,,,,1.02,0.32,173,167,26,34.1,21.6,24.9,1.1,21,0,0,14,1,7.1,,,,,,,,,,,,,,,,,,,,,,,,,,,,,,,,,,,,,,,,,,,,,63.60%,79.70%,78.60%,76.50%,77.80%,78.90%,,,Freeze CW,57.7,Guard CW,92.5
Melanie Barbezat,85.30%,87.10%,86.10%,82.00%,2144,"{""Lead"": {""start"": ""2018-11-17"", ""end"": ""2022-05-08"", ""count"": 91}}","{""Switzerland"": {""start"": ""2018-11-17"", ""end"": ""2022-03-27"", ""count"": 54}, ""Tirinzoni"": {""start"": ""2021-04-15"", ""end"": ""2022-05-08"", ""count"": 27}, ""SUI (Tirinzoni)"": {""start"": ""2022-02-10"", ""end"": ""2022-02-19"", ""count"": 10}}",Right,1991,,,,,,91.50%,95.00%,80.40%,76.00%,85.40%,86.60%,57.50%,92.90%,84.60%,85.60%,78.40%,83.00%,91.70%,72.20%,90.00%,54.20%,75.00%,80.00%,63.30%,58.60%,41.70%,66.70%,92.30%,98.40%,,50.00%,90.40%,89.10%,,,,,,75.00%,96.40%,75.00%,,,75.00%,,55.00%,69.20%,,,1.25,0.43,523,527,37.9,38,28.1,17,20.9,19,6,31.6,77,2,2.6,,,,,,,,,,,,,,,,,,,,,,,,,,,,,,,,,,,,,88.50%,75.00%,88.60%,78.60%,,,88.00%,81.30%,87.10%,76.60%,,,,,,,Promotion CW,41.7,Freeze CCW,92.9
Melina Bezzola,72.30%,63.30%,67.90%,68.20%,194,"{""Second"": {""start"": ""2017-02-16"", ""end"": ""2017-02-24"", ""count"": 8}}","{""Switzerland"": {""start"": ""2017-02-16"", ""end"": ""2017-02-24"", ""count"": 8}}",Right,,,,,,,,86.10%,62.50%,91.70%,71.40%,59.40%,,,78.30%,59.40%,78.10%,56.20%,63.90%,78.60%,62.50%,71.40%,16.70%,56.20%,50.00%,,25.00%,25.00%,,87.50%,,,,75.00%,,,,0.00%,62.50%,75.00%,50.00%,,,,50.00%,,50.00%,,,,1.08,0.34,49,44,34.7,34.1,22.7,18.4,16.3,4,1,25,2,0,0,,,,,,,,,,,,,,,,,,,,,,,,,,,,,,,,,,,72.40%,65.00%,,,,,,,,,,,,,,,,,Raise CW,16.7,Guard CCW,91.7
Melissa Adams,66.50%,69.80%,68.10%,61.30%,535,"{""Fourth"": {""start"": ""2017-02-16"", ""end"": ""2024-02-22"", ""count"": 13}, ""Third"": {""start"": ""2018-01-27"", ""end"": ""2018-02-02"", ""count"": 6}}","{""NB (Adams)"": {""start"": ""2017-02-16"", ""end"": ""2024-02-22"", ""count"": 13}, ""NB"": {""start"": ""2018-01-27"", ""end"": ""2018-02-02"", ""count"": 6}}",Right,1978,,"Fredericton, NB",,,,90.60%,,72.60%,86.50%,58.80%,66.40%,63.10%,70.80%,75.00%,73.80%,48.30%,61.10%,86.10%,83.80%,47.70%,55.00%,53.60%,56.20%,,,,,87.50%,,75.00%,95.00%,35.00%,53.10%,37.50%,,61.40%,,0.00%,25.00%,91.70%,66.70%,41.70%,,50.00%,,,,,,0.97,0.33,132,131,27.3,28.2,22.9,31.1,-3.8,16,4,25,9,1,11.1,,,,,,,,,,,,,,,,,,,,,,,,,,,,,,,,,,,64.60%,82.90%,78.50%,75.20%,,,,,62.30%,59.00%,,,,,58.10%,66.80%,,,Double CW,47.7,Guard CCW,86.5
Michael Brophy,79.50%,82.40%,81.10%,87.40%,272,"{""Second"": {""start"": ""2017-03-18"", ""end"": ""2018-03-27"", ""count"": 8}}","{""Dal (Mayhew)"": {""start"": ""2017-03-18"", ""end"": ""2017-03-21"", ""count"": 4}, ""DAL"": {""start"": ""2018-03-24"", ""end"": ""2018-03-27"", ""count"": 4}}",Right,1993,,,,,,,95.50%,79.20%,76.80%,64.60%,69.60%,,50.00%,80.60%,80.90%,78.60%,88.90%,94.40%,95.30%,58.30%,69.40%,0.00%,50.00%,,,,,,,,62.50%,75.00%,91.70%,,,66.70%,,,,,90.60%,,,,,,,,,0.95,0.25,66,67,24.2,28.4,20.9,16.7,7.5,4,2,50,7,1,14.3,,,,,,,,,,,,,,,,,,,,,,,,,,,,,,,,,,,74.50%,81.90%,77.10%,85.00%,,,,,,,,,,,,,,,Raise CW,0,Hit-roll CCW,88.9
Michael Brunner,80.50%,80.90%,80.70%,83.70%,1371,"{""Third"": {""start"": ""2019-01-30"", ""end"": ""2022-10-21"", ""count"": 46}, ""Fourth"": {""start"": ""2022-10-04"", ""end"": ""2024-11-29"", ""count"": 29}}","{""Switzerland"": {""start"": ""2019-01-30"", ""end"": ""2022-04-09"", ""count"": 23}, ""Schwaller"": {""start"": ""2021-04-15"", ""end"": ""2022-04-14"", ""count"": 19}, ""Brunner"": {""start"": ""2022-10-04"", ""end"": ""2024-11-29"", ""count"": 33}}",Right,1995,"St. Gallen, SUI","Appenzell, SUI",,,,92.50%,,92.10%,93.30%,77.70%,79.20%,75.00%,73.80%,78.20%,86.60%,77.80%,78.20%,95.10%,84.60%,71.50%,73.70%,77.90%,75.80%,93.80%,75.00%,76.40%,64.60%,75.00%,,92.90%,93.80%,75.70%,77.80%,,87.50%,85.90%,68.80%,,91.70%,94.60%,78.10%,67.90%,83.30%,50.00%,,,,66.70%,,0.99,0.29,344,325,27,31.4,20.3,25.3,1.7,44,5,11.4,28,1,3.6,,,,,,,,,,,,,,,,,,,,,,,,,,,,,,,,,,,,,,,84.30%,83.20%,,,89.60%,81.80%,77.90%,77.70%,81.20%,82.30%,76.90%,76.60%,,,Promotion CCW,64.6,Wick CW,93.8
Michael Goodfellow,88.40%,88.40%,88.40%,72.40%,804,"{""Lead"": {""start"": ""2014-02-10"", ""end"": ""2019-11-22"", ""count"": 32}}","{""GBR"": {""start"": ""2014-02-10"", ""end"": ""2014-02-21"", ""count"": 11}, ""Scotland"": {""start"": ""2017-04-01"", ""end"": ""2019-11-22"", ""count"": 21}}",Right,1988,,"Stirling, SCO",,,,98.00%,95.30%,80.00%,83.10%,86.40%,89.40%,66.70%,37.50%,81.50%,85.80%,70.80%,85.30%,,,,,80.00%,81.20%,65.60%,67.40%,50.00%,,96.20%,98.90%,,54.20%,83.30%,96.40%,,,,0.00%,50.00%,,,,,,,,66.70%,78.30%,,,1.1,0.27,192,208,33.3,31.7,21.2,15.1,18.2,13,3,23.1,19,0,0,,,,,,,,,,,,,,,,,,,,,,,,,,,,,88.80%,73.50%,,,,,92.10%,84.80%,,,91.20%,77.70%,,,,,,,,,,,,,Freeze CCW,37.5,Draw CCW,89.4
Michaela Robert,72.10%,78.50%,75.40%,76.20%,250,"{""Third"": {""start"": ""2020-03-11"", ""end"": ""2020-03-15"", ""count"": 5}, ""Lead"": {""start"": ""2023-05-02"", ""end"": ""2023-05-05"", ""count"": 4}}","{""Queens (w)"": {""start"": ""2020-03-11"", ""end"": ""2020-03-15"", ""count"": 5}, ""Ladouceur"": {""start"": ""2023-05-02"", ""end"": ""2023-05-05"", ""count"": 4}}",Right,2000,,,,,,95.20%,94.10%,84.40%,77.80%,70.90%,78.90%,58.30%,66.70%,65.20%,79.60%,65.00%,68.80%,80.00%,92.50%,37.50%,35.00%,12.50%,0.00%,,,,,95.00%,,75.00%,,83.30%,84.40%,,,,,50.00%,,,,,25.00%,25.00%,,,,,,1.15,0.31,55,65,32.7,35.4,23.1,27.3,5.4,5,1,20,4,0,0,,,,,,,,,,,,,,,,,,,,,,,,,,,,,,,,,,,,,,,,,72.30%,67.60%,,,,,90.40%,82.50%,,,,,Raise CCW,0,Guard CW,84.4
Michelle Dykstra,72.40%,67.50%,69.90%,75.60%,198,"{""Second"": {""start"": ""2013-02-16"", ""end"": ""2013-02-22"", ""count"": 7}}","{""AB (Moore)"": {""start"": ""2013-02-16"", ""end"": ""2013-02-22"", ""count"": 7}}",Right,1987,"Grande Prairie, AB","Grande Prairie, AB","Registered Nurse, Alberta Health Services",Peace Wapiti Academy,Grande Prairie Regional College,80.60%,75.00%,75.00%,66.70%,63.30%,66.70%,75.00%,,82.60%,71.70%,64.60%,57.10%,96.40%,70.80%,65.00%,81.20%,50.00%,60.70%,,,,,85.00%,,75.00%,75.00%,62.50%,75.00%,,,,,,,75.00%,,50.00%,,,83.30%,,,,,0.8,0.13,60,38,18.3,47.4,10.5,26.7,-8.4,8,1,12.5,3,2,66.7,,,,,,,,,,,,,,,,,,,,,,,,,,,68.10%,71.40%,,,,,,,,,,,,,,,,,,,,,,,,,Raise CW,50,Take-out CW,82.6
Michelle Englot,76.40%,76.00%,76.20%,72.70%,799,"{""Fourth"": {""start"": ""2012-02-18"", ""end"": ""2018-02-02"", ""count"": 28}}","{""SK (Englot)"": {""start"": ""2012-02-18"", ""end"": ""2012-02-23"", ""count"": 6}, ""Englot"": {""start"": ""2017-12-02"", ""end"": ""2017-12-08"", ""count"": 7}, ""MB (Englot)"": {""start"": ""2017-02-18"", ""end"": ""2017-02-26"", ""count"": 8}, ""CA"": {""start"": ""2018-01-27"", ""end"": ""2018-02-02"", ""count"": 7}}",Right,1964,"Montmartre, SK","Regina, SK",,,,,,89.30%,79.50%,73.40%,71.10%,77.90%,81.20%,78.20%,79.60%,73.60%,76.20%,86.40%,95.50%,71.10%,58.30%,70.70%,65.00%,,,,,,,,58.30%,80.00%,75.00%,87.50%,70.00%,65.00%,75.00%,87.50%,70.00%,,,,37.50%,50.00%,62.50%,,,,,1.25,0.36,187,209,36.9,28.2,25.4,19.3,17.6,17,3,17.6,22,3,13.6,,,,,,,,,,,,,,,,,,,,,,,,,77.00%,75.70%,,,,,,,,,72.30%,76.20%,80.10%,79.20%,,,,,,,,,,,,,,,Double CCW,58.3,Guard CW,89.3
Mihriban Polat,73.30%,79.30%,75.90%,57.10%,268,"{""Second"": {""start"": ""2021-11-22"", ""end"": ""2023-03-20"", ""count"": 6}, ""Lead"": {""start"": ""2021-12-16"", ""end"": ""2022-11-21"", ""count"": 7}}","{""Turkey"": {""start"": ""2021-11-22"", ""end"": ""2022-03-25"", ""count"": 6}, ""Türkiye"": {""start"": ""2022-11-18"", ""end"": ""2022-11-21"", ""count"": 4}, ""TUR (Yildiz)"": {""start"": ""2023-03-19"", ""end"": ""2023-03-20"", ""count"": 2}}",Right,,,,,,,89.50%,87.00%,82.10%,75.00%,76.20%,85.30%,,,66.70%,66.70%,69.40%,62.50%,88.90%,80.60%,40.00%,75.00%,55.00%,50.00%,33.30%,,0.00%,,90.00%,91.70%,,25.00%,63.90%,82.10%,,,,75.00%,,,,25.00%,50.00%,,,25.00%,0.00%,,,,0.89,0.28,64,65,23.4,20,21.5,31.2,-7.8,13,3,23.1,5,1,20,,,,,,,,,,,,,,,,,,,,,,,,,,,,,,,,,,,,,,,,,,,72.40%,58.90%,85.50%,68.90%,74.10%,68.00%,,,,,Promotion CW,0,Draw CCW,85.3
Mike Armstrong,84.20%,82.00%,83.50%,88.60%,406,"{""Lead"": {""start"": ""2012-03-03"", ""end"": ""2012-03-08"", ""count"": 6}, ""Second"": {""start"": ""2023-03-04"", ""end"": ""2023-05-05"", ""count"": 9}}","{""SK (Manners)"": {""start"": ""2012-03-03"", ""end"": ""2012-03-08"", ""count"": 6}, ""SK (Knapp)"": {""start"": ""2023-03-04"", ""end"": ""2023-03-09"", ""count"": 6}, ""Knapp"": {""start"": ""2023-05-03"", ""end"": ""2023-05-05"", ""count"": 3}}",Right,1989,,,,,,96.50%,93.80%,88.50%,95.00%,81.20%,82.00%,84.50%,67.20%,81.50%,76.40%,73.20%,76.70%,95.00%,92.90%,91.70%,78.60%,54.20%,66.70%,,,,,92.90%,,,,81.20%,70.80%,,,,,,25.00%,87.50%,93.80%,,,,,,,,,0.86,0.24,100,100,18,35,21,24,-6,15,2,13.3,5,1,20,,,,,,,,,,,,,,,,,,,,,,,,,87.90%,80.20%,,,,,,,,,,,,,,,,,,,,,81.80%,77.80%,,,,,Raise CW,54.2,Guard CCW,95
Mike Bardsley,80.60%,80.40%,80.50%,87.90%,200,"{""Second"": {""start"": ""2012-03-03"", ""end"": ""2012-03-08"", ""count"": 6}}","{""NS (Murphy)"": {""start"": ""2012-03-03"", ""end"": ""2012-03-08"", ""count"": 6}}",Right,1980,"Halifax, NS","Bedford, NS","Brand Strategist, Revolve",,St. Mary's University,92.30%,96.90%,96.40%,68.80%,70.00%,87.50%,71.20%,60.00%,79.40%,86.80%,82.70%,71.40%,84.10%,84.10%,83.30%,72.50%,58.30%,66.70%,,,,,66.70%,87.50%,,,,,50.00%,62.50%,,,,,,,,,,,,,,,1.3,0.12,46,50,37,46,10,21.7,15.3,7,1,14.3,4,0,0,,,,,,,,,,,,,,,,,,,,,,,,,81.60%,79.90%,,,,,,,,,,,,,,,,,,,,,,,,,,,Raise CW,58.3,Guard CW,96.4
Mike Dillon,82.70%,83.00%,82.80%,74.20%,557,"{""Lead"": {""start"": ""2003-03-01"", ""end"": ""2011-03-10"", ""count"": 13}, ""Second"": {""start"": ""2011-03-05"", ""end"": ""2011-03-10"", ""count"": 6}}","{""PEI (Campbell)"": {""start"": ""2003-03-01"", ""end"": ""2003-03-06"", ""count"": 6}, ""PEI(MacDonald)"": {""start"": ""2006-03-11"", ""end"": ""2006-03-16"", ""count"": 6}, ""PE (Mackenzie)"": {""start"": ""2011-03-05"", ""end"": ""2011-03-10"", ""count"": 6}}",Left,1965,"Charlottetown, PEI",,,,,94.50%,95.50%,84.00%,82.10%,81.70%,79.00%,77.40%,77.00%,80.70%,86.00%,79.20%,78.60%,75.00%,79.50%,79.20%,43.80%,72.60%,70.00%,52.30%,50.00%,,,89.30%,96.70%,,62.50%,50.00%,81.20%,83.30%,,,,,,,,,,,,53.60%,0.00%,,,0.93,0.16,141,136,22.7,30.9,14.7,27.7,-5,20,3,15,6,1,16.7,,,,,,,88.10%,80.70%,,,,,87.00%,67.80%,,,,,,,,,80.10%,74.60%,,,,,,,,,,,,,,,,,,,,,,,,,,,,,Double CCW,43.8,Take-out CCW,86
Mike Gaudet,73.60%,72.40%,73.00%,64.00%,575,"{""Fourth"": {""start"": ""2004-03-06"", ""end"": ""2012-03-08"", ""count"": 12}, ""Third"": {""start"": ""2011-03-05"", ""end"": ""2011-03-10"", ""count"": 6}}","{""PE (Gaudet)"": {""start"": ""2004-03-06"", ""end"": ""2012-03-08"", ""count"": 12}, ""PE (Mackenzie)"": {""start"": ""2011-03-05"", ""end"": ""2011-03-10"", ""count"": 6}}",Right,1972,,,,,,,85.00%,84.20%,76.80%,76.60%,70.20%,68.30%,74.20%,79.90%,78.10%,67.00%,70.60%,86.40%,92.90%,53.30%,53.60%,44.40%,53.60%,,,,,,,58.30%,66.70%,67.90%,79.40%,81.20%,35.00%,75.00%,,50.00%,50.00%,,,25.00%,68.80%,0.00%,66.70%,,,,,0.94,0.2,144,141,21.5,27,17.7,29.9,-8.4,23,1,4.3,8,4,50,,,,,,,,,75.30%,74.00%,,,,,,,,,,,,,70.40%,71.60%,77.70%,70.10%,,,,,,,,,,,,,,,,,,,,,,,,,,,Raise CW,44.4,Guard CW,84.2
Mike Harris,72.70%,78.50%,76.00%,92.60%,201,"{""Fourth"": {""start"": ""2004-03-06"", ""end"": ""2004-03-11"", ""count"": 6}}","{""ON (Harris)"": {""start"": ""2004-03-06"", ""end"": ""2004-03-11"", ""count"": 6}}",Right,1967,"Georgetown, ON",,,,,,,33.30%,,64.40%,70.30%,80.00%,37.50%,79.80%,87.30%,90.00%,77.50%,,,75.00%,,66.70%,50.00%,,,,,,,,,83.30%,70.00%,,,,87.50%,,,,,,,,,,,,,1.33,0.26,46,53,43.5,47.2,20.8,21.7,21.8,2,0,0,6,2,33.3,,,,,,,,,67.50%,82.50%,,,,,,,,,,,,,,,,,,,,,,,,,,,,,,,,,,,,,,,,,,,Guard CW,33.3,Hit-roll CW,90
Mike Jakubo,72.50%,70.40%,71.40%,67.60%,200,"{""Fourth"": {""start"": ""2009-03-07"", ""end"": ""2009-03-12"", ""count"": 6}}","{""N.Ont (Jakubo)"": {""start"": ""2009-03-07"", ""end"": ""2009-03-12"", ""count"": 6}}",Right,,,,,,,,,87.50%,,63.50%,66.70%,66.70%,59.10%,83.10%,77.60%,71.20%,47.20%,,,70.00%,,81.20%,35.00%,,,,,,,,,91.70%,75.00%,50.00%,,75.00%,66.70%,,25.00%,,,,,25.00%,,,,,,0.85,0.13,54,45,18.5,33.3,8.9,24.1,-5.6,7,0,0,1,0,0,,,,,,,,,,,,,,,,,,,65.60%,75.70%,,,,,,,,,,,,,,,,,,,,,,,,,,,,,,,,,Raise CCW,35,Guard CW,87.5
Mike Kennedy,76.70%,78.40%,77.60%,78.30%,770,"{""Third"": {""start"": ""2008-03-08"", ""end"": ""2008-03-13"", ""count"": 6}, ""Second"": {""start"": ""2014-11-10"", ""end"": ""2014-11-14"", ""count"": 5}, ""Fourth"": {""start"": ""2016-03-05"", ""end"": ""2017-03-10"", ""count"": 14}}","{""N.B. (Grattan)"": {""start"": ""2008-03-08"", ""end"": ""2008-03-13"", ""count"": 6}, ""QC (Wharry)"": {""start"": ""2014-11-10"", ""end"": ""2014-11-14"", ""count"": 5}, ""NB (Kennedy)"": {""start"": ""2016-03-05"", ""end"": ""2017-03-10"", ""count"": 14}}",Right,,,,,,,88.90%,70.80%,82.50%,89.30%,72.10%,76.80%,72.70%,77.50%,82.00%,84.90%,74.50%,77.80%,94.10%,73.70%,50.00%,56.00%,63.30%,69.40%,,,,,,75.00%,91.70%,96.40%,58.30%,83.30%,68.80%,,88.90%,83.30%,58.30%,87.50%,,85.00%,50.00%,33.30%,75.00%,75.00%,,,,,1.05,0.16,192,187,29.2,33.2,12.8,20.8,8.4,23,1,4.3,11,2,18.2,,,,,,,,,,,,,,,,,76.30%,78.10%,,,,,,,,,,,68.60%,75.30%,,,80.70%,84.10%,78.70%,75.00%,,,,,,,,,,,,,,,,,Double CW,50,Guard CCW,89.3
Mike Mcewen,82.70%,84.00%,83.40%,80.20%,3944,"{""Fourth"": {""start"": ""2015-12-02"", ""end"": ""2025-04-12"", ""count"": 175}, ""Third"": {""start"": ""2018-02-04"", ""end"": ""2018-02-04"", ""count"": 1}}","{""McEwen"": {""start"": ""2015-12-02"", ""end"": ""2025-04-12"", ""count"": 91}, ""MB (McEwen)"": {""start"": ""2016-03-05"", ""end"": ""2022-03-11"", ""count"": 25}, ""WC (McEwen)"": {""start"": ""2018-03-03"", ""end"": ""2020-03-07"", ""count"": 15}, ""Carruthers"": {""start"": ""2018-12-05"", ""end"": ""2018-12-07"", ""count"": 3}, ""M McEwen"": {""start"": ""2018-02-04"", ""end"": ""2018-02-04"", ""count"": 1}, ""MB"": {""start"": ""2019-03-02"", ""end"": ""2019-03-08"", ""count"": 7}, ""R. Carruthers"": {""start"": ""2019-02-10"", ""end"": ""2019-02-10"", ""count"": 1}, ""WC1 (McEwen)"": {""start"": ""2020-02-28"", ""end"": ""2021-03-11"", ""count"": 7}, ""ON (McEwen)"": {""start"": ""2023-03-03"", ""end"": ""2023-03-11"", ""count"": 9}, ""SK (McEwen)"": {""start"": ""2024-03-01"", ""end"": ""2025-03-07"", ""count"": 17}}",Right,1980,"Brandon, MB","Winnipeg, MB",,Crocus Plains,Brandon University,,85.70%,95.10%,90.80%,85.00%,83.70%,84.10%,76.50%,82.90%,86.40%,81.60%,81.20%,96.80%,96.70%,65.90%,71.20%,75.80%,82.10%,,,63.60%,62.50%,,,95.30%,77.10%,86.70%,85.90%,90.60%,61.10%,77.50%,89.10%,86.80%,82.30%,,,63.20%,66.30%,63.60%,86.10%,,,91.70%,0.00%,1.1,0.3,996,954,32.6,34.4,20.5,15.9,16.7,72,6,8.3,99,3,3,,,,,,,,,,,,,,,,,,,,,,,,,,,,,,,82.90%,83.50%,87.10%,86.00%,84.90%,85.80%,81.00%,79.70%,81.90%,81.60%,90.30%,84.60%,82.30%,80.00%,84.80%,76.70%,82.20%,78.80%,87.00%,87.30%,87.50%,80.10%,Promotion CCW,62.5,Guard CW,95.1
Mike Ryan,82.10%,82.70%,82.40%,85.80%,206,"{""Second"": {""start"": ""2001-03-03"", ""end"": ""2001-03-08"", ""count"": 6}}","{""NFLD (Ryan)"": {""start"": ""2001-03-03"", ""end"": ""2001-03-08"", ""count"": 6}}",Right,1964,,,,,,90.00%,91.70%,92.90%,84.60%,76.70%,76.70%,65.00%,83.30%,80.90%,80.60%,82.10%,77.30%,91.70%,95.50%,80.00%,79.20%,87.50%,80.00%,,,,,50.00%,,,85.00%,,62.50%,,,,,,,,,,,,75.00%,,,,,0.78,0.12,54,48,18.5,25,12.5,25.9,-7.4,8,0,0,1,0,0,,,82.40%,82.40%,,,,,,,,,,,,,,,,,,,,,,,,,,,,,,,,,,,,,,,,,,,,,,,,,Freeze CW,65,Guard CW,92.9
Mikkel Krause,73.90%,74.40%,74.10%,74.00%,1339,"{""Third"": {""start"": ""2009-03-14"", ""end"": ""2022-04-08"", ""count"": 8}, ""Fourth"": {""start"": ""2019-11-16"", ""end"": ""2022-11-22"", ""count"": 36}, ""Second"": {""start"": ""2022-04-02"", ""end"": ""2022-04-08"", ""count"": 7}}","{""DEN"": {""start"": ""2009-03-14"", ""end"": ""2014-11-26"", ""count"": 7}, ""Denmark"": {""start"": ""2019-11-16"", ""end"": ""2022-11-22"", ""count"": 35}, ""DEN (Krause)"": {""start"": ""2022-02-09"", ""end"": ""2022-02-17"", ""count"": 8}}",Right,1988,"Fredriksberg, DEN","Fredriksberg, DEN",,,,,,89.50%,88.50%,74.90%,70.40%,53.10%,18.80%,80.20%,82.60%,68.90%,75.00%,77.00%,90.40%,67.00%,65.50%,63.10%,66.00%,70.00%,0.00%,63.90%,49.30%,,,,87.50%,78.60%,68.50%,50.00%,0.00%,82.10%,86.10%,85.00%,58.30%,78.60%,,62.50%,55.80%,40.00%,,,,58.30%,62.50%,0.96,0.2,335,328,24.5,29,16.2,25.7,-1.2,48,5,10.4,16,5,31.2,,,,,,,,,,,,,,,,,,,52.10%,71.90%,,,,,,,,,67.90%,70.70%,,,,,,,,,72.50%,73.80%,,,72.80%,75.70%,81.60%,72.90%,,,,,,,Wick CCW,0,Guard CW,89.5
Mikkel Poulsen,79.90%,84.30%,82.50%,78.30%,1089,"{""Second"": {""start"": ""2010-02-18"", ""end"": ""2018-02-21"", ""count"": 36}, ""Lead"": {""start"": ""2010-02-19"", ""end"": ""2014-02-17"", ""count"": 8}}","{""DEN"": {""start"": ""2010-02-18"", ""end"": ""2014-02-17"", ""count"": 12}, ""Denmark"": {""start"": ""2016-04-03"", ""end"": ""2017-12-10"", ""count"": 19}, ""DEN (Stjerne)"": {""start"": ""2018-02-14"", ""end"": ""2018-02-21"", ""count"": 7}}",Right,1984,"Hvidovre, DEN","Hvidovre, DEN",Student,,,,96.80%,76.70%,89.50%,69.70%,79.00%,,,81.60%,88.60%,70.00%,73.80%,96.90%,91.00%,72.00%,74.30%,53.80%,65.40%,0.00%,95.00%,66.70%,65.60%,,97.40%,62.50%,90.00%,77.80%,78.60%,,,0.00%,,75.00%,81.20%,96.90%,96.70%,50.00%,83.30%,,83.30%,,,,37.50%,1.05,0.23,273,256,31.9,31.2,16.4,16.1,15.8,25,4,16,21,3,14.3,,,,,,,,,,,,,,,,,,,,,80.30%,80.50%,,,,,,,84.20%,77.30%,,,80.00%,82.90%,77.20%,86.00%,88.70%,82.60%,,,,,,,,,,,,,,,Wick CW,0,Wick CCW,95
Mikoto Nakajima,89.40%,81.30%,85.50%,78.70%,318,"{""Lead"": {""start"": ""2024-02-17"", ""end"": ""2025-04-11"", ""count"": 18}}","{""Tabata"": {""start"": ""2024-11-05"", ""end"": ""2025-04-11"", ""count"": 16}, ""JPN (Tabata)"": {""start"": ""2024-02-17"", ""end"": ""2024-02-24"", ""count"": 2}}",Right,,,,,,,92.70%,84.00%,95.80%,93.30%,90.70%,84.30%,58.30%,52.50%,79.80%,77.60%,87.50%,50.00%,,,,50.00%,,50.00%,,,,,90.00%,56.20%,83.30%,,,79.20%,,,,0.00%,,,,,,,,,,,,,0.85,0.26,78,72,28.2,36.1,18.1,33.3,-5.1,11,0,0,3,1,33.3,,,,,,,,,,,,,,,,,,,,,,,,,,,,,,,,,,,,,,,,,,,,,,,,,83.80%,69.30%,90.50%,80.80%,Hit-roll CCW,50,Guard CW,95.8
Miku Nihira,80.90%,76.60%,78.80%,77.10%,334,"{""Third"": {""start"": ""2024-02-17"", ""end"": ""2025-04-11"", ""count"": 19}}","{""Tabata"": {""start"": ""2024-11-05"", ""end"": ""2025-04-11"", ""count"": 17}, ""JPN (Tabata)"": {""start"": ""2024-02-17"", ""end"": ""2024-02-24"", ""count"": 2}}",Right,,,,,,,,,96.20%,89.80%,76.60%,61.40%,75.00%,70.00%,79.70%,77.70%,76.60%,76.00%,97.70%,,80.60%,71.90%,85.00%,83.30%,,,56.20%,61.10%,,,91.70%,87.50%,,91.70%,,41.70%,66.70%,65.00%,,58.30%,,,,,,50.00%,,,,50.00%,0.85,0.25,82,76,28,36.8,17.1,32.9,-4.9,12,0,0,3,1,33.3,,,,,,,,,,,,,,,,,,,,,,,,,,,,,,,,,,,,,,,,,,,,,,,,,80.10%,80.40%,80.50%,75.00%,Promotion CW,56.2,Guard CW,96.2
Mili Smith,76.90%,80.40%,78.70%,87.30%,562,"{""Second"": {""start"": ""2017-02-16"", ""end"": ""2019-03-22"", ""count"": 20}, ""Lead"": {""start"": ""2021-11-20"", ""end"": ""2021-11-22"", ""count"": 2}}","{""Scotland"": {""start"": ""2017-02-16"", ""end"": ""2021-11-22"", ""count"": 22}}",Right,,,,,,,90.60%,98.10%,75.00%,91.70%,68.20%,75.40%,,75.00%,82.80%,86.30%,79.20%,77.10%,89.70%,85.20%,60.00%,63.20%,73.20%,62.50%,,,16.70%,25.00%,93.80%,,62.50%,,73.10%,,,,,,,62.50%,87.50%,,,,,91.70%,,,0.00%,,0.93,0.36,148,124,28.4,30.6,25,24.3,4.1,13,1,7.7,11,2,18.2,,,,,,,,,,,,,,,,,,,,,,,,,,,,,,,,,,,77.10%,77.80%,,,75.60%,81.50%,,,93.80%,100.00%,,,,,,,,,Promotion CW,16.7,Guard CCW,91.7
Minori Suzuki,78.20%,80.70%,79.50%,77.90%,620,"{""Third"": {""start"": ""2019-02-21"", ""end"": ""2022-03-25"", ""count"": 2}, ""Fourth"": {""start"": ""2020-02-15"", ""end"": ""2020-02-22"", ""count"": 7}, ""Second"": {""start"": ""2022-03-19"", ""end"": ""2025-01-17"", ""count"": 12}, ""Lead"": {""start"": ""2022-03-20"", ""end"": ""2025-01-15"", ""count"": 13}}","{""Japan"": {""start"": ""2019-02-21"", ""end"": ""2022-03-25"", ""count"": 14}, ""Kitazawa"": {""start"": ""2023-10-17"", ""end"": ""2025-01-17"", ""count"": 17}}",Right,,,,,,,90.40%,97.00%,87.50%,85.60%,76.80%,79.50%,65.00%,88.90%,76.20%,73.20%,72.70%,78.80%,83.00%,86.10%,58.30%,61.40%,66.70%,67.30%,,,,50.00%,80.00%,,91.70%,,85.00%,84.70%,50.00%,50.00%,75.00%,80.00%,75.00%,75.00%,,,,,0.00%,,,,,,1.09,0.41,141,162,28.4,30.2,30.2,21.3,7.1,15,3,20,14,0,0,,,,,,,,,,,,,,,,,,,,,,,,,,,,,,,,,,,,,,,72.70%,63.90%,69.00%,73.10%,,,84.00%,76.40%,90.20%,75.00%,92.20%,70.60%,77.30%,83.80%,Promotion CCW,50,Freeze CCW,88.9
Mirjam Ott,79.70%,75.50%,77.70%,70.90%,458,"{""Fourth"": {""start"": ""2006-02-22"", ""end"": ""2014-02-20"", ""count"": 20}}","{""SUI"": {""start"": ""2006-02-22"", ""end"": ""2014-02-20"", ""count"": 20}}",Right,1972,"Bern, SUI","Laax, SUI",,,,,0.00%,83.90%,91.70%,74.10%,73.00%,,,91.10%,83.70%,78.80%,79.30%,94.40%,68.80%,71.20%,72.50%,75.00%,57.40%,91.70%,,39.30%,25.00%,,0.00%,91.70%,62.50%,64.60%,62.50%,,,90.00%,75.00%,,75.00%,,,50.00%,,,50.00%,,,,,1.13,0.32,112,117,35.7,39.3,17.9,17,18.7,9,7,77.8,9,0,0,,,,,,,,,,,,,88.60%,84.80%,,,,,,,72.90%,76.90%,,,,,,,75.60%,80.10%,,,,,,,,,,,,,,,,,,,,,,,Promotion CCW,25,Guard CCW,91.7
Minji Kim,83.10%,81.50%,82.30%,85.70%,2005,"{""Fourth"": {""start"": ""2021-04-20"", ""end"": ""2021-04-23"", ""count"": 4}, ""Third"": {""start"": ""2022-04-12"", ""end"": ""2025-03-23"", ""count"": 93}}","{""Kim"": {""start"": ""2021-04-20"", ""end"": ""2021-04-23"", ""count"": 4}, ""Gim"": {""start"": ""2022-04-12"", ""end"": ""2024-10-05"", ""count"": 68}, ""KOR (Gim)"": {""start"": ""2024-03-16"", ""end"": ""2025-03-23"", ""count"": 25}}",,,,,,,,93.80%,93.50%,90.90%,88.30%,77.90%,80.60%,79.70%,79.00%,87.40%,82.00%,81.40%,77.40%,94.40%,93.50%,69.10%,67.40%,75.00%,74.40%,75.00%,,77.90%,75.00%,,,96.40%,80.00%,60.00%,87.50%,75.00%,85.00%,83.10%,85.00%,85.00%,71.90%,97.50%,96.50%,69.20%,72.10%,87.50%,93.80%,,,,87.50%,1.26,0.32,493,482,40.2,38.4,21.8,79.7,19.9,29,5,17.2,63,2,3.2,,,,,,,,,,,,,,,,,,,,,,,,,,,,,,,,,,,,,,,,,,,74.10%,67.30%,80.90%,79.60%,85.90%,84.60%,81.40%,81.90%,84.10%,85.60%,Double CCW,67.4,Guard CW,90.9
Mitchell Cortello,71.40%,80.10%,76.20%,80.30%,328,"{""Third"": {""start"": ""2017-04-18"", ""end"": ""2017-04-22"", ""count"": 5}, ""Second"": {""start"": ""2020-01-18"", ""end"": ""2020-01-23"", ""count"": 6}}","{""NS (Abraham)"": {""start"": ""2017-04-18"", ""end"": ""2017-04-22"", ""count"": 5}, ""NO"": {""start"": ""2020-01-18"", ""end"": ""2020-01-23"", ""count"": 6}}",Right,,,,,,,90.00%,,81.20%,85.90%,62.20%,74.20%,85.70%,75.00%,73.20%,84.20%,70.00%,72.40%,77.10%,85.30%,58.30%,62.50%,75.00%,50.00%,,,,,83.30%,,75.00%,87.50%,75.00%,62.50%,,,70.00%,87.50%,,,83.30%,75.00%,,50.00%,,75.00%,,,,,0.99,0.34,75,82,29.3,30.5,22,24,5.3,6,0,0,9,0,0,,,,,,,,,,,,,,,,,,,,,,,,,,,,,,,,,,,72.70%,72.80%,,,,,76.20%,80.50%,,,,,,,,,,,Raise CCW,50,Guard CCW,85.9
Miyu Ueno,72.00%,74.10%,73.10%,64.60%,383,"{""Fourth"": {""start"": ""2024-03-16"", ""end"": ""2024-11-01"", ""count"": 13}}","{""JPN (Ueno)"": {""start"": ""2024-03-16"", ""end"": ""2024-11-01"", ""count"": 13}}",Right,2001,"Karuizawa, JPN","Karuizawa, JPN",Office Worker,,,,,83.30%,75.00%,77.10%,76.80%,0.00%,,86.00%,78.70%,75.00%,91.70%,65.00%,75.00%,59.50%,78.80%,54.80%,65.00%,,,25.00%,35.90%,,,,75.00%,79.20%,90.00%,,,62.50%,56.20%,,,,50.00%,25.00%,,66.70%,0.00%,,,,0.00%,1.13,0.24,94,95,33,33.7,21.1,22.3,10.7,7,0,0,10,2,20,,,,,,,,,,,,,,,,,,,,,,,,,,,,,,,,,,,,,,,,,,,,,,,,,76.60%,70.70%,,,Freeze CW,0,Hit-roll CCW,91.7
Momoha Tabata,70.40%,73.30%,71.80%,73.60%,323,"{""Fourth"": {""start"": ""2024-02-17"", ""end"": ""2025-04-11"", ""count"": 19}}","{""Tabata"": {""start"": ""2024-11-05"", ""end"": ""2025-04-11"", ""count"": 17}, ""JPN (Tabata)"": {""start"": ""2024-02-17"", ""end"": ""2024-02-24"", ""count"": 2}}",Right,,,,,,,,,90.60%,90.00%,67.70%,71.50%,75.00%,75.00%,76.70%,80.50%,55.70%,69.00%,95.80%,50.00%,79.20%,70.80%,46.90%,66.70%,,,54.20%,58.30%,,,,90.00%,25.00%,81.20%,,,83.30%,91.70%,58.30%,62.50%,75.00%,,83.30%,50.00%,,83.30%,,,,,0.85,0.25,82,76,28,36.8,17.1,32.9,-4.9,12,0,0,3,1,33.3,,,,,,,,,,,,,,,,,,,,,,,,,,,,,,,,,,,,,,,,,,,,,,,,,74.30%,68.40%,71.60%,73.30%,Raise CW,46.9,Guard CW,90.6
Monica Walker,82.50%,82.90%,82.70%,79.50%,775,"{""Third"": {""start"": ""2015-03-14"", ""end"": ""2015-03-19"", ""count"": 4}, ""Fourth"": {""start"": ""2015-03-16"", ""end"": ""2015-03-19"", ""count"": 4}, ""Lead"": {""start"": ""2018-03-17"", ""end"": ""2019-03-22"", ""count"": 18}}","{""USA"": {""start"": ""2015-03-14"", ""end"": ""2015-03-19"", ""count"": 6}, ""USA (Sinclair)"": {""start"": ""2018-03-17"", ""end"": ""2019-03-22"", ""count"": 18}}",Right,1987,"Concord, MA","Brighton, MA","Quality Control, Biogen Idec",,Simmons School of Management,92.10%,95.60%,85.80%,76.20%,85.00%,80.90%,56.20%,,79.30%,81.20%,80.80%,80.30%,60.00%,,50.00%,25.00%,50.00%,59.40%,67.30%,68.10%,55.00%,,92.10%,97.70%,87.50%,,88.30%,88.90%,,,,60.00%,,,,,,,43.80%,,41.70%,75.00%,,,1.06,0.33,179,200,28.5,30.5,25.5,22.3,6.2,23,7,30.4,14,1,7.1,,,,,,,,,,,,,,,,,,,,,,,,,,,,,,,76.70%,69.90%,,,,,90.60%,73.00%,85.20%,79.90%,,,,,,,,,,,,,Double CCW,25,Guard CW,85.8
Nadine Lehmann,78.00%,78.00%,78.00%,78.40%,460,"{""Third"": {""start"": ""2015-03-14"", ""end"": ""2017-03-23"", ""count"": 14}}","{""SUI"": {""start"": ""2015-03-14"", ""end"": ""2015-03-22"", ""count"": 8}, ""Switzerland"": {""start"": ""2017-03-18"", ""end"": ""2017-03-23"", ""count"": 6}}",Right,1990,,,,,,91.70%,,80.90%,92.90%,68.30%,73.50%,75.00%,,79.50%,79.70%,72.70%,74.20%,93.50%,85.00%,63.20%,62.50%,70.80%,89.30%,,,72.20%,66.70%,,,,91.70%,68.80%,91.70%,,,75.00%,,75.00%,50.00%,94.40%,82.50%,50.00%,,75.00%,,,,0.00%,,1.17,0.36,110,110,35.5,40.9,20.9,16.4,19.1,7,1,14.3,15,1,6.7,,,,,,,,,,,,,,,,,,,,,,,,,,,,,,,72.50%,81.50%,,,78.00%,75.00%,,,,,,,,,,,,,,,,,Double CCW,62.5,Guard CCW,92.9
Nadine Scotland,83.10%,81.90%,82.50%,73.60%,761,"{""Fourth"": {""start"": ""2017-11-06"", ""end"": ""2017-11-11"", ""count"": 6}, ""Lead"": {""start"": ""2020-02-15"", ""end"": ""2022-04-15"", ""count"": 26}}","{""Scotland"": {""start"": ""2017-11-06"", ""end"": ""2017-11-11"", ""count"": 6}, ""AB (Walker)"": {""start"": ""2020-02-15"", ""end"": ""2022-02-03"", ""count"": 11}, ""Walker"": {""start"": ""2021-11-02"", ""end"": ""2022-04-15"", ""count"": 15}}",Right,1990,,,,,,90.60%,90.90%,95.60%,89.10%,78.50%,79.80%,66.70%,84.40%,82.30%,81.80%,64.30%,81.70%,89.30%,92.30%,91.70%,58.30%,33.30%,45.00%,75.00%,51.70%,,,95.00%,84.40%,,,87.50%,69.20%,0.00%,,83.30%,65.00%,,,,,,,,25.00%,66.70%,54.50%,,,1.06,0.36,185,188,30.3,34.6,24.5,21.6,8.7,17,2,11.8,19,3,15.8,,,,,,,,,,,,,,,,,,,,,,,,,,,,,,,,,,,72.30%,81.00%,,,,,90.70%,82.60%,87.10%,64.00%,83.50%,73.60%,,,,,,,Raise CW,33.3,Guard CW,95.6
Nancy Martin,75.00%,77.50%,76.30%,74.10%,472,"{""Third"": {""start"": ""2021-02-20"", ""end"": ""2021-10-31"", ""count"": 14}, ""Fourth"": {""start"": ""2022-10-18"", ""end"": ""2023-10-20"", ""count"": 6}}","{""Anderson"": {""start"": ""2021-10-25"", ""end"": ""2021-10-31"", ""count"": 7}, ""SK (Anderson)"": {""start"": ""2021-02-20"", ""end"": ""2021-02-27"", ""count"": 7}, ""Martin"": {""start"": ""2022-10-18"", ""end"": ""2023-10-20"", ""count"": 6}}",Right,1973,"Rose Town, SK","Saskatoon, SK","Civil Servant, Correctional Service of Canada",St. Benedict,University of Saskatchewan,87.50%,91.70%,96.10%,85.70%,69.30%,81.90%,71.40%,62.50%,75.30%,76.40%,72.50%,75.00%,70.00%,88.40%,78.60%,64.60%,75.00%,42.50%,,,,,,,96.40%,25.00%,55.60%,84.40%,25.00%,,60.00%,,,,,78.10%,,,87.50%,25.00%,,,,,0.97,0.41,120,108,26.7,38.9,27.8,31.7,-5,10,2,20,11,2,18.2,,,,,,,,,,,,,,,,,,,,,,,,,,,,,,,,,,,,,,,,,,,79.40%,75.90%,81.20%,65.00%,72.10%,71.90%,,,,,Raise CCW,42.5,Guard CW,96.1
Naomi Brown,79.10%,76.00%,77.60%,76.00%,709,"{""Third"": {""start"": ""2015-02-28"", ""end"": ""2019-03-22"", ""count"": 28}, ""Fourth"": {""start"": ""2019-03-17"", ""end"": ""2019-03-17"", ""count"": 1}}","{""SCO"": {""start"": ""2015-02-28"", ""end"": ""2015-03-08"", ""count"": 6}, ""Scotland"": {""start"": ""2016-03-09"", ""end"": ""2019-03-22"", ""count"": 22}}",Right,,,,,,,97.90%,,88.60%,76.80%,76.50%,66.50%,25.00%,56.20%,80.90%,81.80%,80.00%,82.20%,86.30%,95.00%,69.80%,62.50%,53.10%,75.00%,,50.00%,78.60%,37.50%,96.90%,,87.50%,91.70%,79.50%,63.90%,,75.00%,91.70%,91.70%,75.00%,62.50%,,83.30%,66.70%,0.00%,50.00%,,,,,,0.91,0.34,180,166,25.6,31.9,25.3,23.9,1.7,19,1,5.3,12,2,16.7,,,,,,,,,,,,,,,,,,,,,,,,,,,,,,,71.20%,74.00%,76.10%,81.20%,83.30%,78.80%,,,67.60%,81.50%,,,,,,,,,,,,,Freeze CW,25,Guard CW,88.6
Natalie Nicholson,90.40%,82.70%,85.60%,88.00%,205,"{""Lead"": {""start"": ""2016-03-19"", ""end"": ""2016-03-24"", ""count"": 6}}","{""USA (Brown)"": {""start"": ""2016-03-19"", ""end"": ""2016-03-24"", ""count"": 6}}",Right,1976,"Bemidji, MN","Bemidji, MN",Nurse practitioner,,University of North Dakota,,91.90%,75.00%,75.00%,83.70%,88.80%,,,91.10%,84.20%,68.80%,66.70%,,75.00%,,62.50%,,75.00%,50.00%,50.00%,,,,96.90%,,,,,,,,,,,,,,,,,,42.90%,,,1.1,0.19,48,54,31.2,42.6,14.8,10.4,20.8,2,0,0,3,0,0,,,,,,,,,,,,,,,,,,,,,,,,,,,,,,,,,90.30%,75.00%,,,,,,,,,,,,,,,,,,,Wick CW,50,Take-out CW,91.1
Nathan Steele,85.60%,82.70%,84.40%,89.90%,490,"{""Second"": {""start"": ""2020-01-18"", ""end"": ""2023-10-20"", ""count"": 10}, ""Third"": {""start"": ""2022-03-31"", ""end"": ""2022-04-01"", ""count"": 2}, ""Lead"": {""start"": ""2024-09-25"", ""end"": ""2025-03-06"", ""count"": 12}}","{""ON"": {""start"": ""2020-01-18"", ""end"": ""2020-01-23"", ""count"": 6}, ""ON1 (Rooney)"": {""start"": ""2022-03-31"", ""end"": ""2022-04-01"", ""count"": 2}, ""Mooibroek"": {""start"": ""2023-10-17"", ""end"": ""2024-10-05"", ""count"": 10}, ""ON (Mooibroek)"": {""start"": ""2025-03-01"", ""end"": ""2025-03-06"", ""count"": 6}}",Right,2001,,,,,,89.50%,95.20%,65.40%,76.80%,86.80%,80.80%,85.00%,93.80%,84.00%,80.70%,81.20%,83.30%,94.70%,97.70%,89.30%,50.00%,45.80%,83.30%,,25.00%,,,,87.50%,,,83.30%,87.50%,,,80.00%,57.10%,,,,,,,62.50%,,,,,,1.25,0.38,117,121,37.6,32.2,21.5,19.7,17.9,9,1,11.1,15,0,0,,,,,,,,,,,,,,,,,,,,,,,,,,,,,,,,,,,,,,,,,78.60%,82.80%,,,66.70%,82.30%,80.80%,80.20%,88.50%,80.00%,89.00%,85.30%,Wick CCW,25,Freeze CCW,93.8
Nicholas Bissonnette,84.50%,80.90%,82.50%,90.40%,737,"{""Second"": {""start"": ""2016-01-23"", ""end"": ""2018-01-21"", ""count"": 28}}","{""NO"": {""start"": ""2016-01-23"", ""end"": ""2018-01-21"", ""count"": 16}, ""NO (Horgan)"": {""start"": ""2017-01-22"", ""end"": ""2017-04-22"", ""count"": 12}}",Right,1999,"Barrie, ON","Sudbury, ON",,College Notre-Dame,,95.20%,91.20%,78.60%,88.20%,80.10%,72.40%,70.80%,70.50%,83.90%,79.30%,65.30%,80.10%,94.40%,89.50%,73.30%,85.40%,78.10%,64.60%,,,,,87.50%,,,,81.20%,84.10%,,,,95.80%,,,90.60%,96.00%,,50.00%,,,,,,,1.21,0.39,167,193,37.1,35.2,25.9,18.6,18.5,10,0,0,27,0,0,,,,,,,,,,,,,,,,,,,,,,,,,,,,,,,,,81.20%,82.40%,77.20%,83.90%,81.50%,86.20%,,,,,,,,,,,,,,,Raise CCW,64.6,Guard CCW,88.2
Nicholas Meister,81.10%,87.10%,85.10%,84.00%,709,"{""Lead"": {""start"": ""2016-01-23"", ""end"": ""2022-03-10"", ""count"": 28}}","{""BC"": {""start"": ""2016-01-23"", ""end"": ""2016-01-30"", ""count"": 8}, ""BC (Tardi)"": {""start"": ""2017-01-22"", ""end"": ""2017-01-29"", ""count"": 7}, ""Canada"": {""start"": ""2017-02-16"", ""end"": ""2017-02-24"", ""count"": 8}, ""BC (Pierce)"": {""start"": ""2022-03-05"", ""end"": ""2022-03-10"", ""count"": 5}}",Right,1996,,,,,,97.30%,92.40%,77.50%,85.00%,76.70%,85.90%,87.50%,96.40%,79.20%,85.90%,70.50%,86.70%,37.50%,,,75.00%,60.00%,65.90%,84.40%,55.00%,,,96.40%,,66.70%,,65.60%,83.70%,,,,,,,75.00%,,,,,,82.10%,55.00%,,,1.27,0.41,165,185,40,34.6,25.4,21.8,18.2,10,2,20,24,1,4.2,,,,,,,,,,,,,,,,,,,,,,,,,,,,,,,,,84.60%,75.00%,86.90%,76.80%,,,,,,,,,90.00%,81.80%,,,,,,,Wick CCW,55,Freeze CCW,96.4
Nick Zachernuk,80.90%,83.60%,82.40%,77.60%,1227,"{""Third"": {""start"": ""2016-01-23"", ""end"": ""2016-01-29"", ""count"": 7}, ""Lead"": {""start"": ""2016-03-20"", ""end"": ""2024-03-06"", ""count"": 23}, ""Second"": {""start"": ""2017-01-21"", ""end"": ""2018-01-19"", ""count"": 13}}","{""NS"": {""start"": ""2016-01-23"", ""end"": ""2018-01-19"", ""count"": 14}, ""DAL"": {""start"": ""2016-03-20"", ""end"": ""2018-03-27"", ""count"": 7}, ""NS (Manuel)"": {""start"": ""2017-01-21"", ""end"": ""2024-03-06"", ""count"": 18}, ""Dal (Mayhew)"": {""start"": ""2017-03-18"", ""end"": ""2017-03-21"", ""count"": 4}}",Right,1997,,,,,,89.70%,91.30%,87.10%,86.50%,78.30%,80.10%,82.10%,77.60%,77.40%,81.20%,63.00%,77.30%,89.00%,94.10%,70.50%,82.70%,68.80%,71.90%,50.00%,56.20%,,,92.10%,91.30%,83.30%,75.00%,86.50%,81.60%,,,75.00%,88.90%,,75.00%,90.00%,,,,37.50%,,50.00%,37.50%,,,1.13,0.33,277,325,30.7,32.3,23.4,16.2,14.5,27,9,33.3,29,2,6.9,,,,,,,,,,,,,,,,,,,,,,,,,,,,,,,,,75.20%,80.00%,80.80%,72.90%,84.80%,84.60%,,,,,,,,,88.40%,83.30%,91.80%,76.70%,,,Wick CW,50,Guard CW,87.1
Nicolas Oake,60.00%,75.60%,67.90%,80.90%,246,"{""Fourth"": {""start"": ""2023-03-15"", ""end"": ""2023-03-18"", ""count"": 4}, ""Second"": {""start"": ""2024-03-13"", ""end"": ""2024-03-13"", ""count"": 1}, ""Third"": {""start"": ""2024-03-14"", ""end"": ""2024-03-16"", ""count"": 3}}","{""NAIT - M"": {""start"": ""2023-03-15"", ""end"": ""2024-03-16"", ""count"": 8}}",Right,,,,,,,25.00%,50.00%,67.90%,96.40%,49.30%,82.40%,50.00%,65.60%,64.60%,78.60%,59.70%,56.70%,95.80%,80.00%,56.20%,58.30%,37.50%,75.00%,,,,,,62.50%,87.50%,,16.70%,85.70%,,,,87.50%,,75.00%,,,,,,75.00%,,,,,0.85,0.31,71,51,26.8,37.3,25.5,33.8,-7,10,1,10,6,1,16.7,,,,,,,,,,,,,,,,,,,,,,,,,,,,,,,,,,,,,,,,,,,,,,,62.80%,59.40%,71.60%,76.00%,,,Raise CW,37.5,Guard CCW,96.4
Nicole Baldwin,70.70%,70.40%,70.60%,67.30%,446,"{""Third"": {""start"": ""2014-11-10"", ""end"": ""2015-11-13"", ""count"": 10}, ""Fourth"": {""start"": ""2016-02-19"", ""end"": ""2019-02-20"", ""count"": 6}}","{""YT (Smallwood)"": {""start"": ""2014-11-10"", ""end"": ""2015-11-13"", ""count"": 10}, ""YT (Baldwin)"": {""start"": ""2016-02-19"", ""end"": ""2019-02-20"", ""count"": 6}}",Right,,,,,,,92.20%,93.80%,83.30%,75.00%,64.40%,70.00%,63.30%,69.60%,70.70%,73.30%,65.40%,62.00%,85.70%,87.50%,75.00%,52.30%,54.20%,75.00%,,,,,,,85.00%,0.00%,57.80%,78.10%,75.00%,87.50%,60.00%,,50.00%,50.00%,,,50.00%,41.70%,75.00%,,,,,,1.11,0.52,106,111,28.3,24.3,32.4,32.1,-3.8,17,3,17.6,11,1,9.1,,,,,,,,,,,,,,,,,,,,,,,,,,,,,71.10%,73.70%,76.50%,69.60%,80.30%,67.10%,,,,,62.50%,66.90%,,,,,,,,,,,,,Double CCW,52.3,Guard CW,83.3
Nicole Joraanstad,79.70%,87.30%,83.70%,88.00%,212,"{""Second"": {""start"": ""2016-03-19"", ""end"": ""2016-03-24"", ""count"": 6}}","{""USA (Brown)"": {""start"": ""2016-03-19"", ""end"": ""2016-03-24"", ""count"": 6}}",Right,1981,"Seattle, WA","Verona, WI","Associate Manager - Talent Selection & Retention, TDS Telecommunications Corp.",Kentridge High School,University of Wisconsin - Madison,,80.00%,77.50%,,73.60%,76.90%,,,87.00%,93.80%,72.50%,83.30%,77.60%,90.20%,78.60%,75.00%,62.50%,75.00%,,,,,,,,,,87.50%,,,50.00%,,,,50.00%,92.90%,,,,,,,,,1.1,0.19,48,54,31.2,42.6,14.8,10.4,20.8,2,0,0,3,0,0,,,,,,,,,,,,,,,,,,,,,,,,,,,,,,,,,80.00%,85.00%,,,,,,,,,,,,,,,,,,,Raise CW,62.5,Take-out CCW,93.8
Nicole Schwaegli,82.10%,81.00%,81.70%,69.30%,445,"{""Lead"": {""start"": ""2015-03-14"", ""end"": ""2017-03-23"", ""count"": 14}}","{""SUI"": {""start"": ""2015-03-14"", ""end"": ""2015-03-22"", ""count"": 8}, ""Switzerland"": {""start"": ""2017-03-18"", ""end"": ""2017-03-23"", ""count"": 6}}",Right,1986,,,,,,90.20%,98.40%,56.20%,62.50%,85.10%,80.30%,,,79.60%,98.40%,68.80%,75.00%,,75.00%,,50.00%,25.00%,54.20%,65.80%,50.00%,,12.50%,89.30%,,25.00%,,91.70%,87.50%,,,,,,,,,,,0.00%,,66.70%,33.30%,,,1.17,0.36,110,110,35.5,40.9,20.9,16.4,19.1,7,1,14.3,15,1,6.7,,,,,,,,,,,,,,,,,,,,,,,,,,,,,,,84.20%,69.80%,,,87.30%,72.20%,,,,,,,,,,,,,,,,,Promotion CCW,12.5,Take-out CCW,98.4
Niklas Edin,83.60%,84.60%,84.10%,82.70%,6311,"{""Fourth"": {""start"": ""2010-02-16"", ""end"": ""2025-04-05"", ""count"": 279}, ""Third"": {""start"": ""2019-04-05"", ""end"": ""2019-04-05"", ""count"": 1}}","{""SWE"": {""start"": ""2010-02-16"", ""end"": ""2015-11-28"", ""count"": 28}, ""Sweden"": {""start"": ""2016-04-02"", ""end"": ""2022-04-10"", ""count"": 88}, ""SWE (Edin)"": {""start"": ""2018-02-14"", ""end"": ""2025-04-05"", ""count"": 66}, ""Edin"": {""start"": ""2021-04-15"", ""end"": ""2025-01-18"", ""count"": 97}}",Right,1985,"Ornskoldsvik, SWE","Karlstad, SWE",Curler,,,,,91.00%,91.10%,84.70%,86.60%,70.60%,75.50%,86.80%,90.00%,80.70%,81.80%,95.00%,96.60%,74.50%,71.80%,76.30%,77.10%,75.00%,71.40%,63.70%,66.20%,,,95.30%,91.70%,85.60%,85.30%,46.40%,68.30%,90.20%,93.30%,75.00%,82.60%,96.00%,,64.70%,78.60%,79.20%,83.30%,,,61.10%,59.70%,1.24,0.31,1583,1563,39,37.9,21.6,13.8,25.2,67,10,14.9,215,3,1.4,,,,,,,,,,,,,,,,,,,,,82.10%,78.40%,,,,,,,82.60%,86.60%,100.00%,91.00%,83.30%,85.70%,82.20%,83.20%,85.30%,85.30%,89.70%,84.80%,,,88.40%,83.20%,85.10%,81.10%,87.60%,82.40%,83.80%,81.80%,89.80%,79.50%,Promotion CW,63.7,Guard CCW,91.1
Nina Roth,77.20%,76.10%,76.60%,70.80%,1296,"{""Fourth"": {""start"": ""2017-03-18"", ""end"": ""2019-05-11"", ""count"": 18}, ""Second"": {""start"": ""2018-09-14"", ""end"": ""2018-09-14"", ""count"": 1}, ""Third"": {""start"": ""2021-04-15"", ""end"": ""2022-05-07"", ""count"": 35}}","{""United States"": {""start"": ""2017-03-18"", ""end"": ""2021-05-08"", ""count"": 22}, ""USA (Roth)"": {""start"": ""2018-02-14"", ""end"": ""2018-02-21"", ""count"": 6}, ""Peterson"": {""start"": ""2021-04-15"", ""end"": ""2022-05-07"", ""count"": 18}, ""USA (Peterson)"": {""start"": ""2022-02-10"", ""end"": ""2022-02-16"", ""count"": 7}}",Right,1988,"McFarland, WI","McFarland, WI","Registered Nurse, Select Specialty Hospital",,Edgewood College,83.30%,,88.80%,88.70%,76.30%,74.60%,80.80%,66.70%,78.80%,80.00%,77.90%,69.90%,86.50%,89.00%,61.10%,70.20%,72.60%,57.30%,37.50%,41.70%,70.60%,56.20%,75.00%,,79.20%,94.40%,76.10%,63.50%,50.00%,62.50%,76.90%,75.00%,90.00%,57.10%,80.00%,90.90%,56.20%,56.20%,68.80%,65.00%,0.00%,,,,1.07,0.26,323,317,28.8,40.7,19.9,24.1,4.7,36,6,16.7,20,2,10,,,,,,,,,,,,,,,,,,,,,,,,,,,,,,,,,,,78.50%,75.20%,70.40%,76.20%,68.30%,57.10%,,,84.70%,77.00%,82.00%,75.10%,,,,,,,Wick CW,37.5,Guard CW,88.8
Nkeiruka Ezekh,81.40%,81.50%,81.50%,81.80%,715,"{""Second"": {""start"": ""2010-02-16"", ""end"": ""2014-11-25"", ""count"": 6}, ""Lead"": {""start"": ""2015-11-26"", ""end"": ""2017-11-22"", ""count"": 21}}","{""RUS"": {""start"": ""2010-02-16"", ""end"": ""2015-11-28"", ""count"": 8}, ""RUS (Sidorova)"": {""start"": ""2016-03-19"", ""end"": ""2016-03-27"", ""count"": 8}, ""Russia"": {""start"": ""2017-03-18"", ""end"": ""2017-11-22"", ""count"": 11}}",Right,1983,"Moscow, RUS","Moscow, RUS",,,,92.60%,92.50%,74.00%,73.20%,78.80%,79.20%,,75.00%,83.90%,86.80%,71.60%,79.80%,75.00%,78.90%,70.00%,75.00%,75.00%,83.30%,62.50%,65.50%,,37.50%,,,75.00%,,89.60%,72.90%,,,,,75.00%,,,,50.00%,50.00%,,62.50%,75.00%,77.50%,,,1.21,0.38,156,193,36.5,33.7,25.4,12.2,24.3,9,1,11.1,23,0,0,,,,,,,,,,,,,,,,,,,,,70.90%,72.40%,,,,,,,75.00%,93.80%,91.30%,87.50%,86.80%,76.10%,81.50%,77.30%,,,,,,,,,,,,,,,,,Promotion CCW,37.5,Take-out CCW,86.8
Nolan Thiessen,87.70%,88.20%,88.00%,83.30%,1087,"{""Lead"": {""start"": ""2010-03-06"", ""end"": ""2016-03-10"", ""count"": 34}}","{""AB (Koe)"": {""start"": ""2010-03-06"", ""end"": ""2010-03-14"", ""count"": 8}, ""Alberta (Koe)"": {""start"": ""2012-03-03"", ""end"": ""2012-03-11"", ""count"": 8}, ""CAN"": {""start"": ""2014-03-29"", ""end"": ""2014-04-06"", ""count"": 8}, ""Simmons"": {""start"": ""2015-12-02"", ""end"": ""2015-12-05"", ""count"": 4}, ""CAN (Simmons)"": {""start"": ""2016-03-05"", ""end"": ""2016-03-10"", ""count"": 6}}",Right,1981,"Pilot Mound, MB","Edmonton, AB","Chartered Accountant, Self Employed",Vincent Massey,University of Manitoba,94.50%,93.80%,84.80%,87.90%,89.00%,87.20%,74.00%,87.50%,71.00%,85.00%,80.00%,78.60%,,,75.00%,75.00%,92.30%,83.80%,50.00%,45.50%,,0.00%,91.70%,93.80%,,75.00%,88.10%,90.30%,,75.00%,,,,87.50%,,,,,,,58.30%,40.00%,,,1.13,0.37,254,275,35.4,36.4,23.6,16.5,18.9,18,4,22.2,32,3,9.4,,,,,,,,,,,,,,,,,,,,,88.40%,87.90%,,,89.60%,70.50%,,,89.90%,63.20%,90.30%,88.60%,91.10%,81.70%,,,,,,,,,,,,,,,,,,,Promotion CCW,0,Raise CW,92.3
Olga Dvojeglazova,61.00%,61.40%,61.20%,57.50%,340,"{""Third"": {""start"": ""2024-11-16"", ""end"": ""2025-03-21"", ""count"": 13}}","{""LTU (Paulauskaite)"": {""start"": ""2024-11-16"", ""end"": ""2025-03-21"", ""count"": 13}}",Right,,,,,,,66.70%,,87.50%,70.20%,55.00%,65.00%,,,66.70%,55.70%,67.60%,68.30%,50.00%,61.10%,60.50%,56.20%,33.30%,50.00%,,,68.80%,36.10%,75.00%,,,,71.90%,44.40%,,,83.30%,50.00%,25.00%,75.00%,50.00%,0.00%,50.00%,50.00%,37.50%,50.00%,,,,,0.69,0.15,95,72,16.8,26.4,11.1,43.2,-26.4,20,2,10,1,0,0,,,,,,,,,,,,,,,,,,,,,,,,,,,,,,,,,,,,,,,,,,,,,,,,,59.60%,61.70%,67.50%,56.80%,Raise CW,33.3,Guard CW,87.5
Oliver Dupont,82.60%,80.80%,81.50%,75.70%,900,"{""Second"": {""start"": ""2009-03-14"", ""end"": ""2016-11-23"", ""count"": 17}, ""Lead"": {""start"": ""2016-04-03"", ""end"": ""2018-02-21"", ""count"": 19}}","{""DEN"": {""start"": ""2009-03-14"", ""end"": ""2014-11-26"", ""count"": 12}, ""Denmark"": {""start"": ""2016-04-02"", ""end"": ""2017-12-10"", ""count"": 16}, ""DEN (Stjerne)"": {""start"": ""2018-02-14"", ""end"": ""2018-02-21"", ""count"": 7}}",Right,1990,"Hvidovre, DEN","Fredriksberg, DEN","IT Administrator, KILROY International",,,95.50%,93.80%,84.20%,79.20%,82.10%,77.10%,25.00%,67.90%,78.30%,80.90%,73.80%,72.40%,93.80%,87.00%,72.90%,82.60%,56.80%,70.80%,35.70%,88.90%,82.10%,71.40%,,,81.20%,50.00%,66.70%,87.50%,,50.00%,,50.00%,87.50%,,,62.50%,,50.00%,,,50.00%,,,,1.08,0.23,213,225,29.6,30.7,18.7,15.5,14.1,21,2,9.5,17,3,17.6,,,,,,,,,,,,,,,,,,,71.40%,80.90%,,,,,,,,,76.90%,74.30%,,,78.30%,84.30%,87.00%,84.60%,90.70%,77.60%,,,,,,,,,,,,,,,Freeze CW,25,Wick CCW,88.9
Oona Kauste,69.50%,68.90%,69.20%,61.90%,1073,"{""Second"": {""start"": ""2014-11-22"", ""end"": ""2015-03-19"", ""count"": 12}, ""Fourth"": {""start"": ""2015-11-26"", ""end"": ""2019-03-22"", ""count"": 25}, ""Third"": {""start"": ""2015-03-18"", ""end"": ""2016-03-19"", ""count"": 2}}","{""FIN"": {""start"": ""2014-11-22"", ""end"": ""2015-11-27"", ""count"": 14}, ""FIN (Kauste)"": {""start"": ""2016-03-19"", ""end"": ""2016-03-24"", ""count"": 6}, ""Finland"": {""start"": ""2017-12-06"", ""end"": ""2019-03-22"", ""count"": 17}}",Right,,,,,,,94.60%,97.20%,81.20%,83.00%,63.40%,62.40%,53.60%,57.10%,77.70%,71.60%,69.30%,70.70%,87.00%,82.20%,62.10%,67.60%,50.90%,51.30%,,,62.50%,51.30%,96.40%,92.90%,68.80%,87.50%,60.70%,54.80%,25.00%,62.50%,90.00%,58.90%,70.00%,65.00%,87.50%,92.90%,50.00%,50.00%,0.00%,25.00%,,,,0.00%,0.92,0.25,278,252,23.4,32.1,18.7,30.9,-7.5,40,8,20,14,4,28.6,,,,,,,,,,,,,,,,,,,,,,,,,,,,,75.70%,74.70%,72.00%,68.50%,70.50%,71.60%,57.90%,62.70%,56.80%,67.90%,65.60%,72.80%,,,,,,,,,,,,,Raise CW,50.9,Guard CCW,83
Oskar Eriksson,85.70%,85.70%,85.70%,83.80%,6609,"{""Third"": {""start"": ""2014-11-22"", ""end"": ""2025-04-05"", ""count"": 261}, ""Fourth"": {""start"": ""2014-03-29"", ""end"": ""2024-04-05"", ""count"": 26}, ""Second"": {""start"": ""2019-04-05"", ""end"": ""2022-04-17"", ""count"": 6}}","{""SWE"": {""start"": ""2014-03-29"", ""end"": ""2015-11-28"", ""count"": 18}, ""Sweden"": {""start"": ""2016-04-02"", ""end"": ""2022-11-25"", ""count"": 95}, ""SWE (Edin)"": {""start"": ""2018-02-14"", ""end"": ""2025-04-05"", ""count"": 66}, ""Edin"": {""start"": ""2021-04-15"", ""end"": ""2025-01-18"", ""count"": 103}}",Left,1991,"Karlstad, SWE","Karlstad, SWE",Curler,,,88.60%,94.90%,89.70%,92.10%,84.50%,85.00%,82.50%,69.50%,88.90%,89.70%,82.00%,82.90%,96.00%,95.30%,79.40%,76.10%,80.10%,78.60%,50.00%,89.30%,71.50%,73.60%,83.30%,,96.00%,93.50%,86.10%,84.40%,92.90%,47.70%,87.50%,87.20%,80.80%,89.80%,96.50%,96.70%,84.80%,76.10%,85.40%,78.80%,,75.00%,67.50%,70.00%,1.25,0.32,1627,1589,39.5,38,22,14.2,25.3,74,14,18.9,221,3,1.4,,,,,,,,,,,,,,,,,,,,,,,,,,,,,82.30%,80.80%,85.70%,89.20%,81.20%,88.00%,85.90%,87.80%,87.80%,86.30%,89.40%,87.00%,,,88.80%,85.40%,85.50%,84.30%,85.40%,85.90%,84.20%,84.00%,88.50%,87.90%,Wick CW,50,Guard CCW,92.1
Owen Purcell,78.40%,77.40%,77.90%,72.70%,1131,"{""Fourth"": {""start"": ""2019-01-19"", ""end"": ""2025-03-07"", ""count"": 40}, ""Third"": {""start"": ""2020-03-11"", ""end"": ""2020-03-15"", ""count"": 5}}","{""NS"": {""start"": ""2019-01-19"", ""end"": ""2020-01-24"", ""count"": 13}, ""Dalhousie (m)"": {""start"": ""2020-03-11"", ""end"": ""2020-03-15"", ""count"": 5}, ""CAN (Purcell)"": {""start"": ""2022-05-15"", ""end"": ""2022-05-22"", ""count"": 5}, ""Purcell"": {""start"": ""2023-11-07"", ""end"": ""2024-10-05"", ""count"": 11}, ""DAL - M"": {""start"": ""2024-03-12"", ""end"": ""2024-03-16"", ""count"": 5}, ""NS (Purcell)"": {""start"": ""2025-03-01"", ""end"": ""2025-03-07"", ""count"": 6}}",Right,2000,,,,,,,,90.40%,89.20%,74.60%,77.60%,79.20%,78.90%,83.90%,81.90%,75.40%,73.30%,95.20%,91.30%,57.50%,56.20%,65.00%,51.00%,,,62.50%,75.00%,,,93.80%,,76.10%,80.90%,,80.00%,78.30%,71.90%,81.20%,50.00%,,75.00%,43.80%,,0.00%,41.70%,,,62.50%,,1.09,0.38,282,281,33,31.7,25.6,18.8,14.2,27,5,18.5,29,2,6.9,,,,,,,,,,,,,,,,,,,,,,,,,,,,,,,,,,,,,,,71.00%,69.90%,80.90%,78.20%,,,74.30%,73.70%,84.20%,61.80%,78.10%,83.10%,85.30%,80.90%,Raise CCW,51,Guard CW,90.4
Oye-sem Won Briand,83.00%,80.00%,81.90%,87.90%,344,"{""Third"": {""start"": ""2014-11-10"", ""end"": ""2015-11-14"", ""count"": 12}, ""Lead"": {""start"": ""2016-02-23"", ""end"": ""2017-02-24"", ""count"": 2}}","{""NO (Koivula)"": {""start"": ""2014-11-10"", ""end"": ""2015-11-14"", ""count"": 12}, ""NO (McCarville)"": {""start"": ""2016-02-23"", ""end"": ""2017-02-24"", ""count"": 2}}",Right,1982,"Hearst, ON","Hearst, CAN","Technology resource teacher, CSDCAB",Ecole secondaire de Hearst High School,Lakehead University,71.40%,62.50%,84.10%,66.70%,80.60%,64.50%,78.30%,,88.40%,92.30%,77.90%,80.20%,88.00%,86.10%,75.00%,75.00%,75.00%,68.80%,50.00%,,,,,,,,87.50%,,75.00%,,90.00%,62.50%,75.00%,62.50%,,90.40%,,,,,,,,,1.16,0.31,76,87,30.3,34.5,24.1,18.4,11.9,4,0,0,14,0,0,,,,,,,,,,,,,,,,,,,,,,,,,,,,,71.80%,86.40%,76.70%,84.50%,100.00%,50.00%,100.00%,,,,,,,,,,,,,,,,,,Wick CW,50,Take-out CCW,92.3
Pablo Lachat-couchepin,90.60%,88.40%,89.80%,83.70%,670,"{""Lead"": {""start"": ""2024-03-30"", ""end"": ""2025-04-06"", ""count"": 23}}","{""SUI (Schwaller)"": {""start"": ""2024-03-30"", ""end"": ""2025-04-06"", ""count"": 23}}",Right,,,,,,,94.60%,93.90%,95.80%,79.20%,90.10%,88.80%,,,85.70%,88.90%,75.00%,87.50%,,75.00%,,,68.80%,95.00%,53.80%,57.10%,,,90.80%,95.00%,75.00%,,92.10%,80.00%,,,,,,,,,,,,,37.50%,66.70%,,,1.32,0.25,159,171,45.3,42.7,16.4,15.1,30.2,10,3,30,21,1,4.8,,,,,,,,,,,,,,,,,,,,,,,,,,,,,,,,,,,,,,,,,,,,,,,,,90.70%,79.70%,93.30%,67.90%,Wick CW,53.8,Guard CW,95.8
Paige Papley,79.40%,79.30%,79.40%,76.90%,1339,"{""Third"": {""start"": ""2017-04-18"", ""end"": ""2017-04-21"", ""count"": 4}, ""Second"": {""start"": ""2018-03-25"", ""end"": ""2020-01-26"", ""count"": 11}, ""Lead"": {""start"": ""2019-01-19"", ""end"": ""2024-11-09"", ""count"": 43}}","{""AB (Marks)"": {""start"": ""2017-04-18"", ""end"": ""2017-04-21"", ""count"": 4}, ""ALTA"": {""start"": ""2018-03-25"", ""end"": ""2018-03-27"", ""count"": 2}, ""AB"": {""start"": ""2019-01-19"", ""end"": ""2020-01-26"", ""count"": 17}, ""Canada"": {""start"": ""2019-02-17"", ""end"": ""2019-02-23"", ""count"": 5}, ""Alberta (w)"": {""start"": ""2020-03-11"", ""end"": ""2020-03-15"", ""count"": 5}, ""S Sturmay"": {""start"": ""2022-10-18"", ""end"": ""2022-10-19"", ""count"": 2}, ""Sturmay"": {""start"": ""2024-01-16"", ""end"": ""2024-11-09"", ""count"": 14}, ""AB (Sturmay)"": {""start"": ""2024-02-16"", ""end"": ""2024-02-24"", ""count"": 9}}",Right,1999,,,,,,88.00%,87.00%,80.70%,80.40%,79.20%,80.00%,59.60%,69.40%,76.30%,72.80%,71.60%,72.70%,84.10%,84.20%,70.00%,68.80%,51.80%,90.00%,82.10%,25.00%,,,86.80%,92.30%,79.20%,93.80%,86.90%,71.40%,,50.00%,85.70%,91.70%,91.70%,,80.00%,52.50%,,,62.50%,62.50%,95.00%,25.00%,,,1.1,0.48,312,339,32.4,35.7,29.8,22.1,10.3,21,6,28.6,42,2,4.8,,,,,,,,,,,,,,,,,,,,,,,,,,,,,,,,,,,77.80%,70.80%,67.90%,77.70%,77.30%,81.30%,77.10%,73.60%,,,87.90%,58.30%,,,86.50%,80.20%,,,Wick CCW,25,Raise CCW,90
Pat Simmons,81.40%,81.30%,81.30%,81.00%,1976,"{""Fourth"": {""start"": ""2006-03-11"", ""end"": ""2021-10-31"", ""count"": 47}, ""Third"": {""start"": ""2012-03-03"", ""end"": ""2022-03-07"", ""count"": 17}, ""Second"": {""start"": ""2022-03-09"", ""end"": ""2022-03-09"", ""count"": 1}}","{""SASK (Simmons)"": {""start"": ""2006-03-11"", ""end"": ""2007-03-08"", ""count"": 12}, ""SK (Simmons)"": {""start"": ""2008-03-08"", ""end"": ""2008-03-15"", ""count"": 8}, ""Sask (Laycock)"": {""start"": ""2011-03-05"", ""end"": ""2011-03-10"", ""count"": 6}, ""Alberta (Koe)"": {""start"": ""2012-03-03"", ""end"": ""2012-03-11"", ""count"": 8}, ""CAN"": {""start"": ""2014-03-29"", ""end"": ""2014-04-06"", ""count"": 8}, ""Simmons"": {""start"": ""2015-12-02"", ""end"": ""2021-10-31"", ""count"": 15}, ""CAN (Simmons)"": {""start"": ""2016-03-05"", ""end"": ""2016-03-10"", ""count"": 6}, ""SK (Flasch)"": {""start"": ""2022-03-07"", ""end"": ""2022-03-09"", ""count"": 2}}",Right,1975,"Moose Jaw, SK","Calgary, AB","Chiropractor, Crescent Park Chiropractic Centre",Peacock Collegiate,Cmcc,96.70%,69.40%,89.00%,84.90%,75.70%,80.80%,79.10%,72.10%,86.20%,83.80%,78.60%,80.00%,94.40%,95.80%,71.90%,74.30%,70.50%,74.50%,,50.00%,81.20%,66.70%,,75.00%,85.70%,85.00%,70.40%,74.10%,,50.00%,81.90%,82.30%,75.00%,81.20%,,94.60%,89.30%,70.00%,67.90%,93.80%,,,,62.50%,1.09,0.33,477,499,31,35.7,22.6,18,13,38,11,28.9,53,8,15.1,,,,,,,,,,,,,73.80%,77.90%,75.00%,80.60%,81.80%,79.60%,,,,,75.00%,80.10%,83.30%,85.30%,,,84.70%,83.80%,86.60%,85.20%,82.50%,90.00%,67.90%,79.50%,,,,,,,79.20%,83.20%,,54.20%,,,,,,,Wick CCW,50,Guard CW,89
Patrick Janssen,82.40%,82.80%,82.50%,85.00%,1472,"{""Second"": {""start"": ""2015-12-02"", ""end"": ""2023-10-20"", ""count"": 46}, ""Lead"": {""start"": ""2020-03-04"", ""end"": ""2021-11-24"", ""count"": 3}, ""Third"": {""start"": ""2022-03-04"", ""end"": ""2022-05-07"", ""count"": 19}}","{""Epping"": {""start"": ""2015-12-02"", ""end"": ""2023-10-20"", ""count"": 35}, ""Koe"": {""start"": ""2017-08-26"", ""end"": ""2017-08-27"", ""count"": 2}, ""ON"": {""start"": ""2018-03-03"", ""end"": ""2018-03-11"", ""count"": 9}, ""AB (Bottcher)"": {""start"": ""2020-03-04"", ""end"": ""2021-03-06"", ""count"": 2}, ""Bottcher"": {""start"": ""2021-11-24"", ""end"": ""2022-05-07"", ""count"": 11}, ""CA (Bottcher)"": {""start"": ""2022-03-04"", ""end"": ""2022-03-13"", ""count"": 9}}",Right,1987,"Scarborough, ON","Pickering, ON","Industrial Engineer, Syncreon",Sir Oliver Mowat C.I.,University of Toronto,95.50%,91.70%,92.90%,90.60%,77.60%,83.80%,85.10%,78.10%,87.10%,80.90%,75.80%,75.00%,92.60%,89.50%,74.10%,74.60%,60.30%,88.00%,87.50%,,,,75.00%,,97.20%,94.40%,73.40%,84.70%,83.30%,91.70%,86.70%,75.00%,75.00%,82.10%,93.20%,91.30%,70.80%,,58.30%,95.00%,87.50%,,,,1.17,0.23,348,365,34.5,35.6,15.9,19.3,15.2,35,7,20,36,2,5.6,,,,,,,,,,,,,,,,,,,,,,,,,,,,,,,90.50%,81.30%,87.90%,73.80%,84.70%,83.90%,83.20%,86.90%,,,91.70%,62.50%,87.50%,100.00%,80.80%,79.70%,80.60%,85.80%,,,,,Raise CW,60.3,Guard CW,92.9
Paul Flemming,80.80%,77.70%,79.20%,73.60%,1637,"{""Third"": {""start"": ""2001-03-03"", ""end"": ""2021-03-11"", ""count"": 42}, ""Fourth"": {""start"": ""2013-03-05"", ""end"": ""2022-03-10"", ""count"": 17}}","{""NS (Dacey)"": {""start"": ""2001-03-03"", ""end"": ""2001-03-08"", ""count"": 6}, ""NS (Adams)"": {""start"": ""2011-03-05"", ""end"": ""2011-03-10"", ""count"": 6}, ""NS (Flemming)"": {""start"": ""2013-03-02"", ""end"": ""2022-03-10"", ""count"": 17}, ""Murphy"": {""start"": ""2017-11-06"", ""end"": ""2017-11-11"", ""count"": 6}, ""NS"": {""start"": ""2018-03-03"", ""end"": ""2018-03-09"", ""count"": 7}, ""NS (Murphy)"": {""start"": ""2020-02-29"", ""end"": ""2021-03-11"", ""count"": 11}, ""Flemming"": {""start"": ""2021-10-26"", ""end"": ""2021-10-30"", ""count"": 5}}",Right,1968,"Halifax, NS","Halifax, NS","Owner, Harbour Fish'n Fries",,,95.50%,75.00%,88.80%,85.60%,77.10%,81.20%,69.20%,67.30%,88.10%,80.30%,73.90%,72.20%,99.40%,94.80%,66.50%,65.20%,76.10%,65.60%,,,,,,68.80%,85.50%,75.00%,75.00%,82.10%,55.60%,83.30%,90.00%,82.40%,68.80%,62.50%,,,46.40%,62.50%,50.00%,37.50%,,,,,0.99,0.28,407,389,27.5,35,19.8,21.1,6.4,49,6,12.2,32,3,9.4,,,80.00%,78.80%,,,,,,,,,,,,,,,,,,,78.00%,79.40%,,,78.40%,82.00%,,,,,75.40%,74.10%,75.50%,83.60%,78.80%,86.50%,,,83.30%,84.60%,82.10%,74.10%,76.20%,70.50%,,,,,,,Double CCW,65.2,Guard CW,88.8
Paul Nason,77.30%,82.20%,79.50%,73.00%,190,"{""Second"": {""start"": ""2015-11-09"", ""end"": ""2015-11-14"", ""count"": 6}}","{""NB (Sullivan)"": {""start"": ""2015-11-09"", ""end"": ""2015-11-14"", ""count"": 6}}",Right,1967,,,,,,,95.00%,72.50%,75.00%,76.00%,68.20%,40.00%,93.80%,84.50%,89.10%,75.00%,85.70%,72.70%,87.50%,87.50%,,81.20%,78.60%,,,,,,,50.00%,,67.90%,60.00%,25.00%,,,,50.00%,,,,,,50.00%,,,,,,1.15,0.27,41,49,29.3,32.7,20.4,22,7.3,5,0,0,4,0,0,,,,,,,,,,,,,,,,,,,,,,,,,,,,,,,74.70%,83.00%,,,,,,,,,,,,,,,,,,,,,Freeze CW,40,Freeze CCW,93.8
Pauli Jaamies,82.50%,79.40%,80.80%,79.20%,554,"{""Second"": {""start"": ""2015-11-27"", ""end"": ""2017-12-09"", ""count"": 18}}","{""FIN"": {""start"": ""2015-11-27"", ""end"": ""2015-11-27"", ""count"": 1}, ""Finland"": {""start"": ""2016-04-02"", ""end"": ""2017-12-09"", ""count"": 17}}",Right,1985,,,,,,94.70%,93.40%,86.40%,75.80%,78.80%,79.80%,58.30%,,85.00%,81.80%,84.60%,75.80%,91.90%,86.40%,73.60%,85.90%,75.00%,70.50%,,,67.90%,40.00%,,90.60%,50.00%,95.00%,65.00%,71.90%,,,75.00%,,,60.00%,,81.20%,50.00%,,50.00%,,,,,,0.99,0.24,135,131,25.9,35.1,19.1,20.7,5.2,14,0,0,8,1,12.5,,,,,,,,,,,,,,,,,,,,,,,,,,,,,,,82.30%,81.20%,80.80%,80.90%,82.10%,78.80%,,,,,,,,,,,,,,,,,Promotion CCW,40,Guard CW,86.4
Pete Fenson,82.80%,72.80%,77.70%,77.20%,250,"{""Fourth"": {""start"": ""2006-02-22"", ""end"": ""2014-04-03"", ""count"": 8}}","{""USA (Fenson)"": {""start"": ""2006-02-22"", ""end"": ""2006-02-24"", ""count"": 2}, ""USA"": {""start"": ""2014-03-29"", ""end"": ""2014-04-03"", ""count"": 6}}",Right,1968,"Bemidji, MN","Bemidji, MN","Owner/operator, Dave's Pizza in Bemidji and Brainerd, MN",Bemidji High,Bachelor's Degree in Technical Illustration and Graphic Design,,,,70.00%,85.10%,66.70%,,58.30%,89.70%,76.80%,73.40%,72.20%,95.50%,89.30%,70.00%,58.30%,58.30%,,0.00%,25.00%,66.70%,83.30%,,,,,81.80%,75.00%,,,,83.30%,,,,,,,,,,,0.00%,,0.97,0.22,61,63,26.2,31.7,17.5,21.3,4.9,7,1,14.3,4,2,50,,,,,,,,,,,,,76.60%,84.10%,,,,,,,,,,,,,,,75.90%,77.90%,,,,,,,,,,,,,,,,,,,,,,,Wick CW,0,Take-out CW,89.7
Peter Case,86.90%,85.70%,86.20%,78.60%,1019,"{""Lead"": {""start"": ""2008-03-08"", ""end"": ""2018-03-09"", ""count"": 34}}","{""N.B. (Grattan)"": {""start"": ""2008-03-08"", ""end"": ""2008-03-13"", ""count"": 6}, ""NB (R.Howard)"": {""start"": ""2009-03-08"", ""end"": ""2009-03-12"", ""count"": 4}, ""NB (Grattan)"": {""start"": ""2010-03-06"", ""end"": ""2013-03-07"", ""count"": 18}, ""NB"": {""start"": ""2018-03-03"", ""end"": ""2018-03-09"", ""count"": 6}}",Right,1977,"Saint John, NB","Saint John, NB","Outside Sales, Liteco Inc.",,,91.50%,95.30%,86.10%,81.00%,85.70%,84.90%,72.80%,76.50%,85.50%,82.10%,83.30%,77.10%,,58.30%,,,82.10%,82.70%,41.70%,30.00%,,,90.00%,97.20%,62.50%,,88.90%,87.50%,,,,,,,,25.00%,,,,,12.50%,37.50%,,,1.13,0.26,237,268,31.2,31.7,19.4,19,12.2,28,5,17.9,15,1,6.7,,,,,,,,,,,,,,,,,86.50%,75.90%,80.60%,85.40%,83.30%,65.80%,86.50%,77.90%,,,94.90%,81.00%,,,,,,,,,88.30%,81.80%,,,,,,,,,,,,,,,Wick CCW,30,Guard CW,86.1
Peter De Cruz,84.80%,85.90%,85.40%,85.20%,2536,"{""Third"": {""start"": ""2014-03-29"", ""end"": ""2022-02-17"", ""count"": 11}, ""Second"": {""start"": ""2015-11-27"", ""end"": ""2022-02-17"", ""count"": 89}}","{""SUI"": {""start"": ""2014-03-29"", ""end"": ""2015-11-28"", ""count"": 10}, ""Switzerland"": {""start"": ""2016-11-19"", ""end"": ""2021-11-25"", ""count"": 54}, ""SUI (De Cruz)"": {""start"": ""2018-02-14"", ""end"": ""2022-02-17"", ""count"": 17}, ""De Cruz"": {""start"": ""2021-04-15"", ""end"": ""2021-04-24"", ""count"": 8}, ""de Cruz"": {""start"": ""2021-10-19"", ""end"": ""2021-11-06"", ""count"": 8}}",Right,1990,"London, ENG","Geneva, SUI","Curling Club Manager, Curling Club of Geneva",,,99.30%,97.30%,92.20%,90.20%,81.00%,82.20%,84.30%,83.70%,82.60%,89.30%,78.50%,81.20%,93.30%,94.80%,81.90%,81.20%,77.30%,71.30%,85.70%,93.80%,77.40%,73.30%,97.50%,,90.40%,93.30%,84.80%,84.60%,25.00%,62.50%,87.50%,85.00%,83.30%,,96.00%,96.30%,80.00%,67.50%,95.00%,95.00%,,,50.00%,,1.15,0.28,619,625,34.6,37,19.4,13.4,21.2,39,6,15.4,62,3,4.8,,,,,,,,,,,,,,,,,,,,,,,,,,,,,84.50%,80.10%,88.50%,91.00%,82.20%,89.00%,84.50%,87.50%,82.70%,83.70%,90.60%,86.90%,,,85.90%,85.30%,85.30%,85.00%,,,,,,,Raise CCW,71.3,Wick CCW,93.8
Peter Gallant,76.70%,77.60%,77.20%,80.70%,609,"{""Third"": {""start"": ""2001-03-03"", ""end"": ""2001-03-08"", ""count"": 6}, ""Fourth"": {""start"": ""2007-03-03"", ""end"": ""2008-03-13"", ""count"": 12}}","{""PEI (MacDonald)"": {""start"": ""2001-03-03"", ""end"": ""2001-03-08"", ""count"": 6}, ""PEI (Gallant)"": {""start"": ""2007-03-03"", ""end"": ""2008-03-13"", ""count"": 12}}",Right,1959,"Charlottetown, PEI","Stratford, PEI","Operations Manager, Irving Oil Ltd",,,87.50%,96.40%,91.70%,94.60%,71.60%,73.70%,75.00%,79.60%,77.30%,82.00%,81.00%,76.20%,95.00%,95.80%,69.20%,50.00%,75.00%,63.10%,,,,,,,75.00%,,56.20%,62.50%,75.00%,50.00%,64.30%,88.60%,75.00%,,,,50.00%,,75.00%,,,,,,0.98,0.2,157,143,23.6,42,14.7,22.9,0.7,17,2,11.8,9,1,11.1,,,82.40%,81.60%,,,,,,,,,,,76.90%,75.60%,74.00%,72.30%,,,,,,,,,,,,,,,,,,,,,,,,,,,,,,,,,,,Double CCW,50,Guard CCW,94.6
Peter Mackey,60.50%,60.20%,60.30%,61.00%,750,"{""Second"": {""start"": ""2014-11-10"", ""end"": ""2018-03-09"", ""count"": 17}, ""Third"": {""start"": ""2019-03-02"", ""end"": ""2022-03-10"", ""count"": 7}, ""Fourth"": {""start"": ""2021-03-05"", ""end"": ""2022-03-10"", ""count"": 11}}","{""NU (Kingdon)"": {""start"": ""2014-11-10"", ""end"": ""2014-11-14"", ""count"": 5}, ""NU (Macdonald)"": {""start"": ""2015-11-08"", ""end"": ""2015-11-13"", ""count"": 6}, ""NU"": {""start"": ""2018-03-03"", ""end"": ""2019-03-06"", ""count"": 11}, ""NU (Mackey)"": {""start"": ""2021-03-05"", ""end"": ""2022-03-10"", ""count"": 11}}",Right,,,,,,,90.90%,78.80%,56.20%,58.30%,48.40%,59.60%,43.20%,47.70%,66.10%,61.70%,73.90%,56.80%,92.90%,78.90%,52.90%,52.30%,48.20%,42.20%,,,,,87.50%,77.50%,50.00%,0.00%,39.60%,66.70%,12.50%,39.30%,87.50%,61.50%,75.00%,50.00%,,87.50%,,,,41.70%,,,,,0.47,0.09,234,139,4.3,19.4,7.2,44,-39.7,48,0,0,,,,,,,,,,,,,,,,,,,,,,,,,,,,,,,,52.90%,57.10%,56.80%,68.10%,,,,,70.90%,62.30%,67.70%,61.30%,,,35.50%,65.80%,50.50%,63.00%,,,,,,,Raise CCW,42.2,Hit-roll CW,73.9
Petr Dron,84.50%,82.80%,83.50%,63.00%,385,"{""Lead"": {""start"": ""2014-02-10"", ""end"": ""2014-04-03"", ""count"": 14}}","{""RUS"": {""start"": ""2014-02-10"", ""end"": ""2014-04-03"", ""count"": 14}}",Right,,,,,,,94.70%,90.70%,81.20%,82.50%,73.90%,81.70%,,91.70%,72.70%,79.40%,50.00%,70.00%,,,,50.00%,50.00%,16.70%,50.00%,25.00%,,,,91.20%,,,0.00%,,,75.00%,,,,75.00%,,,,,,,,0.00%,,,0.93,0.22,101,88,27.7,29.5,14.8,23.8,3.9,13,3,23.1,4,1,25,,,,,,,,,,,,,,,,,,,,,,,,,,,,,87.00%,63.20%,,,,,,,,,,,,,,,,,,,,,,,Raise CCW,16.7,Freeze CCW,91.7
Phil Loevenmark,81.80%,85.60%,83.90%,88.00%,202,"{""Second"": {""start"": ""2004-03-06"", ""end"": ""2004-03-11"", ""count"": 6}}","{""ON (Harris)"": {""start"": ""2004-03-06"", ""end"": ""2004-03-11"", ""count"": 6}}",Right,1968,"Toronto, ON",,,,,75.00%,,,,75.00%,80.40%,,75.00%,88.00%,90.60%,37.50%,62.50%,93.80%,91.70%,80.00%,75.00%,46.40%,78.60%,,,,,,,,,,58.30%,,,,,,50.00%,,83.30%,,,,,,,,,1.33,0.26,46,53,43.5,47.2,20.8,21.7,21.8,2,0,0,6,2,33.3,,,,,,,,,81.30%,85.10%,,,,,,,,,,,,,,,,,,,,,,,,,,,,,,,,,,,,,,,,,,,Hit-roll CW,37.5,Take-out CCW,90.6
Philip Crowell,87.80%,85.20%,86.90%,77.10%,1430,"{""Lead"": {""start"": ""2010-03-06"", ""end"": ""2022-03-10"", ""count"": 53}, ""Second"": {""start"": ""2010-03-10"", ""end"": ""2010-03-10"", ""count"": 1}}","{""NS (Fitzner-LeBlanc)"": {""start"": ""2010-03-06"", ""end"": ""2010-03-11"", ""count"": 6}, ""NS (Murphy)"": {""start"": ""2016-03-03"", ""end"": ""2021-03-11"", ""count"": 23}, ""Murphy"": {""start"": ""2017-11-06"", ""end"": ""2017-11-11"", ""count"": 6}, ""NS"": {""start"": ""2018-03-03"", ""end"": ""2018-03-09"", ""count"": 7}, ""Flemming"": {""start"": ""2021-10-26"", ""end"": ""2021-10-30"", ""count"": 5}, ""NS (Flemming)"": {""start"": ""2022-03-05"", ""end"": ""2022-03-10"", ""count"": 6}}",Left,1978,"Truro, NS","Dartmouth, NS","Senior Systems Analyst, Nova Scotia Health Authority",South Colchester,Nova Scotia Community College,92.60%,91.20%,86.70%,76.10%,87.30%,81.00%,81.50%,77.70%,81.70%,90.60%,73.10%,75.00%,25.00%,87.50%,75.00%,,78.90%,80.90%,66.70%,33.30%,,,94.00%,93.50%,68.80%,,82.60%,75.00%,,,80.00%,,,,50.00%,,,,62.50%,75.00%,75.00%,0.00%,,,1.08,0.32,353,350,30.9,33.1,21.1,22.1,8.8,40,7,17.5,31,3,9.7,,,,,,,,,,,,,,,,,,,,,82.40%,73.80%,,,,,,,,,,,91.80%,86.50%,89.20%,79.70%,89.10%,79.50%,,,88.50%,72.10%,87.30%,82.10%,87.90%,88.20%,,,,,,,Wick CCW,33.3,Take-out CCW,90.6
Philip Tilker,86.20%,85.60%,85.70%,69.30%,257,"{""Lead"": {""start"": ""2018-03-31"", ""end"": ""2018-04-07"", ""count"": 8}}","{""USA (Ruohonen)"": {""start"": ""2018-03-31"", ""end"": ""2018-04-07"", ""count"": 8}}",Right,1977,"Bracebridge, ON","Seattle, WA","Software Engineer, Amazon",,,91.70%,97.00%,,90.50%,83.60%,85.20%,,,,75.00%,91.70%,75.00%,,,,66.70%,50.00%,87.50%,0.00%,64.70%,,,66.70%,,,87.50%,87.50%,,,,,,,,,,,,,50.00%,0.00%,62.50%,,,0.85,0.2,67,60,22.4,36.7,18.3,16.4,6,2,1,50,3,0,0,,,,,,,,,,,,,,,,,,,,,,,,,,,,,,,,,,,,,88.50%,73.40%,,,,,,,,,,,,,,,Wick CW,0,Hit-roll CW,91.7
Philipp Hoesli,80.70%,81.90%,81.30%,82.70%,366,"{""Fourth"": {""start"": ""2023-02-26"", ""end"": ""2025-04-11"", ""count"": 22}, ""Third"": {""start"": ""2025-04-09"", ""end"": ""2025-04-09"", ""count"": 1}}","{""SUI (Iseli)"": {""start"": ""2023-02-26"", ""end"": ""2023-02-28"", ""count"": 2}, ""Hoesli"": {""start"": ""2024-10-01"", ""end"": ""2025-04-11"", ""count"": 21}}",Right,,,,,,,,,91.70%,,81.40%,83.00%,75.00%,65.60%,86.80%,86.00%,82.60%,84.40%,,83.30%,80.80%,76.60%,71.70%,65.40%,,,62.50%,83.90%,,,,,83.30%,90.60%,75.00%,,75.00%,88.90%,,33.30%,,,,,75.00%,75.00%,,,50.00%,93.80%,1.07,0.29,87,95,25.3,31.6,24.2,18.4,6.9,9,4,44.4,6,0,0,,,,,,,,,,,,,,,,,,,,,,,,,,,,,,,,,,,,,,,,,,,,,,,66.20%,65.60%,85.00%,83.80%,82.90%,81.40%,Promotion CW,62.5,Guard CW,91.7
Philippe Lemay,69.80%,82.30%,76.70%,83.50%,331,"{""Second"": {""start"": ""2007-03-03"", ""end"": ""2007-03-08"", ""count"": 6}, ""Third"": {""start"": ""2019-03-02"", ""end"": ""2019-03-06"", ""count"": 5}}","{""QC (Charette)"": {""start"": ""2007-03-03"", ""end"": ""2007-03-08"", ""count"": 6}, ""QC"": {""start"": ""2019-03-02"", ""end"": ""2019-03-06"", ""count"": 5}}",Right,,"Trois-Rivieres, QC","Trois-Rivieres, QC","Owner / V.P. Marketing, Performance Curling Wear",,,,81.20%,75.00%,95.60%,63.10%,82.00%,72.50%,68.80%,64.50%,78.20%,71.10%,85.90%,94.40%,86.70%,81.20%,77.50%,40.00%,77.30%,,,,,,,,87.50%,50.00%,65.00%,,,,,,75.00%,,95.80%,,87.50%,25.00%,,,,,,1.08,0.29,84,77,32.1,36.4,19.5,26.2,5.9,10,1,10,7,0,0,,,,,,,,,,,,,,,80.10%,83.80%,,,,,,,,,,,,,,,,,,,,,,,64.60%,68.50%,,,,,,,,,,,,,Raise CW,40,Guard CCW,95.6
Pia-lisa Schoell,78.10%,81.70%,80.30%,65.00%,1272,"{""Lead"": {""start"": ""2015-03-14"", ""end"": ""2018-03-22"", ""count"": 31}, ""Third"": {""start"": ""2017-12-06"", ""end"": ""2017-12-09"", ""count"": 4}, ""Second"": {""start"": ""2022-11-18"", ""end"": ""2023-03-24"", ""count"": 10}}","{""GER"": {""start"": ""2015-03-14"", ""end"": ""2015-03-19"", ""count"": 5}, ""Germany"": {""start"": ""2016-11-19"", ""end"": ""2022-11-23"", ""count"": 35}, ""GER (Jentsch)"": {""start"": ""2023-03-21"", ""end"": ""2023-03-24"", ""count"": 4}}",Right,,,,,,,88.50%,89.10%,91.70%,79.40%,75.70%,79.40%,66.70%,,77.00%,81.60%,66.30%,68.10%,88.20%,92.60%,68.30%,69.40%,58.30%,76.20%,46.90%,62.50%,67.90%,25.00%,89.80%,93.90%,75.00%,80.00%,78.40%,63.60%,,,83.30%,66.70%,,50.00%,,87.50%,,25.00%,62.50%,,50.00%,0.00%,0.00%,,0.98,0.23,336,286,28,36.7,16.8,24.1,3.9,32,3,9.4,22,4,18.2,,,,,,,,,,,,,,,,,,,,,,,,,,,,,,,83.50%,81.20%,80.30%,72.60%,82.20%,75.60%,82.90%,86.30%,,,,,,,88.80%,67.60%,78.10%,77.90%,,,,,Promotion CCW,25,Guard CW,91.7
Pierre Charette,72.50%,83.80%,79.60%,72.90%,214,"{""Third"": {""start"": ""2007-03-03"", ""end"": ""2007-03-08"", ""count"": 6}, ""Lead"": {""start"": ""2010-03-10"", ""end"": ""2010-03-10"", ""count"": 1}}","{""QC (Charette)"": {""start"": ""2007-03-03"", ""end"": ""2007-03-08"", ""count"": 6}, ""QC (Reid)"": {""start"": ""2010-03-10"", ""end"": ""2010-03-10"", ""count"": 1}}",Right,1955,"Masson, QC","Gatineau, QC",,,,,,,92.30%,77.80%,87.50%,85.00%,83.30%,52.30%,88.30%,71.90%,76.00%,85.70%,85.70%,41.70%,64.60%,50.00%,87.50%,,,,,,,,75.00%,75.00%,85.00%,,,0.00%,,50.00%,,,91.70%,25.00%,,,,,,,,0.96,0.24,56,46,30.4,34.8,17.4,28.6,1.8,8,1,12.5,4,0,0,,,,,,,,,,,,,,,85.50%,74.30%,,,,,100.00%,0.00%,,,,,,,,,,,,,,,,,,,,,,,,,,,,,,,Double CW,41.7,Guard CCW,92.3
Pierre Fraser,80.80%,89.60%,85.90%,88.60%,195,"{""Lead"": {""start"": ""2007-03-03"", ""end"": ""2007-03-08"", ""count"": 6}}","{""N.B. (Dobson)"": {""start"": ""2007-03-03"", ""end"": ""2007-03-08"", ""count"": 6}}",Right,1981,"Grand Falls, NB","Moncton, NB","IM/IT Technician, Shared Services Canada",John Caldwell School,Oulton's Business College,98.20%,96.70%,,71.90%,63.60%,86.50%,,58.30%,91.70%,,85.00%,91.70%,,,,,75.00%,75.00%,25.00%,,,,,94.20%,,50.00%,,87.50%,,,,,,,,,,,,,,,,,0.9,0.14,51,44,21.6,31.8,11.4,27.5,-5.9,8,1,12.5,1,0,0,,,,,,,,,,,,,,,85.80%,86.40%,,,,,,,,,,,,,,,,,,,,,,,,,,,,,,,,,,,,,Wick CW,25,Take-out CW,91.7
Qingshuang Yue,74.00%,73.80%,73.90%,65.60%,382,"{""Second"": {""start"": ""2010-02-17"", ""end"": ""2014-02-17"", ""count"": 16}}","{""CHN"": {""start"": ""2010-02-17"", ""end"": ""2014-02-17"", ""count"": 16}}",Right,,,,,,,80.00%,79.50%,78.30%,89.10%,72.90%,69.90%,,,83.00%,71.20%,69.00%,68.10%,72.20%,83.00%,80.00%,80.00%,50.00%,18.80%,,,75.00%,93.80%,,87.50%,75.00%,25.00%,93.80%,50.00%,,,,50.00%,,,75.00%,,,62.50%,,0.00%,,,0.00%,,1.13,0.22,100,87,33,43.7,14.9,17,16,7,0,0,8,0,0,,,,,,,,,,,,,,,,,,,,,72.60%,74.00%,,,,,,,76.50%,72.50%,,,,,,,,,,,,,,,,,,,,,,,Raise CCW,18.8,Promotion CCW,93.8
Rachel Brown,84.70%,84.60%,84.70%,75.20%,2125,"{""Lead"": {""start"": ""2015-12-02"", ""end"": ""2024-03-21"", ""count"": 85}, ""Third"": {""start"": ""2024-10-30"", ""end"": ""2024-10-30"", ""count"": 1}}","{""Sweeting"": {""start"": ""2015-12-02"", ""end"": ""2017-12-08"", ""count"": 16}, ""Epping"": {""start"": ""2017-08-26"", ""end"": ""2017-08-27"", ""count"": 2}, ""Carey"": {""start"": ""2018-12-05"", ""end"": ""2019-11-30"", ""count"": 7}, ""AB (Carey)"": {""start"": ""2019-02-16"", ""end"": ""2019-02-24"", ""count"": 9}, ""Canada"": {""start"": ""2019-03-16"", ""end"": ""2019-03-22"", ""count"": 7}, ""CA (Carey)"": {""start"": ""2020-02-15"", ""end"": ""2020-02-21"", ""count"": 7}, ""Rocque"": {""start"": ""2021-10-19"", ""end"": ""2022-10-18"", ""count"": 19}, ""AB (Walker)"": {""start"": ""2021-02-19"", ""end"": ""2021-02-28"", ""count"": 10}, ""Homan"": {""start"": ""2023-04-11"", ""end"": ""2023-04-14"", ""count"": 4}, ""Grandy"": {""start"": ""2023-09-27"", ""end"": ""2023-09-27"", ""count"": 1}, ""CAN (Homan)"": {""start"": ""2024-03-21"", ""end"": ""2024-10-30"", ""count"": 2}, ""ON (Homan)"": {""start"": ""2024-02-19"", ""end"": ""2024-02-22"", ""count"": 2}}",Right,1986,"Smithers, BC","Edmonton, AB","Teacher, Black Gold Regional Schools",,,93.10%,90.70%,91.20%,80.40%,84.60%,84.50%,70.20%,82.40%,75.30%,81.00%,76.90%,77.00%,82.60%,68.80%,66.70%,50.00%,77.20%,71.90%,63.10%,62.50%,,,94.20%,92.90%,,0.00%,80.00%,82.50%,,62.50%,50.00%,,,,83.30%,33.30%,,,91.70%,75.00%,82.70%,50.00%,,,1.08,0.34,518,516,30.9,37.4,23.3,21.2,9.7,41,9,22,49,4,8.2,,,,,,,,,,,,,,,,,,,,,,,,,,,,,,,86.80%,76.90%,83.60%,65.50%,89.50%,80.20%,83.20%,75.00%,86.00%,75.50%,90.20%,86.20%,88.70%,67.90%,87.20%,77.80%,87.80%,75.00%,80.00%,65.00%,,,Double CCW,50,Guard CW,91.2
Rachel Erickson,76.80%,75.30%,76.00%,74.00%,978,"{""Fourth"": {""start"": ""2017-04-18"", ""end"": ""2017-04-21"", ""count"": 4}, ""Third"": {""start"": ""2019-01-19"", ""end"": ""2020-01-24"", ""count"": 14}, ""Second"": {""start"": ""2020-01-19"", ""end"": ""2024-10-04"", ""count"": 15}, ""Lead"": {""start"": ""2020-02-20"", ""end"": ""2023-05-05"", ""count"": 16}}","{""SK (Erickson)"": {""start"": ""2017-04-18"", ""end"": ""2017-04-21"", ""count"": 4}, ""SK"": {""start"": ""2019-01-19"", ""end"": ""2020-01-24"", ""count"": 14}, ""Canada"": {""start"": ""2020-02-20"", ""end"": ""2020-02-20"", ""count"": 1}, ""WC2 (Zacharias)"": {""start"": ""2021-02-21"", ""end"": ""2021-02-21"", ""count"": 1}, ""Carey"": {""start"": ""2022-09-21"", ""end"": ""2022-12-10"", ""count"": 9}, ""WC2 (Carey)"": {""start"": ""2022-01-29"", ""end"": ""2022-01-31"", ""count"": 2}, ""Tirinzoni"": {""start"": ""2023-05-02"", ""end"": ""2023-05-05"", ""count"": 4}, ""Campbell"": {""start"": ""2023-10-17"", ""end"": ""2024-10-04"", ""count"": 13}}",Right,1999,,,,,,95.70%,94.80%,85.30%,86.30%,72.00%,69.00%,78.30%,70.50%,73.40%,73.30%,72.50%,75.70%,98.80%,85.30%,60.40%,69.20%,68.20%,47.50%,0.00%,62.50%,,,96.40%,,70.00%,78.60%,80.80%,64.50%,87.50%,75.00%,71.40%,75.00%,62.50%,,,81.20%,,,75.00%,40.00%,0.00%,75.00%,,,0.93,0.38,247,226,24.3,36.3,24.8,30.8,-6.5,32,6,18.8,17,1,5.9,,,,,,,,,,,,,,,,,,,,,,,,,,,,,,,,,,,61.70%,63.40%,,,76.10%,76.90%,72.30%,74.50%,,50.00%,89.10%,65.10%,81.20%,74.50%,75.00%,78.80%,,,Wick CW,0,Guard CCW,86.3
Rachel Hannen,87.60%,84.30%,86.00%,92.60%,211,"{""Lead"": {""start"": ""2015-02-28"", ""end"": ""2017-02-05"", ""count"": 11}}","{""SCO"": {""start"": ""2015-02-28"", ""end"": ""2015-03-08"", ""count"": 6}, ""Scotland"": {""start"": ""2016-03-09"", ""end"": ""2016-03-11"", ""count"": 2}, ""United Kingdom"": {""start"": ""2017-01-30"", ""end"": ""2017-02-05"", ""count"": 3}}",Right,,,,,,,95.40%,94.00%,87.50%,50.00%,88.70%,75.00%,,,66.70%,86.40%,65.00%,75.00%,,,,50.00%,0.00%,50.00%,,,,,,88.90%,,,,91.70%,,,,,,75.00%,,,,,,,,,,,0.8,0.29,49,56,18.4,32.1,26.8,26.5,-8.1,8,1,12.5,3,0,0,,,,,,,,,,,,,,,,,,,,,,,,,,,,,,,89.90%,78.60%,94.80%,83.30%,81.80%,55.00%,,,,,,,,,,,,,,,,,Raise CW,0,Draw CW,88.7
Rachel Homan,82.40%,82.20%,82.30%,86.60%,6151,"{""Fourth"": {""start"": ""2011-02-19"", ""end"": ""2025-04-13"", ""count"": 272}, ""Second"": {""start"": ""2018-09-14"", ""end"": ""2018-09-14"", ""count"": 1}}","{""ON(Homan)"": {""start"": ""2011-02-19"", ""end"": ""2011-02-27"", ""count"": 8}, ""ON (Homan)"": {""start"": ""2013-02-16"", ""end"": ""2024-02-25"", ""count"": 60}, ""Homan"": {""start"": ""2015-12-02"", ""end"": ""2025-04-13"", ""count"": 161}, ""CAN (Homan)"": {""start"": ""2017-03-18"", ""end"": ""2025-03-23"", ""count"": 43}}",Right,1989,"Ottawa, ON","Ottawa, ON","Personal Trainer, GoodLife Fitness",,,90.00%,56.20%,88.00%,88.70%,81.50%,79.90%,72.00%,71.50%,86.40%,87.60%,81.60%,78.70%,95.40%,95.70%,72.10%,73.40%,67.30%,68.60%,64.30%,,86.50%,72.20%,,,88.30%,92.60%,82.90%,83.50%,75.00%,65.00%,86.70%,89.00%,96.70%,82.60%,97.70%,95.20%,60.00%,78.90%,69.00%,75.00%,,,,,1.3,0.37,1475,1565,40.7,38.5,25.7,14.9,25.8,62,18,29,212,7,3.3,,,,,,,,,,,,,,,,,,,,,,,74.20%,78.90%,,,80.00%,86.00%,,,83.20%,81.20%,78.80%,80.50%,84.50%,84.80%,75.30%,79.50%,80.80%,86.40%,83.50%,85.70%,77.60%,79.10%,73.70%,81.20%,79.90%,82.90%,85.30%,85.60%,89.20%,83.90%,Wick CW,64.3,Guard CCW,88.7
Rachelle Strybosch,81.10%,75.80%,78.80%,70.30%,500,"{""Second"": {""start"": ""2021-10-25"", ""end"": ""2023-09-27"", ""count"": 26}}","{""Duncan"": {""start"": ""2021-10-25"", ""end"": ""2023-09-27"", ""count"": 20}, ""ON (Duncan)"": {""start"": ""2022-01-29"", ""end"": ""2022-02-03"", ""count"": 6}}",Right,1991,,"Woodstock, ON",,,,95.80%,90.60%,88.60%,83.90%,82.90%,81.00%,70.50%,60.00%,81.30%,71.50%,72.00%,65.40%,88.00%,84.00%,76.40%,63.60%,60.00%,46.90%,,,,,95.00%,,95.80%,,85.00%,75.00%,25.00%,,75.00%,12.50%,,50.00%,93.80%,77.80%,,,50.00%,50.00%,,,,,1.19,0.29,123,117,35.8,38.5,17.9,23.6,12.2,16,3,18.8,12,3,25,,,,,,,,,,,,,,,,,,,,,,,,,,,,,,,,,,,,,,,,,,,85.70%,72.20%,81.20%,76.20%,88.90%,95.50%,,,,,Raise CCW,46.9,Guard CW,88.6
Radek Bohac,75.60%,79.30%,77.60%,77.10%,801,"{""Second"": {""start"": ""2021-11-20"", ""end"": ""2025-04-03"", ""count"": 31}, ""Third"": {""start"": ""2024-04-03"", ""end"": ""2024-04-03"", ""count"": 1}}","{""Czech Republic"": {""start"": ""2021-11-20"", ""end"": ""2022-11-24"", ""count"": 23}, ""CZE (Klima)"": {""start"": ""2023-04-01"", ""end"": ""2025-04-03"", ""count"": 9}}",Right,1977,"Prague, CZE","Prague, CZE",,,,95.80%,90.90%,86.50%,77.40%,77.70%,80.20%,,,74.60%,87.00%,78.80%,77.80%,79.80%,86.00%,66.10%,72.80%,55.40%,64.30%,,37.50%,69.10%,50.00%,,93.80%,,83.30%,79.20%,77.30%,,,,,,75.00%,86.40%,94.20%,66.70%,,41.70%,37.50%,,,50.00%,25.00%,1.06,0.21,207,185,29,35.1,16.2,24.6,4.4,27,3,11.1,17,2,11.8,,,,,,,,,,,,,,,,,,,,,,,,,,,,,,,,,,,,,,,,,,,78.30%,72.40%,83.60%,76.40%,79.50%,73.70%,91.70%,86.80%,,62.50%,Wick CCW,37.5,Take-out CCW,87
Ralph Stoeckli,69.60%,86.20%,80.30%,95.00%,210,"{""Fourth"": {""start"": ""2010-02-16"", ""end"": ""2010-02-27"", ""count"": 10}}","{""SUI"": {""start"": ""2010-02-16"", ""end"": ""2010-02-27"", ""count"": 10}}",Right,1976,"Uzwil, SUI","Ittingen, SUI",,,,,,87.50%,89.30%,64.80%,79.30%,50.00%,,78.60%,93.90%,30.00%,83.90%,,94.40%,54.20%,72.20%,66.70%,91.70%,,,,58.30%,,,,75.00%,,75.00%,,,,,,,,,,,,,,,,,0.91,0.2,57,50,28.1,36,20,17.5,10.6,3,0,0,6,1,16.7,,,,,,,,,,,,,,,,,,,,,74.00%,83.80%,,,,,,,,,,,,,,,,,,,,,,,,,,,,,,,Hit-roll CW,30,Take-out CCW,93.9
Randy Ferbey,83.30%,86.80%,85.10%,91.00%,920,"{""Third"": {""start"": ""2001-03-03"", ""end"": ""2004-03-13"", ""count"": 32}}","{""AB (Ferbey)"": {""start"": ""2001-03-03"", ""end"": ""2004-03-13"", ""count"": 24}, ""ALTA (Ferbey)"": {""start"": ""2003-03-01"", ""end"": ""2003-03-09"", ""count"": 8}}",Right,1959,"Edmonton, AB","Sherwood Park, AB","Business Owner, Ferbey's Asham Curling Supplies",,,95.00%,,89.00%,92.80%,81.50%,86.30%,86.50%,81.60%,81.90%,85.40%,86.50%,89.80%,93.50%,94.40%,70.40%,71.00%,80.60%,75.00%,,,,,,,,,83.30%,91.70%,,,83.30%,88.30%,96.40%,,,92.20%,80.00%,75.00%,,75.00%,,,,,1.43,0.38,214,234,43.9,41,27.8,14.5,29.4,6,2,33.3,37,2,5.4,,,84.10%,81.10%,86.40%,82.90%,86.60%,85.90%,87.00%,88.20%,,,,,,,,,,,,,,,,,,,,,,,,,,,,,,,,,,,,,,,,,,,Double CW,70.4,Guard CCW,92.8
Randy Turpin,81.50%,80.20%,80.80%,79.90%,190,"{""Second"": {""start"": ""2002-03-09"", ""end"": ""2002-03-14"", ""count"": 6}, ""Third"": {""start"": ""2007-03-07"", ""end"": ""2007-03-07"", ""count"": 1}}","{""NL (Noseworthy)"": {""start"": ""2002-03-09"", ""end"": ""2002-03-14"", ""count"": 6}, ""NWT/Yukon (Koe)"": {""start"": ""2007-03-07"", ""end"": ""2007-03-07"", ""count"": 1}}",Right,,,"Torbay, NL",,,,84.60%,91.70%,,93.80%,69.00%,71.20%,77.50%,75.00%,78.60%,81.20%,86.40%,82.10%,90.00%,89.30%,68.80%,65.00%,,41.70%,,,,,93.80%,,,,75.00%,50.00%,,,,75.00%,,,75.00%,50.00%,,,,,,,,,0.95,0.46,43,52,25.6,26.9,28.8,32.6,-7,8,0,0,4,0,0,,,,,78.40%,82.10%,,,,,,,,,93.80%,100.00%,,,,,,,,,,,,,,,,,,,,,,,,,,,,,,,,,,,,,Raise CCW,41.7,Guard CCW,93.8
Raphael Maerki,80.90%,79.40%,80.10%,83.60%,214,"{""Second"": {""start"": ""2018-03-31"", ""end"": ""2018-04-06"", ""count"": 7}}","{""SUI (Pfister)"": {""start"": ""2018-03-31"", ""end"": ""2018-04-06"", ""count"": 7}}",Right,1992,,,,,,95.50%,89.60%,65.60%,92.50%,77.50%,74.10%,,,76.90%,87.50%,80.00%,85.70%,92.90%,80.90%,70.00%,50.00%,71.40%,62.50%,,50.00%,91.70%,25.00%,90.00%,,,,50.00%,62.50%,,,50.00%,,,,,,,,,,,,,,0.94,0.35,51,54,25.5,25.9,20.4,13.7,11.8,4,0,0,6,1,16.7,,,,,,,,,,,,,,,,,,,,,,,,,,,,,,,,,,,,,81.40%,79.40%,,,,,,,,,,,,,,,Promotion CCW,25,Guard CCW,92.5
Raquel Bachman,64.50%,67.60%,66.10%,66.20%,279,"{""Second"": {""start"": ""2016-03-20"", ""end"": ""2017-03-22"", ""count"": 8}, ""Lead"": {""start"": ""2017-03-21"", ""end"": ""2017-03-21"", ""count"": 1}}","{""DAL"": {""start"": ""2016-03-20"", ""end"": ""2016-03-23"", ""count"": 4}, ""DAL (Clarke)"": {""start"": ""2017-03-18"", ""end"": ""2017-03-22"", ""count"": 5}}",Right,1995,"Lunenburg, NS",,,,Dalhousie University,78.60%,80.00%,91.70%,83.30%,44.40%,57.80%,,58.30%,71.30%,76.00%,67.40%,68.80%,70.50%,69.10%,68.80%,,16.70%,,,,,,,66.70%,,,0.00%,66.70%,,62.50%,,,,,75.00%,57.10%,,,0.00%,,,,,,0.78,0.55,67,69,19.4,29,33.3,32.8,-13.4,9,0,0,8,2,25,,,,,,,,,,,,,,,,,,,,,,,,,,,,,,,,,60.50%,70.80%,62.50%,68.20%,,,,,,,,,,,,,,,,,Raise CW,16.7,Guard CW,91.7
Rasmus Stjerne,77.20%,78.90%,78.20%,78.80%,1336,"{""Fourth"": {""start"": ""2009-03-14"", ""end"": ""2018-02-21"", ""count"": 47}, ""Third"": {""start"": ""2016-11-22"", ""end"": ""2016-11-23"", ""count"": 2}}","{""DEN"": {""start"": ""2009-03-14"", ""end"": ""2014-11-26"", ""count"": 20}, ""Denmark"": {""start"": ""2016-04-02"", ""end"": ""2017-12-10"", ""count"": 20}, ""DEN (Stjerne)"": {""start"": ""2018-02-14"", ""end"": ""2018-02-21"", ""count"": 7}}",Right,,,,,,,,95.00%,88.20%,84.70%,72.60%,77.10%,53.60%,61.10%,85.50%,87.30%,79.20%,78.00%,96.20%,91.50%,64.80%,67.90%,67.00%,61.30%,0.00%,75.00%,56.70%,61.40%,,,,81.80%,88.50%,73.40%,,33.30%,85.00%,78.30%,81.20%,82.10%,,,41.70%,52.50%,,50.00%,,,,50.00%,1.05,0.22,329,332,30.1,29.8,16.6,17.3,12.8,34,4,11.8,25,6,24,,,,,,,,,,,,,,,,,,,68.30%,72.20%,,,,,,,,,75.70%,76.10%,,,77.90%,84.20%,79.40%,81.60%,73.90%,76.50%,,,,,,,,,,,,,,,Wick CW,0,Guard CW,88.2
Rasmus Wrana,86.50%,87.50%,87.00%,89.90%,1084,"{""Second"": {""start"": ""2022-10-04"", ""end"": ""2024-10-05"", ""count"": 62}, ""Third"": {""start"": ""2022-10-22"", ""end"": ""2022-10-23"", ""count"": 2}}","{""Edin"": {""start"": ""2022-10-04"", ""end"": ""2024-10-05"", ""count"": 62}}",Right,1995,"Stockholm, SWE","Karlstad, SWE",,,,75.00%,98.20%,93.10%,92.30%,83.30%,85.30%,87.10%,84.80%,92.40%,86.20%,77.30%,83.30%,94.60%,95.20%,84.60%,89.70%,82.80%,76.80%,,,,,75.00%,,,84.10%,81.20%,86.70%,80.00%,,90.00%,81.20%,,82.10%,98.80%,98.80%,,87.50%,87.50%,95.00%,,,,,1.13,0.33,261,252,35.2,27.8,20.2,14.9,20.3,18,1,5.6,31,0,0,,,,,,,,,,,,,,,,,,,,,,,,,,,,,,,,,,,,,,,,,,,,,81.20%,86.40%,90.80%,88.10%,84.60%,86.60%,,,Raise CCW,76.8,Guard CW,93.1
Raunora Westcott,84.10%,82.20%,83.50%,75.70%,1039,"{""Lead"": {""start"": ""2011-02-19"", ""end"": ""2021-02-25"", ""count"": 36}}","{""MB (Overton...)"": {""start"": ""2011-02-19"", ""end"": ""2011-02-24"", ""count"": 6}, ""McDonald"": {""start"": ""2015-12-02"", ""end"": ""2015-12-04"", ""count"": 3}, ""Englot"": {""start"": ""2017-12-02"", ""end"": ""2017-12-08"", ""count"": 7}, ""MB (Englot)"": {""start"": ""2017-02-18"", ""end"": ""2017-02-26"", ""count"": 8}, ""Flaxey"": {""start"": ""2018-12-05"", ""end"": ""2018-12-08"", ""count"": 4}, ""CA"": {""start"": ""2018-01-27"", ""end"": ""2018-02-02"", ""count"": 6}, ""MB (Jones)"": {""start"": ""2021-02-24"", ""end"": ""2021-02-25"", ""count"": 2}}",Right,,,,,,,90.80%,89.90%,82.60%,77.10%,81.50%,81.70%,81.20%,71.60%,85.10%,75.60%,72.90%,79.50%,78.60%,,,,68.20%,68.80%,25.00%,,,,90.60%,,85.00%,,88.50%,87.50%,50.00%,75.00%,50.00%,75.00%,,,,,,,,,6.20%,,,,1.05,0.32,248,261,27.8,31.4,23.8,23,4.8,22,3,13.6,26,3,11.5,,,,,,,,,,,,,,,,,,,,,,,75.30%,72.20%,,,,,,,85.60%,63.30%,,,87.10%,77.20%,87.70%,83.20%,,,,,100.00%,,,,,,,,,,Wick CW,25,Take-out CW,85.1
Rebecca Atkinson,74.00%,74.40%,74.20%,79.00%,630,"{""Third"": {""start"": ""2012-02-18"", ""end"": ""2016-02-26"", ""count"": 20}}","{""NB (Atkinson)"": {""start"": ""2012-02-18"", ""end"": ""2012-02-23"", ""count"": 6}, ""NB (Crawford)"": {""start"": ""2013-02-16"", ""end"": ""2013-02-22"", ""count"": 7}, ""NB (Robichaud)"": {""start"": ""2016-02-20"", ""end"": ""2016-02-26"", ""count"": 7}}",Right,1982,"Halifax, NS","Rothesay, NB","Lawyer, Cox & Palmer",,,86.70%,87.50%,86.40%,86.50%,64.20%,64.70%,77.80%,64.50%,77.60%,77.80%,63.90%,75.00%,86.10%,82.10%,67.00%,61.80%,51.90%,75.00%,,,,,96.40%,93.80%,93.20%,,81.20%,75.00%,,75.00%,79.20%,85.00%,50.00%,87.50%,65.00%,83.30%,62.50%,,,37.50%,,,,,1.13,0.2,157,151,33.8,38.4,15.9,19.1,14.7,14,4,28.6,10,1,10,,,,,,,,,,,,,,,,,,,,,,,,,70.30%,75.80%,70.30%,71.50%,,,,,76.70%,78.20%,,,,,,,,,,,,,,,,,,,Raise CW,51.9,Guard CCW,86.5
Rebecca Hamilton,81.10%,80.50%,80.80%,85.60%,805,"{""Second"": {""start"": ""2022-10-04"", ""end"": ""2023-10-20"", ""count"": 32}, ""Third"": {""start"": ""2023-05-02"", ""end"": ""2023-05-06"", ""count"": 5}, ""Lead"": {""start"": ""2023-04-11"", ""end"": ""2024-01-20"", ""count"": 17}}","{""Peterson"": {""start"": ""2022-10-04"", ""end"": ""2024-01-20"", ""count"": 45}}",Right,1990,"McFaland, WI","McFarland, WI",,,Edgewood College,93.60%,95.60%,94.40%,83.30%,78.80%,73.40%,82.40%,82.60%,75.00%,80.60%,75.00%,82.80%,83.00%,91.50%,83.30%,69.10%,61.70%,58.30%,,,,,,,,,77.20%,76.80%,90.00%,56.20%,87.50%,87.50%,75.00%,,78.60%,96.40%,,50.00%,65.00%,,,,,,1.1,0.31,171,175,30.4,31.4,23.4,22.8,7.6,22,2,9.1,17,1,5.9,,,,,,,,,,,,,,,,,,,,,,,,,,,,,,,,,,,,,,,,,,,,,80.40%,80.50%,81.70%,78.30%,87.10%,50.00%,,,Raise CCW,58.3,Guard CW,94.4
Rebecca Jean Macdonald,77.00%,70.70%,74.00%,81.70%,216,"{""Third"": {""start"": ""2012-02-18"", ""end"": ""2017-02-19"", ""count"": 7}, ""Lead"": {""start"": ""2017-02-21"", ""end"": ""2017-02-21"", ""count"": 1}}","{""PEI (Dolan)"": {""start"": ""2012-02-18"", ""end"": ""2012-02-23"", ""count"": 6}, ""PE (MacPhee)"": {""start"": ""2017-02-19"", ""end"": ""2017-02-21"", ""count"": 2}}",Right,1974,"Charlottetown, PEI","Stratford, PEI","Pediatric Nurse, Queen Elizabeth Hospital",,,,,80.00%,75.00%,77.40%,60.20%,50.00%,31.20%,80.60%,83.50%,75.00%,60.70%,68.80%,63.90%,62.50%,62.50%,50.00%,54.20%,,,,,,,75.00%,62.50%,66.70%,87.50%,,,,,50.00%,,,75.00%,,,,,,,,,1.12,0.24,50,58,26,29.3,20.7,24,2,7,2,28.6,4,1,25,,,,,,,,,,,,,,,,,,,,,,,,,73.80%,74.60%,,,,,,,,,37.50%,,,,,,,,,,,,,,,,,,Freeze CCW,31.2,Take-out CCW,83.5
Rebecca Morrison,79.20%,76.60%,77.80%,74.40%,1508,"{""Fourth"": {""start"": ""2018-03-04"", ""end"": ""2025-03-22"", ""count"": 62}, ""Third"": {""start"": ""2018-03-07"", ""end"": ""2018-03-07"", ""count"": 1}}","{""Scotland"": {""start"": ""2018-03-04"", ""end"": ""2018-03-07"", ""count"": 3}, ""SCO (Morrison)"": {""start"": ""2022-11-18"", ""end"": ""2024-03-22"", ""count"": 28}, ""Morrison"": {""start"": ""2023-10-17"", ""end"": ""2024-10-04"", ""count"": 17}, ""SCO (Jackson)"": {""start"": ""2024-11-16"", ""end"": ""2025-03-22"", ""count"": 15}}",Right,,,,,,,81.20%,,87.30%,84.20%,78.70%,73.40%,65.00%,69.40%,83.90%,81.70%,74.40%,78.40%,98.10%,90.60%,72.60%,68.40%,65.90%,63.20%,37.50%,,53.60%,55.40%,75.00%,,77.30%,87.50%,68.30%,77.20%,75.00%,75.00%,66.20%,70.30%,75.00%,70.80%,,75.00%,65.00%,60.70%,67.90%,90.00%,,,70.00%,66.70%,0.98,0.35,375,374,28.3,31,22.5,22.4,5.9,40,11,27.5,27,1,3.7,,,,,,,,,,,,,,,,,,,,,,,,,,,,,,,,,,,,,73.40%,73.70%,,,,,,,69.00%,75.00%,78.40%,76.10%,76.10%,79.40%,86.70%,82.10%,Wick CW,37.5,Guard CW,87.3
Rebecca Rodgers,82.40%,85.70%,84.10%,79.40%,233,"{""Lead"": {""start"": ""2023-10-17"", ""end"": ""2024-01-19"", ""count"": 16}}","{""Strouse"": {""start"": ""2023-10-17"", ""end"": ""2024-01-19"", ""count"": 16}}",Left,2000,"Ventura, CA","Leyden, MA",Student,Pioneer Valley Regional School,Wisconsin-St. Clair,89.30%,89.30%,,91.70%,85.60%,83.20%,83.30%,80.00%,54.40%,84.40%,,81.20%,,,,,,87.50%,,,,,84.40%,77.50%,,87.50%,62.50%,64.30%,,,,,,,,,,,,,,,,,0.72,0.29,58,51,17.2,25.5,19.6,32.8,-15.6,11,0,0,3,0,0,,,,,,,,,,,,,,,,,,,,,,,,,,,,,,,,,,,,,,,,,,,,,,,86.80%,65.40%,85.90%,83.30%,,,Take-out CW,54.4,Guard CCW,91.7
Reid Carruthers,81.80%,83.00%,82.40%,79.30%,4183,"{""Third"": {""start"": ""2008-03-13"", ""end"": ""2024-04-12"", ""count"": 73}, ""Second"": {""start"": ""2011-03-05"", ""end"": ""2013-03-10"", ""count"": 16}, ""Fourth"": {""start"": ""2015-12-02"", ""end"": ""2025-03-08"", ""count"": 101}}","{""MB (Butnyk)"": {""start"": ""2008-03-13"", ""end"": ""2008-03-13"", ""count"": 1}, ""MB (Stoughton)"": {""start"": ""2011-03-05"", ""end"": ""2011-03-13"", ""count"": 8}, ""MB ( Stoughton)"": {""start"": ""2013-03-02"", ""end"": ""2013-03-10"", ""count"": 8}, ""Carruthers"": {""start"": ""2015-12-02"", ""end"": ""2024-11-29"", ""count"": 83}, ""MB"": {""start"": ""2018-03-03"", ""end"": ""2019-03-08"", ""count"": 14}, ""R. Carruthers"": {""start"": ""2018-02-04"", ""end"": ""2019-02-10"", ""count"": 2}, ""WC (McEwen)"": {""start"": ""2020-02-29"", ""end"": ""2020-03-07"", ""count"": 8}, ""WC1 (McEwen)"": {""start"": ""2020-02-28"", ""end"": ""2021-03-11"", ""count"": 7}, ""McEwen"": {""start"": ""2020-02-09"", ""end"": ""2022-04-16"", ""count"": 28}, ""MB (McEwen)"": {""start"": ""2022-03-05"", ""end"": ""2022-03-11"", ""count"": 7}, ""WC2 (Carruthers)"": {""start"": ""2023-03-04"", ""end"": ""2023-03-09"", ""count"": 6}, ""MB-C (Carruthers)"": {""start"": ""2024-03-02"", ""end"": ""2024-03-08"", ""count"": 6}, ""Jacobs"": {""start"": ""2024-04-09"", ""end"": ""2024-04-12"", ""count"": 4}, ""MB (Carruthers)"": {""start"": ""2025-02-28"", ""end"": ""2025-03-08"", ""count"": 8}}",Right,1985,"Winnipeg, MB","Winnipeg, MB","Substitute Teacher, Louis Riel School Division",Glenlawn Collegiate Highschool,Univ. of Winnipeg / Red River,90.30%,93.40%,90.70%,92.30%,79.00%,81.80%,72.40%,78.80%,85.00%,85.90%,76.80%,76.40%,97.90%,95.30%,73.50%,67.90%,78.20%,76.30%,,,43.80%,50.00%,,97.90%,90.60%,89.00%,75.60%,79.20%,52.90%,79.50%,85.00%,85.70%,81.90%,56.70%,,95.50%,86.70%,65.00%,73.70%,73.40%,,,37.50%,,1.03,0.28,1038,1009,30.1,32.8,19.5,16.1,14,90,15,16.7,89,2,2.2,,,,,,,,,,,,,,,,,87.50%,,,,,,81.00%,89.40%,,,88.80%,87.90%,,,72.90%,85.00%,81.60%,80.90%,92.80%,80.00%,71.40%,79.80%,86.80%,80.40%,80.80%,90.90%,88.00%,82.20%,80.10%,80.00%,78.20%,79.30%,80.70%,80.50%,90.00%,85.10%,Promotion CW,43.8,Guard CCW,92.3
Rich Ruohonen,85.20%,82.70%,83.70%,86.60%,343,"{""Third"": {""start"": ""2018-03-31"", ""end"": ""2018-09-15"", ""count"": 9}, ""Fourth"": {""start"": ""2021-10-19"", ""end"": ""2021-10-22"", ""count"": 4}, ""Lead"": {""start"": ""2022-11-03"", ""end"": ""2022-11-03"", ""count"": 1}}","{""United States"": {""start"": ""2018-09-15"", ""end"": ""2018-09-15"", ""count"": 1}, ""USA (Ruohonen)"": {""start"": ""2018-03-31"", ""end"": ""2018-04-07"", ""count"": 8}, ""Ruohonen"": {""start"": ""2021-10-19"", ""end"": ""2021-10-22"", ""count"": 4}, ""USA (Dropkin)"": {""start"": ""2022-11-03"", ""end"": ""2022-11-03"", ""count"": 1}}",Right,1971,"St. Paul, MN","Brooklyn Park, MN","Attorney, Terry, Slane & Ruohonen/ TSR Injury Law",Spring Lake Park High School,Hamline University,,,95.80%,85.00%,82.60%,86.40%,,,82.30%,82.00%,84.40%,81.00%,,90.00%,75.00%,66.30%,70.80%,75.00%,,,91.70%,85.70%,,,,93.80%,83.30%,75.00%,,,50.00%,,,,,,,50.00%,,,,,,,0.87,0.21,85,82,23.5,31.7,19.5,17.6,5.9,5,1,20,4,0,0,,,,,,,,,,,,,,,,,,,,,,,,,,,,,,,,,,,,,85.10%,84.30%,,,,,83.00%,73.60%,100.00%,100.00%,,,,,,,Double CCW,66.3,Guard CW,95.8
Richard Barker,74.80%,83.20%,80.40%,84.30%,366,"{""Lead"": {""start"": ""2007-03-03"", ""end"": ""2007-03-08"", ""count"": 6}, ""Second"": {""start"": ""2015-11-09"", ""end"": ""2015-11-13"", ""count"": 5}}","{""NS (Kehoe)"": {""start"": ""2007-03-03"", ""end"": ""2007-03-08"", ""count"": 6}, ""NS (MacKenzie)"": {""start"": ""2015-11-09"", ""end"": ""2015-11-13"", ""count"": 5}}",Right,1970,"Windsor, NS","Falmouth, NS",,,,,95.10%,77.50%,88.90%,70.70%,79.30%,79.20%,71.40%,71.90%,71.70%,67.50%,78.10%,83.30%,88.50%,58.30%,70.80%,58.30%,75.00%,,0.00%,,,,96.70%,75.00%,,43.80%,75.00%,,,,0.00%,,,,90.00%,,,,,,,,,1.02,0.34,95,85,31.6,34.1,22.4,20,11.6,8,2,25,6,0,0,,,,,,,,,,,,,,,87.70%,76.40%,,,,,,,,,,,,,,,73.00%,72.50%,,,,,,,,,,,,,,,,,,,,,Wick CCW,0,Guard CCW,88.9
Richard Daneault,79.90%,84.00%,82.20%,79.50%,593,"{""Second"": {""start"": ""2008-03-08"", ""end"": ""2012-03-11"", ""count"": 15}, ""Third"": {""start"": ""2017-11-07"", ""end"": ""2017-11-11"", ""count"": 5}}","{""MB (Butnyk)"": {""start"": ""2008-03-08"", ""end"": ""2008-03-13"", ""count"": 6}, ""MB (Fowler)"": {""start"": ""2012-03-03"", ""end"": ""2012-03-11"", ""count"": 9}, ""Lyburn"": {""start"": ""2017-11-07"", ""end"": ""2017-11-11"", ""count"": 5}}",Right,1977,"Winnipeg, MB","St. Jean Baptiste, MB","Mechanical Designer, Sperling Industries",St. Jean Baptiste,,76.70%,91.70%,72.70%,86.00%,73.90%,78.60%,76.10%,82.70%,88.20%,81.70%,76.30%,81.00%,85.90%,96.30%,80.90%,70.80%,72.90%,67.30%,,,,,68.80%,75.00%,75.00%,,60.00%,80.00%,75.00%,,75.00%,66.70%,,,69.40%,92.60%,,75.00%,,,,,,,1.08,0.27,141,149,31.9,34.2,22.1,18.4,13.5,11,0,0,16,2,12.5,,,,,,,,,,,,,,,,,78.20%,83.70%,,,,,,,80.60%,87.10%,,,,,,,,,76.00%,80.50%,,,,,,,,,,,,,,,,,Raise CCW,67.3,Take-out CW,88.2
Richard Hart,85.90%,85.80%,85.80%,87.60%,1879,"{""Third"": {""start"": ""2006-03-11"", ""end"": ""2017-03-10"", ""count"": 62}}","{""ONT (Howard)"": {""start"": ""2006-03-11"", ""end"": ""2006-03-19"", ""count"": 8}, ""ON (Howard)"": {""start"": ""2007-03-03"", ""end"": ""2017-03-10"", ""count"": 46}, ""ONT (G.Howard)"": {""start"": ""2009-03-07"", ""end"": ""2009-03-14"", ""count"": 8}}",Left,1968,"Toronto, ON","Pickering, ON","Project Manager, Hart-well Electrical Co. Ltd",,,84.40%,75.00%,93.40%,93.30%,85.40%,86.50%,78.60%,77.30%,86.90%,88.50%,85.60%,79.00%,95.00%,93.50%,76.60%,77.40%,86.30%,79.20%,,,,,75.00%,,95.50%,,81.20%,92.90%,67.90%,68.80%,93.30%,81.70%,,93.80%,98.40%,97.30%,83.30%,93.80%,93.80%,71.90%,,,,,1.32,0.35,415,500,39.3,37.2,23.6,9.6,29.7,18,4,22.2,60,2,3.3,,,,,,,,,,,,,82.10%,84.20%,88.70%,81.10%,83.20%,83.30%,86.60%,87.50%,83.20%,88.10%,85.30%,89.20%,,,,,,,,,89.20%,90.10%,84.90%,84.90%,,,,,,,,,,,,,,,,,Double CW,76.6,Guard CW,93.4
Richard Krell,85.90%,79.60%,82.80%,94.00%,198,"{""Third"": {""start"": ""2016-03-20"", ""end"": ""2017-02-04"", ""count"": 6}}","{""WLU"": {""start"": ""2016-03-20"", ""end"": ""2016-03-23"", ""count"": 4}, ""CAN (Squires)"": {""start"": ""2017-02-02"", ""end"": ""2017-02-04"", ""count"": 2}}",Right,1992,"London, ON","Canmore, AB",,,Wilfrid Laurier,,,89.60%,85.00%,85.90%,73.40%,25.00%,83.30%,78.80%,68.20%,,87.50%,88.80%,90.30%,80.60%,67.50%,87.50%,75.00%,,,,,,,,,,91.70%,,,,,,,87.50%,66.70%,,,,,,,,,1.54,0.47,37,58,48.6,27.6,36.2,13.5,35.1,2,1,50,9,0,0,,,,,,,,,,,,,,,,,,,,,,,,,,,,,,,,,86.80%,85.00%,72.50%,71.70%,,,,,,,,,,,,,,,,,Freeze CW,25,Guard CW,89.6
Rick Sawatsky,88.90%,86.20%,87.70%,82.20%,1551,"{""Lead"": {""start"": ""2008-03-08"", ""end"": ""2021-03-11"", ""count"": 51}}","{""B.C. (Ursel)"": {""start"": ""2008-03-08"", ""end"": ""2008-03-14"", ""count"": 7}, ""B.C. (Cotter)"": {""start"": ""2011-03-05"", ""end"": ""2011-03-10"", ""count"": 6}, ""BC (Cotter)"": {""start"": ""2012-03-03"", ""end"": ""2020-03-04"", ""count"": 18}, ""BC (Morris)"": {""start"": ""2017-03-04"", ""end"": ""2017-03-09"", ""count"": 6}, ""Morris"": {""start"": ""2017-12-08"", ""end"": ""2017-12-08"", ""count"": 1}, ""BC"": {""start"": ""2019-03-02"", ""end"": ""2019-03-08"", ""count"": 7}, ""BC (Laycock)"": {""start"": ""2021-03-06"", ""end"": ""2021-03-11"", ""count"": 6}}",Right,1976,"Sioux Lookout, ON","Kelowna, BC","Utilities Technician, Corix Utilities",Vernon Secondary School,Okanagan College and Camosun College,94.50%,91.50%,82.60%,80.30%,89.20%,88.40%,85.90%,80.50%,84.70%,82.10%,70.80%,85.00%,50.00%,,,50.00%,68.40%,77.10%,61.10%,51.20%,,,95.20%,92.20%,87.50%,58.30%,96.70%,91.30%,95.00%,75.00%,,75.00%,,,,,,,60.00%,,75.00%,50.00%,,,1.01,0.21,389,372,28.3,39.2,16.4,20.8,7.5,29,5,17.2,28,3,10.7,,,,,,,,,,,,,,,,,91.60%,88.50%,,,,,87.90%,67.30%,87.60%,86.50%,,,,,,,93.10%,78.10%,89.60%,70.00%,,,89.70%,71.60%,84.20%,77.90%,90.70%,70.20%,,,,,,,,,Double CCW,50,Draw CW,89.2
Riku Yanagisawa,80.60%,79.10%,79.70%,83.50%,423,"{""Fourth"": {""start"": ""2023-10-17"", ""end"": ""2025-04-04"", ""count"": 20}}","{""Yanagisawa"": {""start"": ""2023-10-17"", ""end"": ""2024-10-05"", ""count"": 13}, ""JPN (Yamaguchi)"": {""start"": ""2025-03-29"", ""end"": ""2025-04-04"", ""count"": 7}}",Right,2002,"Karuizawa, JPN","karuizawa, JPN",student,,,,,,97.20%,80.80%,78.50%,25.00%,60.70%,82.30%,81.00%,76.90%,79.20%,,,66.70%,62.50%,93.80%,62.50%,,,25.00%,50.00%,,,,87.50%,84.40%,85.70%,,,75.00%,77.80%,75.00%,75.00%,,,75.00%,,,66.70%,,,,,0.94,0.13,121,91,26.4,31.9,11,21.5,4.9,11,0,0,4,0,0,,,,,,,,,,,,,,,,,,,,,,,,,,,,,,,,,,,,,,,,,,,,,,,83.30%,77.20%,79.50%,78.30%,79.50%,80.50%,Freeze CW,25,Guard CCW,97.2
Rob Fowler,80.50%,84.60%,82.80%,89.80%,941,"{""Second"": {""start"": ""2007-03-03"", ""end"": ""2010-03-11"", ""count"": 22}, ""Fourth"": {""start"": ""2012-03-03"", ""end"": ""2012-03-11"", ""count"": 9}}","{""MB (Stoughton)"": {""start"": ""2007-03-03"", ""end"": ""2010-03-11"", ""count"": 13}, ""MAN (Stoughton)"": {""start"": ""2009-03-07"", ""end"": ""2009-03-15"", ""count"": 9}, ""MB (Fowler)"": {""start"": ""2012-03-03"", ""end"": ""2012-03-11"", ""count"": 9}}",Right,1975,"Brandon , MB","Brandon , MB","General Manager , Fowler Hyundai",Vincent Massey,Brandon University,,95.80%,93.80%,88.90%,74.70%,79.70%,73.80%,81.20%,81.20%,88.30%,70.20%,74.40%,90.90%,95.10%,71.40%,75.90%,80.90%,80.00%,,,,,,,87.50%,90.00%,83.30%,89.60%,,,91.70%,,,87.50%,91.20%,93.50%,25.00%,,87.50%,,,,,,1.17,0.28,226,230,34.5,44.8,17.8,16.4,18.1,15,2,13.3,26,2,7.7,,,,,,,,,,,,,,,83.40%,83.90%,,,79.30%,87.80%,82.40%,86.60%,,,80.20%,77.90%,,,,,,,,,,,,,,,,,,,,,,,,,,,Hit-roll CW,70.2,Guard CW,93.8
Rob Gordon,86.60%,85.70%,86.30%,75.90%,867,"{""Lead"": {""start"": ""2016-01-23"", ""end"": ""2024-03-07"", ""count"": 36}}","{""MB"": {""start"": ""2016-01-23"", ""end"": ""2016-01-31"", ""count"": 9}, ""CAN (Dunstone)"": {""start"": ""2016-03-07"", ""end"": ""2016-03-07"", ""count"": 1}, ""Simmons"": {""start"": ""2017-11-07"", ""end"": ""2017-11-10"", ""count"": 4}, ""WPG"": {""start"": ""2018-03-24"", ""end"": ""2018-03-28"", ""count"": 5}, ""Calvert"": {""start"": ""2021-10-26"", ""end"": ""2022-09-22"", ""count"": 8}, ""WC3 (Gunnlaugs)"": {""start"": ""2022-03-09"", ""end"": ""2022-03-09"", ""count"": 1}, ""WC2 (Carruthers)"": {""start"": ""2023-03-04"", ""end"": ""2023-03-09"", ""count"": 6}, ""MB-D (Dunstone)"": {""start"": ""2024-03-04"", ""end"": ""2024-03-07"", ""count"": 2}}",Right,1996,"Winnipeg, MB","Winnipeg, MB",,,University of Winnipeg,92.50%,93.20%,82.50%,,85.50%,78.30%,84.00%,73.70%,86.20%,89.40%,60.00%,88.90%,,93.80%,,62.50%,69.40%,87.50%,46.20%,33.30%,,,97.00%,,,,93.50%,79.20%,87.50%,,,,0.00%,,,,,,50.00%,75.00%,30.00%,50.00%,,,1.16,0.35,206,223,33.5,33.2,22,19.9,13.6,13,7,53.8,24,1,4.2,,,,,,,,,,,,,,,,,,,,,,,,,,,,,,,,,88.00%,75.60%,88.60%,70.60%,88.30%,84.50%,,,,,83.00%,80.30%,86.80%,66.70%,89.90%,83.30%,100.00%,100.00%,,,Wick CCW,33.3,Take-out CCW,89.4
Rob Harris,85.60%,77.00%,82.10%,82.80%,726,"{""Second"": {""start"": ""2003-03-01"", ""end"": ""2006-03-18"", ""count"": 24}}","{""N.S.(Dacey)"": {""start"": ""2003-03-01"", ""end"": ""2003-03-09"", ""count"": 9}, ""NS (Dacey)"": {""start"": ""2004-03-06"", ""end"": ""2004-03-13"", ""count"": 8}, ""N.S (Dacey)"": {""start"": ""2006-03-11"", ""end"": ""2006-03-18"", ""count"": 7}}",Right,1963,"Halifax, NS",,,,,93.30%,93.80%,80.00%,,78.50%,68.20%,84.80%,75.00%,85.50%,73.20%,81.10%,79.30%,92.60%,85.80%,77.80%,68.10%,90.70%,69.30%,,,,,,,25.00%,,75.00%,65.00%,,70.00%,68.80%,66.70%,,75.00%,90.30%,97.10%,,,91.70%,,,,,,1.23,0.25,178,175,36,40.6,14.3,17.4,18.6,14,2,14.3,17,0,0,,,,,,,75.00%,80.10%,82.40%,85.80%,,,84.50%,83.10%,,,,,,,,,,,,,,,,,,,,,,,,,,,,,,,,,,,,,,,Double CCW,68.1,Raise CW,90.7
Rob Markowsky,79.00%,81.30%,80.60%,71.60%,193,"{""Lead"": {""start"": ""2010-03-06"", ""end"": ""2010-03-11"", ""count"": 6}}","{""SK (McKee)"": {""start"": ""2010-03-06"", ""end"": ""2010-03-11"", ""count"": 6}}",Right,,,,,,,90.20%,92.60%,75.00%,70.50%,70.40%,73.60%,79.20%,94.40%,,83.30%,,66.70%,,,,75.00%,66.70%,37.50%,,,,,,96.40%,,,66.70%,91.70%,,75.00%,,,,,,,,,,0.00%,,,,,1.36,0.19,45,48,35.6,35.4,16.7,15.6,20,5,0,0,4,0,0,,,,,,,,,,,,,,,,,,,,,81.40%,71.90%,,,,,,,,,,,,,,,,,,,,,,,,,,,,,,,Raise CCW,37.5,Freeze CCW,94.4
Rob Meakin,87.80%,84.80%,86.60%,97.80%,270,"{""Second"": {""start"": ""2001-03-03"", ""end"": ""2001-03-10"", ""count"": 8}}","{""MB (Burtnyk)"": {""start"": ""2001-03-03"", ""end"": ""2001-03-10"", ""count"": 8}}",Right,1965,"Winnipeg, MB","Winnipeg, MB","Sales Manager, Chip Tech Ltd",,,96.40%,92.90%,98.40%,85.00%,75.00%,81.70%,78.10%,85.00%,81.00%,83.80%,76.70%,81.20%,96.10%,88.90%,85.00%,75.00%,90.00%,85.70%,,,,,,,,,87.50%,,,,,,,,,95.00%,,,,,,,,,1.16,0.24,64,66,35.9,39.4,19.7,17.2,18.7,4,1,25,8,0,0,,,85.10%,87.40%,,,,,,,,,,,,,,,,,,,,,,,,,,,,,,,,,,,,,,,,,,,,,,,,,Draw CW,75,Guard CW,98.4
Robbie Doherty,84.20%,87.40%,85.60%,76.50%,372,"{""Lead"": {""start"": ""2016-03-05"", ""end"": ""2019-03-06"", ""count"": 14}}","{""PE (Casey)"": {""start"": ""2016-03-05"", ""end"": ""2016-03-11"", ""count"": 7}, ""PE (MacKenzie)"": {""start"": ""2017-03-02"", ""end"": ""2017-03-03"", ""count"": 2}, ""PE"": {""start"": ""2019-03-02"", ""end"": ""2019-03-06"", ""count"": 5}}",Right,1988,,"Charlottetown, PEI","Recruiter, Holland College",,,94.40%,96.00%,82.50%,90.00%,81.00%,83.30%,57.90%,64.60%,81.20%,81.60%,8.30%,,,,50.00%,62.50%,93.80%,75.00%,,33.30%,,,92.90%,,,,93.80%,25.00%,,,,,,,,,,,,,,0.00%,,,0.85,0.11,103,79,23.3,35.4,7.6,28.2,-4.9,15,0,0,3,1,33.3,,,,,,,,,,,,,,,,,,,,,,,,,,,,,,,,,86.90%,73.60%,86.90%,96.90%,,,88.20%,63.80%,,,,,,,,,,,,,Hit-roll CW,8.3,Raise CW,93.8
Robbie Gordon,74.60%,63.60%,69.30%,56.20%,388,"{""Fourth"": {""start"": ""2004-03-06"", ""end"": ""2006-03-16"", ""count"": 12}}","{""NO (Gordon)"": {""start"": ""2004-03-06"", ""end"": ""2004-03-11"", ""count"": 6}, ""N.ONT (Gordon)"": {""start"": ""2006-03-11"", ""end"": ""2006-03-16"", ""count"": 6}}",Left,1962,"Timmins, ON",,,,,,,95.80%,87.50%,70.80%,61.90%,67.90%,60.70%,79.30%,65.20%,80.40%,71.40%,,87.50%,50.00%,56.60%,67.90%,48.50%,,,,,,,,50.00%,43.80%,55.00%,50.00%,50.00%,87.50%,50.00%,,50.00%,,,0.00%,50.00%,50.00%,50.00%,,,,,0.9,0.28,106,86,23.6,32.6,16.3,29.2,-5.6,16,2,12.5,3,0,0,,,,,,,,,70.60%,69.70%,,,66.50%,70.00%,,,,,,,,,,,,,,,,,,,,,,,,,,,,,,,,,,,,,,,Raise CCW,48.5,Guard CW,95.8
Robert Borden,85.30%,83.10%,84.40%,70.50%,1523,"{""Lead"": {""start"": ""2012-03-03"", ""end"": ""2022-03-10"", ""count"": 45}, ""Second"": {""start"": ""2014-11-10"", ""end"": ""2017-03-07"", ""count"": 7}}","{""NT/YT (Koe)"": {""start"": ""2012-03-03"", ""end"": ""2012-03-11"", ""count"": 7}, ""NT/NY (Koe)"": {""start"": ""2013-03-02"", ""end"": ""2013-03-07"", ""count"": 6}, ""NT (Koe)"": {""start"": ""2014-11-10"", ""end"": ""2022-03-10"", ""count"": 27}, ""NT"": {""start"": ""2018-03-03"", ""end"": ""2018-03-09"", ""count"": 6}, ""NT (Skauge)"": {""start"": ""2021-03-06"", ""end"": ""2021-03-11"", ""count"": 5}}",Right,1986,"Yellowknife, NT","Yellowknife, NT","Financial Systems Business Analyst, Government of the Northwest Territories",,"University of Alberta, Augustana Faculty",93.00%,90.00%,82.50%,82.40%,85.20%,84.00%,69.00%,69.70%,73.20%,78.50%,84.60%,78.80%,83.70%,78.70%,56.20%,62.50%,70.30%,73.10%,60.00%,45.00%,,,92.90%,97.40%,95.00%,87.50%,85.00%,90.00%,66.70%,25.00%,,56.20%,,,87.50%,87.50%,,50.00%,,,66.70%,0.00%,,,1.06,0.22,376,370,29.8,36.2,16.8,22.3,7.5,41,2,4.9,28,1,3.6,,,,,,,,,,,,,,,,,,,,,,,,,88.20%,71.30%,89.40%,82.10%,75.00%,76.40%,,,87.40%,75.00%,89.80%,67.50%,86.40%,86.80%,,,,,82.60%,73.50%,83.80%,80.60%,,,,,,,Wick CCW,45,Draw CW,85.2
Robert Campbell,79.30%,82.00%,81.00%,70.00%,611,"{""Third"": {""start"": ""2002-03-09"", ""end"": ""2002-03-14"", ""count"": 6}, ""Fourth"": {""start"": ""2003-03-01"", ""end"": ""2003-03-06"", ""count"": 6}, ""Lead"": {""start"": ""2007-03-03"", ""end"": ""2007-03-08"", ""count"": 6}}","{""PEI (Likely)"": {""start"": ""2002-03-09"", ""end"": ""2002-03-14"", ""count"": 6}, ""PEI (Campbell)"": {""start"": ""2003-03-01"", ""end"": ""2003-03-06"", ""count"": 6}, ""PEI (Gallant)"": {""start"": ""2007-03-03"", ""end"": ""2007-03-08"", ""count"": 6}}",Right,,,,,,,94.00%,92.50%,88.30%,87.50%,83.80%,78.30%,78.40%,74.10%,74.50%,80.80%,56.20%,84.70%,,98.90%,62.50%,75.00%,62.50%,67.10%,,0.00%,,,,,89.30%,91.70%,81.20%,71.20%,75.00%,50.00%,50.00%,81.20%,,,,,,50.00%,0.00%,50.00%,,0.00%,,,1.02,0.16,146,154,23.3,35.1,13,23.3,0,18,6,33.3,5,1,20,,,,,74.20%,79.20%,80.70%,77.90%,,,,,,,89.50%,68.80%,,,,,,,,,,,,,,,,,,,,,,,,,,,,,,,,,,,,,Wick CCW,0,Guard CW,88.3
Robert Currie,75.50%,84.40%,80.40%,79.80%,228,"{""Third"": {""start"": ""2018-03-24"", ""end"": ""2018-03-28"", ""count"": 5}, ""Second"": {""start"": ""2023-05-02"", ""end"": ""2023-05-05"", ""count"": 2}, ""Lead"": {""start"": ""2023-05-03"", ""end"": ""2023-05-05"", ""count"": 3}}","{""WAT"": {""start"": ""2018-03-24"", ""end"": ""2018-03-28"", ""count"": 5}, ""Ferris"": {""start"": ""2023-05-02"", ""end"": ""2023-05-05"", ""count"": 4}}",Right,1994,"Toronto, ON","Toronto, ON",,,,87.50%,82.70%,,95.00%,66.10%,76.70%,83.30%,,75.00%,86.60%,75.00%,78.60%,80.80%,94.40%,75.00%,80.00%,75.00%,68.80%,,,,,,75.00%,,,37.50%,90.00%,75.00%,,,,,,75.00%,95.80%,,50.00%,,,,,,,0.76,0.24,62,49,17.7,24.5,20.4,25.8,-8.1,7,0,0,4,1,25,,,,,,,,,,,,,,,,,,,,,,,,,,,,,,,,,,,,,75.40%,81.50%,,,,,,,,,84.30%,77.80%,,,,,Draw CW,66.1,Guard CCW,95
Robert Desjardins,74.00%,78.20%,76.60%,76.80%,410,"{""Third"": {""start"": ""2011-03-05"", ""end"": ""2011-03-10"", ""count"": 6}, ""Fourth"": {""start"": ""2012-03-03"", ""end"": ""2012-03-08"", ""count"": 6}}","{""Quebec (Gagne)"": {""start"": ""2011-03-05"", ""end"": ""2011-03-10"", ""count"": 6}, ""QC (Desjardins)"": {""start"": ""2012-03-03"", ""end"": ""2012-03-08"", ""count"": 6}}",Right,1970,"Chicoutimi, QC","Chicoutimi, QC",,,,,,91.70%,92.50%,75.00%,81.40%,75.00%,65.00%,77.40%,79.60%,59.40%,81.00%,93.80%,83.30%,70.50%,68.50%,55.00%,65.00%,,,,,,,75.00%,91.70%,65.00%,70.00%,75.00%,58.30%,85.00%,66.70%,0.00%,75.00%,,91.70%,,,,75.00%,,,,,1.12,0.18,105,96,29.5,41.7,15.6,20,9.5,12,3,25,5,0,0,,,,,,,,,,,,,,,,,,,,,,,80.30%,76.30%,76.90%,74.00%,,,,,,,,,,,,,,,,,,,,,,,,,,,Raise CW,55,Guard CCW,92.5
Robert Mayhew,74.80%,76.50%,75.70%,83.80%,265,"{""Fourth"": {""start"": ""2017-03-18"", ""end"": ""2018-03-27"", ""count"": 8}}","{""Dal (Mayhew)"": {""start"": ""2017-03-18"", ""end"": ""2017-03-21"", ""count"": 4}, ""DAL"": {""start"": ""2018-03-24"", ""end"": ""2018-03-27"", ""count"": 4}}",Right,,,,,,,75.00%,,72.70%,85.70%,76.50%,77.00%,50.00%,58.30%,79.50%,71.60%,66.30%,79.80%,77.80%,,78.60%,65.60%,,,,,,,,,75.00%,,66.70%,71.40%,,75.00%,95.80%,37.50%,,,,,,,,,,,,,0.95,0.25,66,67,24.2,28.4,20.9,16.7,7.5,4,2,50,7,1,14.3,,,,,,,,,,,,,,,,,,,,,,,,,,,,,,,,,,,72.20%,78.30%,80.20%,72.90%,,,,,,,,,,,,,,,Freeze CW,50,Guard CCW,85.7
Roberta Materi,78.30%,77.00%,77.60%,93.20%,208,"{""Second"": {""start"": ""2012-02-18"", ""end"": ""2012-02-23"", ""count"": 6}}","{""SK (Englot)"": {""start"": ""2012-02-18"", ""end"": ""2012-02-23"", ""count"": 6}}",Right,1975,"Regina, SK","White City, SK",,,,96.90%,90.00%,84.10%,77.30%,64.00%,67.40%,,82.10%,77.80%,81.50%,75.00%,75.00%,,76.10%,75.00%,86.10%,75.00%,50.00%,,,,,,,,,,75.00%,,75.00%,,,,,,75.00%,,,,,,,,,1.49,0.35,47,55,53.2,29.1,25.5,21.3,31.9,5,2,40,6,2,33.3,,,,,,,,,,,,,,,,,,,,,,,,,75.50%,79.30%,,,,,,,,,,,,,,,,,,,,,,,,,,,Raise CCW,50,Double CCW,86.1
Robin Brydone,83.30%,83.10%,83.20%,83.60%,1978,"{""Third"": {""start"": ""2017-02-16"", ""end"": ""2025-04-11"", ""count"": 109}, ""Second"": {""start"": ""2023-04-14"", ""end"": ""2023-04-14"", ""count"": 1}}","{""Scotland"": {""start"": ""2017-02-16"", ""end"": ""2018-03-10"", ""count"": 17}, ""Whyte"": {""start"": ""2021-10-19"", ""end"": ""2025-04-11"", ""count"": 92}}",Right,,,,,,,97.20%,78.90%,92.80%,93.50%,80.90%,73.90%,75.60%,77.30%,87.10%,86.70%,81.80%,83.50%,91.90%,91.80%,73.20%,81.10%,76.40%,82.30%,,0.00%,77.20%,66.40%,95.00%,50.00%,89.60%,98.80%,81.20%,67.20%,81.20%,75.00%,86.90%,89.30%,77.80%,83.30%,91.40%,97.30%,65.00%,77.30%,93.80%,85.00%,,,,87.50%,1.15,0.24,482,468,36.5,33.5,16.9,16.8,19.7,34,6,17.6,46,1,2.2,,,,,,,,,,,,,,,,,,,,,,,,,,,,,,,,,,,75.00%,76.70%,70.10%,79.90%,,,,,80.90%,79.60%,82.60%,78.50%,86.00%,86.50%,85.90%,88.20%,78.30%,89.10%,Wick CCW,0,Guard CCW,93.5
Robyn Silvernagle,74.50%,74.60%,74.50%,77.00%,776,"{""Fourth"": {""start"": ""2019-02-16"", ""end"": ""2023-02-23"", ""count"": 26}, ""Second"": {""start"": ""2023-10-18"", ""end"": ""2023-10-20"", ""count"": 3}}","{""Silvernagle"": {""start"": ""2019-11-27"", ""end"": ""2019-11-29"", ""count"": 3}, ""SK (Silvernagle)"": {""start"": ""2019-02-16"", ""end"": ""2023-02-23"", ""count"": 23}, ""Hunkin"": {""start"": ""2023-10-18"", ""end"": ""2023-10-20"", ""count"": 3}}",Right,1987,"Biggar, SK","North Battleford, SK","Cosmetologist , Self employed",Biggar Central School 2000,Marvel Beauty School,,,92.00%,84.40%,69.80%,74.20%,69.10%,52.90%,80.20%,79.10%,65.00%,71.50%,97.00%,92.90%,60.00%,52.10%,58.30%,73.20%,,,,,,,,87.50%,76.10%,52.80%,62.50%,,65.90%,83.30%,41.70%,64.30%,75.00%,,,31.20%,,91.70%,,,,,1.08,0.24,201,185,33.8,30.8,18.9,22.9,10.9,21,5,23.8,17,1,5.9,,,,,,,,,,,,,,,,,,,,,,,,,,,,,,,,,,,,,,,71.20%,76.70%,74.70%,75.00%,,,,,75.00%,74.00%,,,,,Double CCW,52.1,Guard CW,92
Rod Macdonald,70.40%,68.80%,69.40%,71.00%,603,"{""Fourth"": {""start"": ""2006-03-11"", ""end"": ""2010-03-11"", ""count"": 18}}","{""PEI(MacDonald)"": {""start"": ""2006-03-11"", ""end"": ""2006-03-16"", ""count"": 6}, ""PEI (MacDonald)"": {""start"": ""2009-03-07"", ""end"": ""2010-03-11"", ""count"": 12}}",Right,1957,"Summerside, PEI","Summerside, PEI","General Manager, D. Alex MacDonald Ford Lincoln",,,,,83.90%,80.40%,67.70%,66.90%,66.30%,71.40%,78.60%,72.90%,62.50%,66.40%,,96.40%,47.20%,45.80%,57.90%,53.40%,,,,,,,,81.20%,53.60%,45.50%,75.00%,,75.00%,56.20%,66.70%,87.50%,,,,50.00%,0.00%,75.00%,,,,,0.94,0.24,154,144,24,33.3,17.4,25.3,-1.3,18,1,5.6,8,1,12.5,,,,,,,,,,,,,65.20%,67.70%,,,,,65.60%,68.40%,76.40%,73.10%,,,,,,,,,,,,,,,,,,,,,,,,,,,,,,,Double CCW,45.8,Guard CW,83.9
Roger Korte,82.70%,80.10%,81.20%,83.10%,408,"{""Second"": {""start"": ""2004-03-06"", ""end"": ""2010-03-11"", ""count"": 12}}","{""SK (Korte)"": {""start"": ""2004-03-06"", ""end"": ""2004-03-11"", ""count"": 6}, ""SK (McKee)"": {""start"": ""2010-03-06"", ""end"": ""2010-03-11"", ""count"": 6}}",Right,1970,,,,,,95.50%,91.10%,90.90%,92.90%,68.30%,76.70%,77.30%,72.30%,83.10%,78.50%,87.50%,77.60%,94.40%,89.10%,72.50%,68.80%,75.00%,69.40%,,,,,,83.30%,87.50%,,75.00%,60.00%,75.00%,50.00%,50.00%,,,75.00%,90.00%,,,,,,,,,,1.26,0.25,98,101,39.8,39.6,20.8,18.4,21.4,11,5,45.5,9,1,11.1,,,,,,,,,77.70%,81.40%,,,,,,,,,,,81.70%,84.10%,,,,,,,,,,,,,,,,,,,,,,,,,,,,,,,Draw CW,68.3,Guard CCW,92.9
Rory Golanowski,88.60%,82.70%,85.90%,80.50%,209,"{""Lead"": {""start"": ""2004-03-06"", ""end"": ""2004-03-11"", ""count"": 6}}","{""SK (Korte)"": {""start"": ""2004-03-06"", ""end"": ""2004-03-11"", ""count"": 6}}",Right,1969,,,,,,97.50%,94.50%,62.50%,87.50%,85.90%,71.60%,93.80%,87.50%,64.30%,75.00%,,87.50%,,,,,,80.00%,,0.00%,,,,95.80%,,,,87.50%,,,,,,,,,,,,,,0.00%,,,1.17,0.31,53,52,43.4,42.3,25,20.8,22.6,6,5,83.3,5,1,20,,,,,,,,,88.10%,72.50%,,,,,,,,,,,,,,,,,,,,,,,,,,,,,,,,,,,,,,,,,,,Wick CCW,0,Freeze CW,93.8
Ros Stewart,79.70%,69.50%,75.60%,78.50%,194,"{""Third"": {""start"": ""2015-11-08"", ""end"": ""2015-11-14"", ""count"": 7}}","{""SK (Korte)"": {""start"": ""2015-11-08"", ""end"": ""2015-11-14"", ""count"": 7}}",Right,,,,,,,,,84.10%,85.00%,66.30%,67.10%,63.90%,40.00%,86.10%,64.70%,77.10%,61.50%,93.10%,86.40%,75.00%,75.00%,62.50%,87.50%,,,,,,,75.00%,75.00%,87.50%,40.00%,,,75.00%,,,,97.20%,,,,,,,,,,1.09,0.2,46,45,26.1,46.7,15.6,15.2,10.9,4,1,25,4,0,0,,,,,,,,,,,,,,,,,,,,,,,,,,,,,,,69.70%,79.40%,,,,,,,,,,,,,,,,,,,,,Freeze CCW,40,Raise CCW,87.5
Ross Paterson,82.30%,81.00%,81.50%,79.00%,1091,"{""Second"": {""start"": ""2016-04-02"", ""end"": ""2016-11-23"", ""count"": 11}, ""Lead"": {""start"": ""2018-04-04"", ""end"": ""2018-04-04"", ""count"": 1}, ""Fourth"": {""start"": ""2019-01-30"", ""end"": ""2022-04-09"", ""count"": 28}}","{""Scotland"": {""start"": ""2016-04-02"", ""end"": ""2022-04-09"", ""count"": 34}, ""SCO (Mouat)"": {""start"": ""2018-04-04"", ""end"": ""2018-04-04"", ""count"": 1}, ""Paterson"": {""start"": ""2021-10-19"", ""end"": ""2021-11-04"", ""count"": 5}}",Right,,,,,,,,95.80%,80.90%,85.90%,81.70%,83.00%,80.00%,60.70%,89.40%,84.70%,75.00%,80.90%,92.00%,95.20%,76.10%,61.30%,58.00%,56.70%,,,69.10%,66.70%,,90.00%,93.80%,66.70%,94.60%,85.60%,75.00%,50.00%,80.00%,,43.80%,83.30%,,,,66.70%,50.00%,,,,,20.80%,1.03,0.27,258,283,32.9,27.6,20.8,19,13.9,16,1,6.2,24,0,0,,,,,,,,,,,,,,,,,,,,,,,,,,,,,,,,,84.10%,85.50%,,,100.00%,,86.40%,82.50%,,,68.30%,73.00%,80.90%,71.30%,,,,,,,Raise CCW,56.7,Take-out CW,89.4
Ross Whyte,81.80%,82.90%,82.30%,75.60%,1880,"{""Second"": {""start"": ""2017-02-20"", ""end"": ""2021-11-24"", ""count"": 4}, ""Lead"": {""start"": ""2017-02-23"", ""end"": ""2021-04-03"", ""count"": 3}, ""Fourth"": {""start"": ""2018-03-03"", ""end"": ""2025-04-11"", ""count"": 101}, ""Third"": {""start"": ""2022-05-03"", ""end"": ""2022-05-06"", ""count"": 4}}","{""Scotland"": {""start"": ""2017-02-20"", ""end"": ""2021-11-24"", ""count"": 16}, ""Whyte"": {""start"": ""2021-10-19"", ""end"": ""2025-04-11"", ""count"": 92}, ""Mouat"": {""start"": ""2022-05-03"", ""end"": ""2022-05-06"", ""count"": 4}}",Right,,,,,,,87.50%,97.20%,91.90%,83.30%,80.50%,82.40%,69.90%,76.50%,85.80%,85.90%,82.40%,80.80%,96.20%,96.50%,74.00%,75.20%,73.30%,75.60%,16.70%,,63.90%,66.20%,,,83.30%,91.70%,82.00%,81.70%,50.00%,91.70%,79.70%,82.80%,79.20%,84.40%,,87.50%,55.60%,72.20%,60.70%,62.50%,16.70%,,,50.00%,1.17,0.24,466,455,37.1,34.3,16,16.7,20.4,32,5,15.6,51,1,2,,,,,,,,,,,,,,,,,,,,,,,,,,,,,,,,,,,87.50%,83.00%,70.00%,83.10%,61.80%,78.80%,,,82.00%,81.70%,79.40%,79.10%,84.10%,83.40%,86.50%,85.70%,79.80%,82.70%,Wick CW,16.7,Guard CW,91.9
Rui Wang,78.50%,83.60%,81.10%,73.00%,432,"{""Fourth"": {""start"": ""2024-10-27"", ""end"": ""2025-03-23"", ""count"": 15}}","{""CHN (Wang)"": {""start"": ""2024-10-27"", ""end"": ""2025-03-23"", ""count"": 15}}",Right,1995,"Harbin, CHN","Harbin, CHN",,,,,,94.10%,90.00%,79.60%,82.90%,,,83.20%,88.60%,81.80%,80.00%,83.90%,92.90%,53.10%,57.70%,38.90%,92.90%,50.00%,,16.70%,69.60%,,,85.00%,,88.60%,,,,,87.50%,75.00%,75.00%,,75.00%,0.00%,50.00%,,83.30%,,,0.00%,75.00%,1.08,0.54,98,117,33.7,24.8,29.1,15.3,18.4,9,3,33.3,12,0,0,,,,,,,,,,,,,,,,,,,,,,,,,,,,,,,,,,,,,,,,,,,,,,,,,81.10%,67.40%,85.00%,84.10%,Promotion CW,16.7,Guard CW,94.1
Russ Howard,79.50%,83.60%,81.90%,85.70%,873,"{""Fourth"": {""start"": ""2002-03-09"", ""end"": ""2009-03-12"", ""count"": 28}}","{""N.B. (Howard)"": {""start"": ""2002-03-09"", ""end"": ""2002-03-16"", ""count"": 8}, ""N.B (Howard)"": {""start"": ""2003-03-01"", ""end"": ""2003-03-07"", ""count"": 7}, ""NB (Howard)"": {""start"": ""2004-03-06"", ""end"": ""2004-03-12"", ""count"": 7}, ""NB (R.Howard)"": {""start"": ""2009-03-07"", ""end"": ""2009-03-12"", ""count"": 6}}",Right,1956,"Midland, ON",,,,,,,95.70%,95.00%,82.30%,84.60%,77.80%,88.20%,79.60%,84.40%,75.80%,81.20%,,97.50%,45.80%,64.70%,61.90%,69.60%,,,,,,,,91.70%,81.20%,62.50%,87.50%,,85.70%,82.40%,75.00%,85.00%,,94.40%,,50.00%,,75.00%,,,,,1.25,0.23,208,224,36.5,42,17,12,24.5,12,2,16.7,23,1,4.3,,,,,83.30%,79.60%,84.80%,83.20%,86.70%,79.40%,,,,,,,,,85.10%,76.70%,,,,,,,,,,,,,,,,,,,,,,,,,,,,,,,,,Double CW,45.8,Guard CW,95.7
Ryan Abraham,77.70%,81.60%,80.10%,78.30%,1296,"{""Second"": {""start"": ""2016-01-23"", ""end"": ""2022-03-10"", ""count"": 18}, ""Fourth"": {""start"": ""2017-04-18"", ""end"": ""2017-04-22"", ""count"": 5}, ""Third"": {""start"": ""2019-01-19"", ""end"": ""2023-11-10"", ""count"": 17}, ""Lead"": {""start"": ""2024-09-26"", ""end"": ""2025-03-07"", ""count"": 13}}","{""NS"": {""start"": ""2016-01-23"", ""end"": ""2016-01-29"", ""count"": 7}, ""NS (Abraham)"": {""start"": ""2017-04-18"", ""end"": ""2017-04-22"", ""count"": 5}, ""PE"": {""start"": ""2019-01-19"", ""end"": ""2020-01-24"", ""count"": 13}, ""Flemming"": {""start"": ""2021-10-26"", ""end"": ""2021-10-30"", ""count"": 5}, ""NS (Flemming)"": {""start"": ""2022-03-05"", ""end"": ""2022-03-10"", ""count"": 6}, ""Purcell"": {""start"": ""2023-11-07"", ""end"": ""2024-10-05"", ""count"": 11}, ""NS (Purcell)"": {""start"": ""2025-03-01"", ""end"": ""2025-03-07"", ""count"": 6}}",Right,1999,,,,,,95.20%,94.80%,85.80%,79.70%,74.20%,82.70%,55.60%,78.30%,80.10%,79.30%,71.00%,65.20%,83.70%,92.00%,68.10%,74.30%,62.50%,72.40%,,,,,96.90%,94.00%,95.00%,70.00%,64.70%,83.80%,,,85.00%,80.60%,33.30%,65.00%,90.00%,93.80%,75.00%,50.00%,75.00%,,,,,,1.19,0.35,312,326,33,31.9,21.5,18.9,14.1,33,6,18.2,35,3,8.6,,,,,,,,,,,,,,,,,,,,,,,,,,,,,,,,,77.10%,71.00%,74.60%,72.60%,,,75.50%,74.40%,79.60%,84.80%,76.50%,77.00%,76.90%,83.70%,79.70%,71.10%,89.40%,82.50%,92.10%,87.00%,Freeze CW,55.6,Guard CW,85.8
Ryan Deis,83.50%,73.90%,79.50%,92.60%,218,"{""Second"": {""start"": ""2012-03-03"", ""end"": ""2012-03-08"", ""count"": 6}}","{""SK (Manners)"": {""start"": ""2012-03-03"", ""end"": ""2012-03-08"", ""count"": 6}}",Right,1984,,,,,,,70.80%,,55.00%,70.00%,73.90%,75.00%,77.80%,83.00%,83.90%,80.60%,59.10%,,82.50%,72.20%,68.80%,58.30%,83.30%,,,,,,,,,83.30%,,,50.00%,,,,,,,,,,,,,,,0.95,0.18,57,49,22.8,44.9,16.3,17.5,5.3,7,1,14.3,2,0,0,,,,,,,,,,,,,,,,,,,,,,,,,78.60%,80.30%,,,,,,,,,,,,,,,,,,,,,,,,,,,Guard CCW,55,Take-out CCW,83.9
Ryan Fry,84.60%,85.80%,85.30%,86.20%,3986,"{""Third"": {""start"": ""2007-03-03"", ""end"": ""2023-03-11"", ""count"": 127}, ""Second"": {""start"": ""2009-03-07"", ""end"": ""2022-05-07"", ""count"": 25}}","{""MB (Stoughton)"": {""start"": ""2007-03-03"", ""end"": ""2007-03-10"", ""count"": 7}, ""NL (Gushue)"": {""start"": ""2009-03-07"", ""end"": ""2012-03-08"", ""count"": 27}, ""NO (Jacobs)"": {""start"": ""2013-03-02"", ""end"": ""2017-03-12"", ""count"": 24}, ""Jacobs"": {""start"": ""2015-12-02"", ""end"": ""2017-12-08"", ""count"": 15}, ""Carey"": {""start"": ""2017-08-26"", ""end"": ""2017-08-26"", ""count"": 1}, ""NO"": {""start"": ""2018-03-03"", ""end"": ""2019-03-10"", ""count"": 17}, ""Epping"": {""start"": ""2019-11-27"", ""end"": ""2022-05-07"", ""count"": 27}, ""ON (Epping)"": {""start"": ""2020-02-29"", ""end"": ""2021-03-13"", ""count"": 15}, ""McEwen"": {""start"": ""2022-09-22"", ""end"": ""2022-10-18"", ""count"": 6}, ""ON (McEwen)"": {""start"": ""2023-03-03"", ""end"": ""2023-03-11"", ""count"": 9}}",Right,1978,"Winnipeg, MB","Toronto, ON","Marketing and Events Manager, Bally Haly Country Club",,,93.80%,92.40%,89.60%,90.40%,82.40%,82.70%,81.20%,81.70%,87.30%,87.50%,80.60%,81.40%,94.10%,95.00%,76.80%,78.50%,77.00%,84.70%,,,,,87.50%,94.20%,89.70%,97.80%,83.30%,78.80%,92.90%,68.30%,86.80%,88.60%,85.30%,94.40%,93.60%,97.50%,66.10%,76.60%,80.60%,90.00%,,,,,1.19,0.3,947,973,36,36.3,20.7,16.8,19.2,69,14,20.3,108,3,2.8,,,,,,,,,,,,,,,83.90%,83.20%,,,69.70%,84.20%,80.30%,88.80%,88.30%,86.40%,84.70%,83.60%,88.70%,89.60%,,,83.70%,88.60%,89.60%,86.90%,84.90%,85.70%,79.20%,86.90%,87.00%,86.60%,82.90%,86.70%,82.10%,82.90%,84.70%,81.50%,84.60%,86.80%,,,,,Double CW,76.8,Guard CCW,90.4
Ryan Harnden,90.30%,89.30%,89.80%,86.10%,6326,"{""Second"": {""start"": ""2008-03-08"", ""end"": ""2017-12-08"", ""count"": 27}, ""Lead"": {""start"": ""2013-03-02"", ""end"": ""2025-04-12"", ""count"": 248}}","{""N.Ont (Harnden)"": {""start"": ""2008-03-08"", ""end"": ""2008-03-13"", ""count"": 6}, ""NO (Jacobs)"": {""start"": ""2010-03-06"", ""end"": ""2022-03-11"", ""count"": 55}, ""N.Ont (Jacobs)"": {""start"": ""2011-03-05"", ""end"": ""2011-03-10"", ""count"": 6}, ""N. Ont (Jacobs)"": {""start"": ""2012-03-03"", ""end"": ""2012-03-08"", ""count"": 6}, ""CAN"": {""start"": ""2014-02-10"", ""end"": ""2014-02-21"", ""count"": 9}, ""Jacobs"": {""start"": ""2015-12-02"", ""end"": ""2022-05-08"", ""count"": 61}, ""Sweeting"": {""start"": ""2017-08-26"", ""end"": ""2017-08-26"", ""count"": 1}, ""NO"": {""start"": ""2018-03-03"", ""end"": ""2019-03-10"", ""count"": 16}, ""Dunstone"": {""start"": ""2022-09-21"", ""end"": ""2025-04-12"", ""count"": 86}, ""MB (Dunstone)"": {""start"": ""2023-03-04"", ""end"": ""2025-03-09"", ""count"": 19}, ""CAN (Gushue)"": {""start"": ""2023-04-04"", ""end"": ""2023-04-07"", ""count"": 2}, ""MB-D (Dunstone)"": {""start"": ""2024-03-02"", ""end"": ""2024-03-09"", ""count"": 8}}",Right,1986,"Sault Ste. Marie, ON","Sault Ste. Marie, ON","Real Estate Appraiser , Algoma Property Appraisals",Sir James Dunn,"Sault College, Algoma University, UBC",96.10%,95.30%,93.90%,91.20%,90.00%,89.40%,81.60%,82.30%,81.40%,87.10%,76.70%,83.90%,87.10%,85.10%,74.00%,78.40%,85.10%,84.10%,70.30%,81.40%,,,95.70%,96.10%,98.30%,96.70%,92.90%,89.40%,69.60%,90.00%,78.60%,86.20%,87.50%,92.90%,90.40%,90.70%,75.00%,50.00%,,82.10%,78.10%,81.50%,,,1.2,0.3,1507,1583,37.4,35.1,21.5,14.1,23.3,88,17,19.3,184,6,3.3,,,,,,,,,,,,,,,,,83.80%,75.70%,,,85.70%,83.50%,82.00%,83.60%,83.30%,83.70%,91.00%,78.40%,87.40%,91.40%,91.80%,86.40%,91.40%,77.80%,91.50%,85.40%,88.50%,82.50%,91.80%,86.60%,92.70%,82.40%,93.80%,83.30%,93.80%,80.90%,91.50%,84.80%,92.80%,86.70%,93.30%,88.10%,Wick CW,70.3,Guard CW,93.9
Ryan Jacques,74.40%,76.30%,75.50%,78.50%,271,"{""Fourth"": {""start"": ""2020-01-18"", ""end"": ""2022-10-18"", ""count"": 13}}","{""AB"": {""start"": ""2020-01-18"", ""end"": ""2020-01-24"", ""count"": 7}, ""Jacques"": {""start"": ""2022-05-03"", ""end"": ""2022-10-18"", ""count"": 6}}",Right,2000,,"Edmonton, AB",,,,,,75.00%,,67.90%,70.70%,91.70%,62.50%,76.70%,83.90%,65.00%,74.10%,,93.80%,78.10%,39.30%,82.50%,77.80%,,,,,,,,,75.00%,53.60%,,,80.00%,71.40%,75.00%,87.50%,,,,0.00%,,,,,,,0.92,0.3,71,63,28.2,39.7,19,25.4,2.8,7,0,0,5,1,20,,,,,,,,,,,,,,,,,,,,,,,,,,,,,,,,,,,,,,,,,80.20%,78.90%,,,45.50%,73.70%,,,,,,,Double CCW,39.3,Freeze CW,91.7
Ryan Kuhn,85.10%,83.70%,84.50%,90.20%,206,"{""Third"": {""start"": ""2016-03-05"", ""end"": ""2016-03-11"", ""count"": 7}}","{""BC (Cotter)"": {""start"": ""2016-03-05"", ""end"": ""2016-03-11"", ""count"": 7}}",Right,1983,"Vernon, BC","Vernon, BC","Pilot, Westjet",Vernon Secondary School,Okanagan University College,,,,96.40%,76.50%,72.50%,82.10%,81.20%,92.60%,83.30%,82.70%,88.50%,95.80%,96.40%,71.90%,85.70%,66.70%,83.30%,,,,,,,,91.70%,,,,75.00%,,50.00%,,,87.50%,87.50%,,,,,,,,,1.04,0.06,55,47,29.1,44.7,4.3,18.2,10.9,4,0,0,2,0,0,,,,,,,,,,,,,,,,,,,,,,,,,,,,,,,,,83.10%,85.30%,,,,,,,,,,,,,,,,,,,Raise CW,66.7,Guard CCW,96.4
Ryan Ledrew,77.20%,74.20%,75.70%,77.10%,202,"{""Third"": {""start"": ""2006-03-11"", ""end"": ""2006-03-16"", ""count"": 6}}","{""NL (Peddigrew)"": {""start"": ""2006-03-11"", ""end"": ""2006-03-16"", ""count"": 6}}",Right,1982,"Corner Brook, NL","Sarnia, ON",,Prince of Wales Collegiate,Memorial University of Newfoundland,,93.80%,84.60%,96.40%,70.70%,67.60%,66.70%,78.60%,72.50%,69.70%,80.60%,72.20%,,,91.70%,75.00%,,67.90%,,,,,,,91.70%,,66.70%,75.00%,58.30%,,,,,50.00%,,,,,,75.00%,,,,,0.75,0.27,53,44,15.1,29.5,22.7,37.7,-22.6,7,1,14.3,1,0,0,,,,,,,,,,,,,76.00%,75.40%,,,,,,,,,,,,,,,,,,,,,,,,,,,,,,,,,,,,,,,Freeze CW,66.7,Guard CCW,96.4
Ryan Lowery,82.80%,79.60%,81.70%,74.00%,610,"{""Lead"": {""start"": ""2019-01-19"", ""end"": ""2022-03-10"", ""count"": 24}}","{""PE"": {""start"": ""2019-01-19"", ""end"": ""2020-01-24"", ""count"": 13}, ""PE (MacKenzie)"": {""start"": ""2021-03-07"", ""end"": ""2021-03-11"", ""count"": 5}, ""PE (Smith)"": {""start"": ""2022-03-05"", ""end"": ""2022-03-10"", ""count"": 6}}",Right,,,,,,,90.30%,86.90%,85.70%,75.00%,78.50%,76.00%,85.00%,25.00%,79.20%,80.00%,,37.50%,,,50.00%,,50.00%,75.00%,,0.00%,,,90.50%,85.00%,,,69.70%,72.20%,,,75.00%,,,0.00%,,,,,,,,,,,1.12,0.3,145,151,30.3,34.4,17.2,28.3,2,19,2,10.5,12,3,25,,,,,,,,,,,,,,,,,,,,,,,,,,,,,,,,,,,,,,,81.30%,72.10%,83.20%,81.20%,83.10%,40.00%,81.60%,87.50%,,,,,,,Wick CCW,0,Guard CW,85.7
Ryan Mcneil Lamswood,75.10%,79.90%,77.90%,80.80%,1052,"{""Third"": {""start"": ""2016-01-23"", ""end"": ""2025-03-06"", ""count"": 31}, ""Second"": {""start"": ""2019-01-19"", ""end"": ""2021-03-12"", ""count"": 10}}","{""NL"": {""start"": ""2016-01-23"", ""end"": ""2020-01-26"", ""count"": 28}, ""Memorial (m)"": {""start"": ""2020-03-11"", ""end"": ""2020-03-14"", ""count"": 4}, ""CA (Gushue)"": {""start"": ""2021-03-10"", ""end"": ""2021-03-12"", ""count"": 3}, ""NL (Dilello)"": {""start"": ""2025-02-28"", ""end"": ""2025-03-06"", ""count"": 6}}",Right,,,,,,,84.40%,87.50%,81.50%,78.80%,72.00%,75.40%,83.30%,79.20%,74.30%,82.50%,70.50%,76.00%,85.60%,96.30%,65.00%,73.50%,77.90%,72.60%,,,,,96.40%,87.50%,93.80%,75.00%,70.30%,64.70%,75.00%,,82.70%,96.70%,91.70%,90.00%,,95.00%,62.50%,66.70%,,25.00%,,,,,1.08,0.38,239,268,29.7,26.5,26.5,26.8,2.9,29,7,24.1,25,0,0,,,,,,,,,,,,,,,,,,,,,,,,,,,,,,,,,73.00%,73.80%,,,77.50%,78.80%,78.10%,76.60%,78.70%,79.20%,70.00%,82.10%,,,,,,,78.60%,80.10%,Double CW,65,Freeze CW,83.3
Ryan Wiebe,83.10%,82.20%,82.70%,81.50%,349,"{""Fourth"": {""start"": ""2023-09-27"", ""end"": ""2023-10-21"", ""count"": 7}, ""Third"": {""start"": ""2024-09-25"", ""end"": ""2025-03-06"", ""count"": 12}}","{""Wiebe"": {""start"": ""2023-09-27"", ""end"": ""2023-10-21"", ""count"": 7}, ""Mooibroek"": {""start"": ""2024-09-25"", ""end"": ""2024-10-05"", ""count"": 6}, ""ON (Mooibroek)"": {""start"": ""2025-03-01"", ""end"": ""2025-03-06"", ""count"": 6}}",Right,2000,,,,,,83.30%,50.00%,67.90%,95.00%,78.90%,75.70%,87.50%,,81.10%,84.40%,82.50%,80.00%,95.50%,97.70%,88.20%,73.20%,93.30%,75.00%,,,,,75.00%,,75.00%,50.00%,78.60%,66.70%,,,62.50%,,75.00%,83.30%,87.50%,,,,,50.00%,,,,,1.24,0.36,79,94,39.2,25.5,23.4,16.5,22.7,8,2,25,10,0,0,,,,,,,,,,,,,,,,,,,,,,,,,,,,,,,,,,,,,,,,,,,,,,,77.10%,82.60%,85.00%,90.70%,77.40%,80.20%,Guard CW,67.9,Guard CCW,95
Rylan Kleiter,79.40%,79.30%,79.40%,67.70%,1368,"{""Fourth"": {""start"": ""2017-01-21"", ""end"": ""2025-03-06"", ""count"": 59}, ""Lead"": {""start"": ""2019-02-21"", ""end"": ""2019-02-21"", ""count"": 1}}","{""SK (Kleiter)"": {""start"": ""2017-01-21"", ""end"": ""2025-03-06"", ""count"": 17}, ""SK"": {""start"": ""2018-01-13"", ""end"": ""2020-01-25"", ""count"": 21}, ""Canada"": {""start"": ""2019-02-21"", ""end"": ""2019-02-21"", ""count"": 1}, ""Kleiter"": {""start"": ""2023-09-27"", ""end"": ""2025-01-17"", ""count"": 21}}",Right,1998,"Saskatoon, SK","Saskatoon, SK","Accountant, EY",St. Joseph,U of S,58.30%,,84.40%,83.30%,78.00%,82.60%,88.00%,63.00%,81.90%,79.90%,75.40%,76.40%,97.50%,99.20%,68.90%,64.70%,72.40%,70.60%,,0.00%,25.00%,60.00%,,,96.40%,66.70%,68.50%,88.80%,75.00%,50.00%,67.60%,80.60%,66.70%,68.20%,75.00%,93.80%,50.00%,58.30%,87.50%,,,,25.00%,0.00%,0.98,0.45,339,346,28.6,30.9,27.7,21.2,7.4,27,3,11.1,36,3,8.3,,,,,,,,,,,,,,,,,,,,,,,,,,,,,,,,,,,76.50%,75.60%,80.30%,79.10%,81.00%,75.70%,79.80%,84.10%,,,,,84.00%,74.60%,81.70%,81.50%,85.10%,79.10%,Wick CCW,0,Freeze CW,88
Sabrina Smith,74.30%,73.80%,74.00%,74.90%,456,"{""Second"": {""start"": ""2016-01-23"", ""end"": ""2024-02-22"", ""count"": 19}}","{""PE (Smith)"": {""start"": ""2016-11-14"", ""end"": ""2016-11-18"", ""count"": 5}, ""PE"": {""start"": ""2016-01-23"", ""end"": ""2016-01-29"", ""count"": 7}, ""PE (DiCarlo)"": {""start"": ""2024-02-16"", ""end"": ""2024-02-22"", ""count"": 7}}",Right,1996,,,,,,88.90%,82.50%,92.30%,85.70%,69.20%,69.70%,79.20%,83.30%,77.60%,75.90%,42.30%,60.20%,90.00%,77.40%,57.10%,75.00%,80.00%,53.10%,,,,,83.30%,81.20%,,95.00%,82.10%,80.00%,75.00%,,72.20%,50.00%,0.00%,50.00%,,91.70%,75.00%,62.50%,,,,,,,1.02,0.18,122,97,27.9,39.2,14.4,20.5,7.4,17,1,5.9,5,1,20,,,,,,,,,,,,,,,,,,,,,,,,,,,,,,,,,76.20%,71.10%,,,,,,,,,,,,,,,73.40%,78.60%,,,Hit-roll CW,42.3,Guard CW,92.3
Sadie Pinksen,57.00%,59.70%,58.30%,60.50%,1442,"{""Fourth"": {""start"": ""2016-01-23"", ""end"": ""2021-02-23"", ""count"": 30}, ""Second"": {""start"": ""2016-02-19"", ""end"": ""2021-02-20"", ""count"": 2}, ""Third"": {""start"": ""2016-02-19"", ""end"": ""2023-02-23"", ""count"": 25}, ""Lead"": {""start"": ""2019-02-16"", ""end"": ""2019-02-20"", ""count"": 5}}","{""NU"": {""start"": ""2016-01-23"", ""end"": ""2020-01-24"", ""count"": 24}, ""NU (Chislett)"": {""start"": ""2016-02-19"", ""end"": ""2017-02-17"", ""count"": 2}, ""NU (Pinksen)"": {""start"": ""2017-01-22"", ""end"": ""2017-01-27"", ""count"": 5}, ""NU (Blaney)"": {""start"": ""2019-02-16"", ""end"": ""2019-02-20"", ""count"": 5}, ""NU (Eddy)"": {""start"": ""2020-02-15"", ""end"": ""2021-02-25"", ""count"": 10}, ""NU (MacPhail)"": {""start"": ""2022-01-28"", ""end"": ""2023-02-23"", ""count"": 12}}",Right,,,,,,,79.10%,81.50%,64.00%,68.60%,44.90%,50.40%,57.40%,59.30%,66.40%,65.60%,62.00%,62.10%,73.50%,73.10%,56.60%,55.40%,44.80%,46.20%,,,,,80.00%,75.00%,85.00%,75.00%,41.30%,41.70%,50.00%,47.70%,69.20%,35.90%,78.10%,62.50%,,25.00%,62.50%,50.00%,,50.00%,,,,,0.62,0.29,399,312,13.3,20.5,19.9,45.6,-32.3,72,8,11.1,15,8,53.3,,,,,,,,,,,,,,,,,,,,,,,,,,,,,,,,,42.60%,54.30%,42.90%,53.50%,47.70%,58.30%,56.40%,63.90%,53.80%,72.40%,62.80%,63.90%,61.60%,61.30%,66.30%,68.20%,,,,,Raise CW,44.8,Guard CCW,68.6
Sae Yamamoto,82.60%,82.00%,82.30%,82.90%,499,"{""Second"": {""start"": ""2019-02-21"", ""end"": ""2025-04-11"", ""count"": 18}, ""Lead"": {""start"": ""2020-02-15"", ""end"": ""2020-02-22"", ""count"": 7}}","{""Japan"": {""start"": ""2019-02-21"", ""end"": ""2020-02-22"", ""count"": 8}, ""Tabata"": {""start"": ""2024-11-05"", ""end"": ""2025-04-11"", ""count"": 17}}",Right,,,,,,,95.50%,92.00%,84.70%,85.70%,83.40%,83.30%,79.50%,83.30%,84.70%,81.00%,78.90%,67.90%,90.90%,95.30%,67.90%,78.60%,75.00%,75.00%,25.00%,50.00%,69.20%,77.90%,,87.50%,85.00%,86.10%,,91.70%,,91.70%,,50.00%,,75.00%,,,,50.00%,75.00%,66.70%,33.30%,,,,0.83,0.35,124,117,22.6,35.9,23.1,29.8,-7.2,16,2,12.5,5,1,20,,,,,,,,,,,,,,,,,,,,,,,,,,,,,,,,,,,,,,,77.10%,78.10%,86.90%,64.70%,,,,,,,85.30%,80.10%,84.90%,83.80%,Wick CW,25,Guard CCW,85.7
Sam Mooibroek,81.30%,78.10%,79.80%,58.10%,649,"{""Fourth"": {""start"": ""2023-03-15"", ""end"": ""2025-03-06"", ""count"": 27}}","{""Mooibroek"": {""start"": ""2023-09-28"", ""end"": ""2024-10-05"", ""count"": 11}, ""WLU - M"": {""start"": ""2023-03-15"", ""end"": ""2024-03-16"", ""count"": 10}, ""ON (Mooibroek)"": {""start"": ""2025-03-01"", ""end"": ""2025-03-06"", ""count"": 6}}",Right,1999,,,,,,,,94.60%,75.00%,75.40%,72.20%,77.30%,75.00%,87.30%,87.50%,77.90%,76.60%,91.70%,,62.50%,52.00%,80.40%,80.00%,,,,,,,83.30%,,56.80%,62.50%,,0.00%,68.20%,69.60%,87.50%,77.50%,,,0.00%,0.00%,,50.00%,,,,,1.29,0.36,157,165,40.8,34.5,21.2,19.7,21.1,12,2,16.7,21,0,0,,,,,,,,,,,,,,,,,,,,,,,,,,,,,,,,,,,,,,,,,,,,,,,73.20%,76.50%,80.90%,85.20%,74.50%,84.40%,Double CCW,52,Guard CW,94.6
Samantha Crook,68.20%,66.70%,67.40%,69.50%,491,"{""Fourth"": {""start"": ""2016-03-20"", ""end"": ""2017-01-27"", ""count"": 10}, ""Third"": {""start"": ""2018-03-24"", ""end"": ""2018-03-28"", ""count"": 5}, ""Second"": {""start"": ""2024-09-26"", ""end"": ""2024-09-26"", ""count"": 1}}","{""UNB"": {""start"": ""2016-03-20"", ""end"": ""2016-03-22"", ""count"": 3}, ""NB (Crook)"": {""start"": ""2017-01-21"", ""end"": ""2017-01-27"", ""count"": 7}, ""MTA"": {""start"": ""2018-03-24"", ""end"": ""2018-03-28"", ""count"": 5}, ""Burgess"": {""start"": ""2024-09-26"", ""end"": ""2024-09-26"", ""count"": 1}}",Right,1997,,,,,,50.00%,,71.40%,83.00%,64.00%,64.90%,55.00%,59.50%,75.60%,70.00%,69.70%,61.00%,75.00%,75.00%,47.20%,38.60%,70.80%,57.10%,,,,,50.00%,,66.70%,93.80%,75.00%,46.40%,,75.00%,60.00%,77.50%,,75.00%,75.00%,91.70%,6.20%,50.00%,,,,,,,0.77,0.51,133,109,20.3,34.9,32.1,42.9,-22.6,18,2,11.1,11,3,27.3,,,,,,,,,,,,,,,,,,,,,,,,,,,,,,,,,47.30%,57.10%,75.50%,70.10%,67.80%,76.70%,,,,,,,,,,,59.40%,65.60%,,,Double CCW,38.6,Guard CCW,83
Samantha Fisher,83.10%,81.40%,82.20%,78.70%,1118,"{""Second"": {""start"": ""2016-03-20"", ""end"": ""2016-03-23"", ""count"": 4}, ""Lead"": {""start"": ""2017-01-21"", ""end"": ""2024-10-04"", ""count"": 39}}","{""TRU"": {""start"": ""2016-03-20"", ""end"": ""2018-03-28"", ""count"": 9}, ""BC (Brown)"": {""start"": ""2017-01-21"", ""end"": ""2024-02-22"", ""count"": 20}, ""Brown"": {""start"": ""2021-10-25"", ""end"": ""2024-10-04"", ""count"": 14}}",Right,1995,,,,,,92.40%,92.70%,87.10%,79.50%,79.00%,78.00%,89.60%,76.00%,81.40%,82.70%,70.00%,71.50%,86.10%,84.70%,75.00%,75.00%,31.20%,78.60%,50.00%,63.90%,,,86.20%,95.60%,,75.00%,72.80%,93.80%,,83.30%,,75.00%,75.00%,91.70%,78.10%,,,,50.00%,,0.00%,40.00%,,,1.16,0.41,257,277,33.9,38.3,25.3,25.7,8.2,23,2,8.7,33,1,3,,,,,,,,,,,,,,,,,,,,,,,,,,,,,,,,,69.60%,79.70%,79.80%,79.90%,84.80%,78.00%,,,,,87.30%,72.80%,,,,,85.50%,75.00%,,,Raise CW,31.2,Freeze CW,89.6
Sara England,71.60%,69.10%,70.40%,74.60%,767,"{""Third"": {""start"": ""2017-01-22"", ""end"": ""2018-03-27"", ""count"": 11}, ""Lead"": {""start"": ""2017-03-18"", ""end"": ""2017-03-20"", ""count"": 3}, ""Second"": {""start"": ""2017-03-20"", ""end"": ""2017-03-21"", ""count"": 2}, ""Fourth"": {""start"": ""2018-01-13"", ""end"": ""2019-01-25"", ""count"": 13}}","{""SK (Jones)"": {""start"": ""2017-01-22"", ""end"": ""2017-01-27"", ""count"": 6}, ""UofR (Jameson)"": {""start"": ""2017-03-18"", ""end"": ""2017-03-21"", ""count"": 4}, ""SK"": {""start"": ""2018-01-13"", ""end"": ""2019-01-25"", ""count"": 13}, ""REG"": {""start"": ""2018-03-24"", ""end"": ""2018-03-27"", ""count"": 4}}",Right,1997,,"Regina, SK",,,,80.00%,86.10%,84.00%,68.40%,66.90%,63.50%,70.00%,75.00%,77.10%,74.00%,66.70%,68.40%,92.60%,73.00%,42.30%,52.80%,52.30%,71.40%,,,,,,87.50%,87.50%,75.00%,63.90%,62.50%,87.50%,75.00%,81.90%,,75.00%,50.00%,83.30%,89.30%,,0.00%,,75.00%,,,,,0.91,0.43,202,178,22.3,36,28.1,27.2,-4.9,20,5,25,18,2,11.1,,,,,,,,,,,,,,,,,,,,,,,,,,,,,,,,,,,69.20%,70.50%,65.90%,69.50%,69.60%,80.30%,,,,,,,,,,,,,Double CW,42.3,Guard CW,84
Sara Gatchell,79.00%,82.30%,80.90%,79.30%,188,"{""Lead"": {""start"": ""2016-11-13"", ""end"": ""2016-11-19"", ""count"": 7}}","{""ON (Tuck)"": {""start"": ""2016-11-13"", ""end"": ""2016-11-19"", ""count"": 7}}",Right,1971,"Truro, NS",,,,,75.00%,84.30%,68.80%,87.50%,85.80%,85.20%,60.70%,75.00%,87.50%,73.20%,50.00%,62.50%,,,75.00%,,91.70%,,,0.00%,,,,87.50%,,,79.20%,92.50%,75.00%,,,,,,,,,,,,,0.00%,,,1.2,0.34,46,44,37,40.9,20.5,13,24,,,,7,0,0,,,,,,,,,,,,,,,,,,,,,,,,,,,,,,,,,82.40%,75.00%,,,,,,,,,,,,,,,,,,,Wick CCW,0,Raise CW,91.7
Sara Guy,72.00%,70.90%,71.50%,64.80%,693,"{""Second"": {""start"": ""2017-01-21"", ""end"": ""2021-02-25"", ""count"": 26}}","{""NO (Burns)"": {""start"": ""2017-01-21"", ""end"": ""2021-02-25"", ""count"": 14}, ""LU (Burns)"": {""start"": ""2017-03-18"", ""end"": ""2017-03-22"", ""count"": 5}, ""NO"": {""start"": ""2019-01-19"", ""end"": ""2019-01-25"", ""count"": 7}}",Right,1998,,,,,,89.30%,88.30%,72.40%,87.50%,66.30%,64.20%,44.20%,56.20%,74.80%,72.60%,65.80%,57.50%,88.30%,79.90%,66.70%,86.10%,47.50%,53.10%,,,,,83.30%,,56.20%,,65.60%,58.90%,37.50%,0.00%,75.00%,52.30%,66.70%,,60.00%,77.10%,,75.00%,,,,,,,0.95,0.47,173,161,24.9,36,31.1,29.5,-4.6,18,1,5.6,19,1,5.3,,,,,,,,,,,,,,,,,,,,,,,,,,,,,,,,,,,70.90%,78.80%,,,68.80%,75.60%,,,60.70%,56.30%,,,,,,,,,Freeze CW,44.2,Guard CCW,87.5
Sara Mcmanus,81.60%,84.50%,83.30%,79.70%,5969,"{""Fourth"": {""start"": ""2013-03-01"", ""end"": ""2025-03-21"", ""count"": 14}, ""Second"": {""start"": ""2015-03-14"", ""end"": ""2015-03-19"", ""count"": 6}, ""Third"": {""start"": ""2016-11-19"", ""end"": ""2025-04-12"", ""count"": 228}}","{""SWE"": {""start"": ""2013-03-01"", ""end"": ""2015-03-19"", ""count"": 14}, ""Sweden"": {""start"": ""2016-11-19"", ""end"": ""2022-03-27"", ""count"": 104}, ""Hasselborg"": {""start"": ""2021-04-15"", ""end"": ""2025-04-12"", ""count"": 88}, ""SWE (Hasselborg)"": {""start"": ""2022-02-10"", ""end"": ""2025-03-22"", ""count"": 41}}",Right,1992,"Gothenburg, SWE","Gavle, SWE","Shop assistant and school substitute teacher , Soders Under and International English School",,,91.70%,91.80%,91.80%,90.90%,78.90%,80.80%,73.30%,81.90%,83.10%,87.50%,74.20%,81.40%,93.70%,94.40%,75.00%,76.20%,75.30%,78.00%,75.00%,78.30%,63.80%,67.90%,,95.80%,91.10%,93.90%,76.20%,74.50%,87.50%,80.00%,84.80%,87.50%,77.60%,85.90%,95.90%,95.70%,78.80%,78.30%,63.50%,77.90%,0.00%,,56.20%,72.70%,1.17,0.35,1440,1462,35.4,37.1,24.4,15.5,19.9,83,17,20.5,191,10,5.2,,,,,,,,,,,,,,,,,,,,,,,,,,,68.20%,77.10%,,,76.50%,85.40%,75.80%,78.40%,82.50%,85.40%,84.20%,85.40%,88.40%,83.80%,,,82.00%,81.40%,83.80%,82.30%,77.50%,84.00%,87.80%,82.80%,90.30%,86.30%,Promotion CW,63.8,Guard CW,91.8
Sara Oliver,81.60%,81.80%,81.70%,76.50%,749,"{""Lead"": {""start"": ""2016-01-23"", ""end"": ""2024-01-19"", ""count"": 16}, ""Second"": {""start"": ""2017-01-21"", ""end"": ""2023-02-23"", ""count"": 18}}","{""MB"": {""start"": ""2016-01-23"", ""end"": ""2016-01-29"", ""count"": 7}, ""MB (Burtnyk)"": {""start"": ""2017-01-21"", ""end"": ""2017-01-27"", ""count"": 7}, ""Jones"": {""start"": ""2021-12-19"", ""end"": ""2021-12-19"", ""count"": 1}, ""Ackland"": {""start"": ""2023-01-10"", ""end"": ""2023-01-14"", ""count"": 5}, ""Campbell"": {""start"": ""2023-10-17"", ""end"": ""2024-01-19"", ""count"": 8}, ""WC3 (Walter)"": {""start"": ""2023-02-18"", ""end"": ""2023-02-23"", ""count"": 6}}",Right,1996,,,,,,92.90%,92.20%,89.60%,91.10%,81.60%,77.40%,56.20%,76.50%,79.00%,85.00%,66.70%,76.70%,86.00%,80.90%,87.50%,61.10%,64.30%,60.40%,,0.00%,,,93.20%,,,,86.50%,79.20%,37.50%,75.00%,,75.00%,,,93.80%,33.30%,,,50.00%,,,0.00%,,,1.16,0.43,179,184,29.1,34.2,28.3,25.7,3.4,20,2,10,18,0,0,,,,,,,,,,,,,,,,,,,,,,,,,,,,,,,,,84.20%,79.70%,82.10%,78.40%,,,,,,,80.60%,62.50%,,,82.80%,77.80%,87.90%,68.80%,,,Wick CCW,0,Guard CCW,91.1
Sarah Anderson,76.30%,76.30%,76.30%,80.30%,809,"{""Third"": {""start"": ""2015-03-01"", ""end"": ""2024-10-03"", ""count"": 25}, ""Fourth"": {""start"": ""2019-03-22"", ""end"": ""2023-10-21"", ""count"": 5}, ""Second"": {""start"": ""2022-03-24"", ""end"": ""2022-05-07"", ""count"": 8}}","{""USA"": {""start"": ""2015-03-01"", ""end"": ""2015-03-06"", ""count"": 4}, ""United States"": {""start"": ""2016-03-07"", ""end"": ""2022-03-26"", ""count"": 10}, ""USA (Sinclair)"": {""start"": ""2018-12-07"", ""end"": ""2019-03-22"", ""count"": 9}, ""Christensen"": {""start"": ""2022-05-03"", ""end"": ""2022-05-07"", ""count"": 5}, ""Anderson"": {""start"": ""2023-10-17"", ""end"": ""2023-10-21"", ""count"": 4}, ""Strouse"": {""start"": ""2024-10-01"", ""end"": ""2024-10-03"", ""count"": 3}}",Right,1995,"Philadelphia, PA","Minneapolis, MN",Student,Marple Newtown High School,University of Minnesota,92.20%,,89.40%,81.10%,69.00%,77.60%,71.40%,50.00%,76.30%,71.10%,72.70%,76.40%,94.80%,91.00%,69.00%,72.40%,62.50%,68.80%,,,46.90%,55.00%,,,82.50%,87.50%,75.00%,87.50%,,50.00%,64.30%,68.80%,,87.50%,92.50%,94.20%,66.70%,83.30%,,,,,,25.00%,1.06,0.4,193,204,30.1,25.5,25.5,30.1,0,23,1,4.3,18,3,16.7,,,,,,,,,,,,,,,,,,,,,,,,,,,,,,,73.80%,77.30%,75.00%,74.00%,,,77.40%,71.60%,71.40%,71.60%,,,,,80.00%,78.80%,80.60%,79.20%,84.60%,81.50%,,,Promotion CW,46.9,Guard CW,89.4
Sarah Daniels,73.50%,77.30%,75.60%,78.30%,464,"{""Fourth"": {""start"": ""2016-01-23"", ""end"": ""2019-01-27"", ""count"": 18}}","{""BC"": {""start"": ""2016-01-23"", ""end"": ""2019-01-27"", ""count"": 18}}",Right,1999,"Richmond, BC","Delta, BC",Student,Seaquam Secondary School,Simon Fraser University,,,82.10%,91.70%,76.40%,72.40%,,70.80%,72.50%,83.10%,75.00%,79.20%,,91.70%,47.20%,70.30%,55.80%,32.10%,,,,,,,,,72.20%,68.80%,,,50.00%,81.80%,,,,,75.00%,,66.70%,25.00%,,,,,1.24,0.54,107,121,37.4,31.4,28.1,20.6,16.8,7,3,42.9,15,0,0,,,,,,,,,,,,,,,,,,,,,,,,,,,,,,,,,78.10%,78.90%,,,,,74.00%,72.00%,,,,,,,,,,,,,Raise CCW,32.1,Guard CCW,91.7
Sarah Fullerton,73.20%,75.80%,74.50%,68.70%,554,"{""Second"": {""start"": ""2013-02-16"", ""end"": ""2013-02-22"", ""count"": 7}, ""Third"": {""start"": ""2017-02-18"", ""end"": ""2018-02-02"", ""count"": 13}}","{""PEI (Brit)"": {""start"": ""2013-02-16"", ""end"": ""2013-02-22"", ""count"": 7}, ""PE (MacPhee)"": {""start"": ""2017-02-18"", ""end"": ""2017-02-24"", ""count"": 7}, ""PE"": {""start"": ""2018-01-27"", ""end"": ""2018-02-02"", ""count"": 6}}",Right,1991,"Charlottetown, PEI","Cornwall, PEI",,,,84.20%,87.50%,82.40%,91.20%,63.70%,69.40%,65.00%,66.70%,75.30%,84.80%,73.30%,68.60%,91.40%,83.60%,75.00%,61.80%,37.50%,57.50%,,,,,96.40%,62.50%,87.50%,,40.00%,95.00%,0.00%,50.00%,83.30%,75.00%,37.50%,,86.10%,92.50%,,,12.50%,50.00%,,,,,1.17,0.25,135,135,34.8,33.3,17.8,21.5,13.3,14,4,28.6,10,2,20,,,,,,,,,,,,,,,,,,,,,,,,,,,71.80%,73.30%,,,,,,,71.10%,77.60%,72.00%,79.70%,,,,,,,,,,,,,,,Raise CW,37.5,Guard CCW,91.2
Sarah Hoag,73.10%,70.70%,72.00%,69.00%,548,"{""Third"": {""start"": ""2017-04-18"", ""end"": ""2017-04-21"", ""count"": 4}, ""Lead"": {""start"": ""2018-03-24"", ""end"": ""2018-03-26"", ""count"": 3}, ""Second"": {""start"": ""2019-01-19"", ""end"": ""2020-03-14"", ""count"": 11}}","{""SK (Erickson)"": {""start"": ""2017-04-18"", ""end"": ""2017-04-21"", ""count"": 4}, ""REG"": {""start"": ""2018-03-24"", ""end"": ""2018-03-26"", ""count"": 3}, ""SK"": {""start"": ""2019-01-19"", ""end"": ""2019-01-25"", ""count"": 7}, ""Regina (w)"": {""start"": ""2020-03-11"", ""end"": ""2020-03-14"", ""count"": 4}}",Right,1999,,,,,,92.20%,80.00%,78.60%,84.40%,70.60%,68.20%,52.80%,62.50%,74.40%,70.90%,79.00%,64.40%,68.20%,80.40%,43.80%,50.00%,62.50%,80.00%,50.00%,0.00%,,,,91.70%,,75.00%,87.50%,65.60%,,,83.30%,78.60%,,75.00%,63.90%,71.40%,25.00%,25.00%,50.00%,,50.00%,0.00%,,,0.81,0.49,145,117,19.3,35,29.9,26.9,-7.6,11,1,9.1,14,3,21.4,,,,,,,,,,,,,,,,,,,,,,,,,,,,,,,,,,,72.30%,64.80%,74.60%,62.50%,65.30%,73.00%,83.50%,76.30%,,,,,,,,,,,Wick CCW,0,Guard CCW,84.4
Sarah Koltun,77.60%,74.70%,76.30%,72.60%,1233,"{""Fourth"": {""start"": ""2017-02-16"", ""end"": ""2017-02-17"", ""count"": 2}, ""Third"": {""start"": ""2018-01-27"", ""end"": ""2022-10-18"", ""count"": 29}, ""Second"": {""start"": ""2023-02-18"", ""end"": ""2024-10-04"", ""count"": 17}}","{""YT (Koltun)"": {""start"": ""2017-02-16"", ""end"": ""2017-02-17"", ""count"": 2}, ""NT"": {""start"": ""2018-01-27"", ""end"": ""2018-02-02"", ""count"": 6}, ""NT (Galusha)"": {""start"": ""2019-02-16"", ""end"": ""2024-02-22"", ""count"": 28}, ""Galusha"": {""start"": ""2021-10-26"", ""end"": ""2022-10-18"", ""count"": 6}, ""Brown"": {""start"": ""2024-09-25"", ""end"": ""2024-10-04"", ""count"": 6}}",Right,1993,"Whitehorse, YK","Whitehorse, YK",Student,,,94.40%,81.20%,87.50%,85.30%,74.90%,71.30%,55.40%,77.30%,80.30%,77.10%,69.40%,64.90%,86.90%,83.20%,71.80%,69.80%,65.40%,77.10%,,,,,95.00%,,86.10%,60.00%,82.00%,64.60%,0.00%,50.00%,,84.10%,66.70%,87.50%,91.10%,95.80%,41.70%,75.00%,66.70%,87.50%,,,,,1.22,0.31,285,299,37.9,36.8,21.7,24.6,13.3,31,7,22.6,26,4,15.4,,,,,,,,,,,,,,,,,,,,,,,,,,,,,,,,,,,68.30%,82.00%,78.00%,79.50%,70.40%,68.60%,68.40%,77.70%,74.50%,77.10%,75.00%,75.40%,79.90%,73.40%,83.80%,78.50%,,,Freeze CW,55.4,Guard CW,87.5
Sarah Loken,84.60%,84.60%,84.60%,82.90%,939,"{""Lead"": {""start"": ""2019-01-19"", ""end"": ""2024-02-22"", ""count"": 47}}","{""BC"": {""start"": ""2019-01-19"", ""end"": ""2019-01-27"", ""count"": 9}, ""Grandy"": {""start"": ""2022-10-18"", ""end"": ""2023-12-15"", ""count"": 24}, ""BC (Grandy)"": {""start"": ""2023-02-17"", ""end"": ""2024-02-22"", ""count"": 14}}",Right,2000,,,,,,89.70%,89.90%,89.10%,88.80%,82.70%,82.30%,68.80%,78.10%,77.90%,80.70%,45.80%,85.70%,66.70%,25.00%,50.00%,87.50%,58.30%,77.10%,91.70%,75.00%,,,93.90%,88.30%,90.00%,,82.80%,80.00%,,,,87.50%,50.00%,,50.00%,50.00%,,,,,87.50%,,,,1.15,0.49,225,226,35.6,30.5,29.2,26.7,8.9,27,6,22.2,23,0,0,,,,,,,,,,,,,,,,,,,,,,,,,,,,,,,,,,,,,,,83.40%,73.80%,,,,,84.80%,75.00%,87.30%,74.40%,85.60%,82.60%,,,Hit-roll CW,45.8,Wick CW,91.7
Sarah Mueller,82.60%,76.90%,80.30%,76.00%,264,"{""Third"": {""start"": ""2020-02-18"", ""end"": ""2020-02-20"", ""count"": 3}, ""Second"": {""start"": ""2020-02-20"", ""end"": ""2023-10-20"", ""count"": 5}, ""Lead"": {""start"": ""2022-12-06"", ""end"": ""2023-01-13"", ""count"": 9}}","{""Switzerland"": {""start"": ""2020-02-18"", ""end"": ""2020-02-20"", ""count"": 3}, ""Jaeggi"": {""start"": ""2022-12-06"", ""end"": ""2023-01-13"", ""count"": 9}, ""Huerlimann"": {""start"": ""2023-10-17"", ""end"": ""2023-10-20"", ""count"": 4}}",Right,,,,,,,94.20%,94.40%,90.60%,81.20%,83.20%,70.30%,67.90%,75.00%,68.10%,73.80%,80.00%,76.90%,,80.00%,84.40%,66.70%,60.00%,,,,12.50%,,90.00%,91.70%,,,93.80%,87.50%,50.00%,0.00%,,,83.30%,,,87.50%,,,,,,,,,0.92,0.23,64,65,23.4,40,20,21.9,1.5,7,0,0,6,3,50,,,,,,,,,,,,,,,,,,,,,,,,,,,,,,,,,,,,,,,,,69.30%,68.20%,,,86.00%,92.50%,85.80%,75.60%,,,,,Promotion CW,12.5,Guard CW,90.6
Sarah Murphy,72.90%,73.40%,73.10%,65.80%,438,"{""Fourth"": {""start"": ""2016-02-20"", ""end"": ""2016-02-20"", ""count"": 1}, ""Third"": {""start"": ""2016-02-21"", ""end"": ""2016-02-25"", ""count"": 5}, ""Second"": {""start"": ""2019-02-16"", ""end"": ""2021-10-29"", ""count"": 9}}","{""NS (Brothers)"": {""start"": ""2016-02-20"", ""end"": ""2019-02-20"", ""count"": 11}, ""Brothers"": {""start"": ""2021-10-26"", ""end"": ""2021-10-29"", ""count"": 4}}",Right,,,,,,,75.00%,71.90%,66.20%,82.10%,68.90%,69.50%,47.70%,66.70%,75.30%,73.10%,74.00%,63.60%,87.50%,89.30%,68.20%,83.30%,59.40%,67.90%,,,,,85.70%,75.00%,75.00%,,50.00%,41.70%,0.00%,,78.60%,,,,83.30%,,50.00%,,,50.00%,,,,,1,0.3,107,108,26.2,36.1,21.3,26.2,0,8,0,0,11,2,18.2,,,,,,,,,,,,,,,,,,,,,,,,,,,,,,,,,78.40%,80.60%,,,,,67.90%,72.20%,,,57.80%,63.70%,,,,,,,,,Freeze CW,47.7,Double CCW,83.3
Sarah Paul,66.00%,64.80%,65.30%,55.70%,194,"{""Second"": {""start"": ""2011-02-19"", ""end"": ""2011-02-24"", ""count"": 6}}","{""NL(Devereaux)"": {""start"": ""2011-02-19"", ""end"": ""2011-02-24"", ""count"": 6}}",Right,,,,,,,82.10%,92.30%,77.80%,85.00%,60.60%,61.30%,54.20%,60.90%,67.90%,64.10%,71.90%,55.00%,83.30%,50.00%,25.00%,40.00%,66.70%,54.20%,,,,,80.00%,90.00%,,50.00%,25.00%,68.80%,0.00%,62.50%,,75.00%,,50.00%,,,,,,,,,,,0.84,0.2,49,44,16.3,36.4,13.6,38.8,-22.5,9,1,11.1,1,0,0,,,,,,,,,,,,,,,,,,,,,,,66.90%,62.50%,,,,,,,,,,,,,,,,,,,,,,,,,,,,,Double CW,25,Guard CCW,85
Sarah Potts,85.40%,87.00%,86.20%,77.70%,2114,"{""Lead"": {""start"": ""2016-02-20"", ""end"": ""2024-02-22"", ""count"": 82}}","{""NO (McCarville)"": {""start"": ""2016-02-20"", ""end"": ""2024-02-22"", ""count"": 47}, ""McCarville"": {""start"": ""2017-11-07"", ""end"": ""2022-10-19"", ""count"": 35}}",Right,1989,"Thunder Bay, ON","Thunder Bay, ON","Court Support Worker, Thunder Bay Counselling Centre",,,93.40%,91.50%,84.50%,83.30%,83.50%,87.50%,78.80%,77.60%,86.80%,88.00%,75.00%,80.00%,80.00%,87.50%,81.20%,75.00%,65.80%,74.10%,55.80%,50.00%,,,90.00%,91.50%,90.00%,96.40%,84.50%,81.80%,,,50.00%,,,,0.00%,91.70%,,,,87.50%,57.70%,22.70%,,,1.05,0.39,496,539,30.2,33.6,28,19.2,11,38,13,34.2,52,4,7.7,,,,,,,,,,,,,,,,,,,,,,,,,,,,,,,,,90.50%,79.00%,88.20%,73.90%,,,88.50%,86.80%,,,87.10%,79.60%,84.60%,80.70%,89.60%,80.80%,91.70%,80.00%,,,Wick CCW,50,Take-out CCW,88
Sarah Reid,85.50%,85.00%,85.20%,82.50%,683,"{""Lead"": {""start"": ""2014-11-22"", ""end"": ""2016-03-24"", ""count"": 23}}","{""SCO"": {""start"": ""2014-11-22"", ""end"": ""2015-11-28"", ""count"": 17}, ""SCO (Muirhead)"": {""start"": ""2016-03-19"", ""end"": ""2016-03-24"", ""count"": 6}}",Right,1986,"Kilmarnock, SCO","Kilmarnock, SCO",,,,95.50%,89.90%,82.90%,75.80%,83.20%,83.10%,75.00%,,88.30%,89.00%,78.60%,78.60%,0.00%,50.00%,50.00%,,81.80%,90.60%,47.70%,83.30%,,,,98.20%,75.00%,,87.50%,93.80%,,,,,,,,50.00%,,,50.00%,,52.50%,83.30%,,,1.17,0.33,166,173,36.7,38.2,21.4,19.3,17.4,10,2,20,21,2,9.5,,,,,,,,,,,,,,,,,,,,,,,,,,,,,85.50%,78.80%,84.90%,81.40%,88.80%,80.60%,,,,,,,,,,,,,,,,,,,Wick CW,47.7,Raise CCW,90.6
Sarah Wark,79.00%,73.60%,76.30%,83.30%,408,"{""Third"": {""start"": ""2014-11-10"", ""end"": ""2014-11-15"", ""count"": 6}, ""Fourth"": {""start"": ""2019-02-16"", ""end"": ""2019-02-22"", ""count"": 7}}","{""BC (Craig)"": {""start"": ""2014-11-10"", ""end"": ""2014-11-15"", ""count"": 6}, ""BC (Wark)"": {""start"": ""2019-02-16"", ""end"": ""2019-02-22"", ""count"": 7}}",Right,,,,,,,95.80%,75.00%,89.80%,77.80%,75.90%,70.00%,84.40%,75.00%,75.40%,76.50%,85.00%,70.80%,82.10%,91.70%,91.70%,65.90%,62.50%,69.60%,,,,,,,,50.00%,77.50%,95.00%,66.70%,0.00%,95.80%,85.00%,,,,,,,87.50%,75.00%,,,,,1.16,0.36,93,108,32.3,37,25,24.7,7.6,10,1,10,7,2,28.6,,,,,,,,,,,,,,,,,,,,,,,,,,,,,71.60%,76.30%,,,,,,,,,81.80%,74.80%,,,,,,,,,,,,,Raise CW,62.5,Double CW,91.7
Sarah Wilkes,85.50%,85.30%,85.40%,82.70%,5168,"{""Third"": {""start"": ""2015-11-08"", ""end"": ""2022-02-03"", ""count"": 50}, ""Second"": {""start"": ""2017-02-18"", ""end"": ""2022-05-07"", ""count"": 52}, ""Lead"": {""start"": ""2022-09-22"", ""end"": ""2025-04-13"", ""count"": 128}}","{""AB (Lizmore)"": {""start"": ""2015-11-08"", ""end"": ""2015-11-14"", ""count"": 7}, ""Kleibrink"": {""start"": ""2017-11-07"", ""end"": ""2017-11-11"", ""count"": 5}, ""AB (Kleibrink)"": {""start"": ""2017-02-18"", ""end"": ""2017-02-24"", ""count"": 7}, ""Carey"": {""start"": ""2018-12-05"", ""end"": ""2019-11-30"", ""count"": 8}, ""AB (Carey)"": {""start"": ""2019-02-16"", ""end"": ""2019-02-24"", ""count"": 9}, ""Canada"": {""start"": ""2019-03-16"", ""end"": ""2019-03-22"", ""count"": 7}, ""CA (Carey)"": {""start"": ""2020-02-15"", ""end"": ""2020-02-21"", ""count"": 7}, ""Homan"": {""start"": ""2021-04-15"", ""end"": ""2025-04-13"", ""count"": 124}, ""ON (Homan)"": {""start"": ""2021-02-20"", ""end"": ""2024-02-25"", ""count"": 24}, ""WC3 (Miskew)"": {""start"": ""2022-01-28"", ""end"": ""2022-02-03"", ""count"": 7}, ""CAN (Homan)"": {""start"": ""2024-03-16"", ""end"": ""2025-03-23"", ""count"": 25}}",Right,1990,"Toronto, ON","Toronto, CAN",,Birchmount Park CI,Wilfrid Laurier,93.50%,93.20%,91.30%,91.50%,84.10%,85.10%,82.90%,81.20%,83.50%,82.40%,78.60%,79.60%,95.40%,92.70%,77.50%,76.10%,79.50%,76.70%,70.00%,75.00%,45.00%,,93.10%,94.20%,90.30%,97.60%,86.50%,88.70%,91.70%,85.00%,85.20%,70.00%,93.80%,86.20%,98.30%,95.70%,75.00%,84.10%,77.80%,87.50%,68.80%,69.40%,0.00%,,1.25,0.36,1220,1275,38.4,37.8,23.9,15.7,22.7,67,20,29.9,160,8,5,,,,,,,,,,,,,,,,,,,,,,,,,,,,,,,80.90%,89.90%,,,81.10%,85.00%,78.90%,70.30%,81.10%,80.60%,82.00%,81.20%,80.50%,82.40%,88.00%,82.10%,88.40%,80.50%,90.30%,80.90%,91.20%,90.80%,Promotion CW,45,Guard CCW,91.5
Sasha Beauchamp,70.30%,80.50%,77.80%,68.70%,203,"{""Lead"": {""start"": ""2013-02-16"", ""end"": ""2013-02-22"", ""count"": 7}}","{""QC (Ross)"": {""start"": ""2013-02-16"", ""end"": ""2013-02-22"", ""count"": 7}}",Right,,,,,,,88.90%,87.10%,50.00%,82.80%,53.80%,77.30%,,62.50%,82.50%,83.60%,87.50%,,0.00%,,,,0.00%,43.80%,,,,,,81.20%,,,50.00%,,,,50.00%,,,,0.00%,,,,,,,,,,0.76,0.32,51,50,15.7,28,26,27.5,-11.8,6,0,0,3,0,0,,,,,,,,,,,,,,,,,,,,,,,,,,,77.90%,77.60%,,,,,,,,,,,,,,,,,,,,,,,,,Raise CW,0,Hit-roll CW,87.5
Sasha Carter,75.20%,81.00%,78.20%,81.70%,887,"{""Second"": {""start"": ""2011-02-19"", ""end"": ""2022-02-03"", ""count"": 21}, ""Third"": {""start"": ""2012-02-18"", ""end"": ""2012-02-26"", ""count"": 8}, ""Lead"": {""start"": ""2016-02-26"", ""end"": ""2016-02-26"", ""count"": 1}}","{""BC(Scott)"": {""start"": ""2011-02-19"", ""end"": ""2011-02-25"", ""count"": 7}, ""BC (Scott)"": {""start"": ""2012-02-18"", ""end"": ""2013-02-24"", ""count"": 16}, ""BC (Thompson)"": {""start"": ""2016-02-24"", ""end"": ""2016-02-26"", ""count"": 2}, ""BC (Arsenault)"": {""start"": ""2022-01-29"", ""end"": ""2022-02-03"", ""count"": 5}}",Right,1974,"Ashern, MB","Kelowna, BC","Business manager, The peacock Sheridan group",Astern,University of Manitoba,86.00%,85.90%,83.90%,86.50%,68.90%,76.90%,68.80%,67.50%,76.70%,85.90%,72.90%,75.00%,84.90%,89.70%,65.20%,68.80%,74.00%,66.70%,,,,,70.80%,,81.20%,85.00%,85.00%,77.10%,62.50%,95.00%,68.80%,83.30%,87.50%,75.00%,,90.50%,75.00%,,58.30%,75.00%,,,,,1.2,0.33,215,221,33,35.7,24,19.1,13.9,18,5,27.8,21,1,4.8,,,,,,,,,,,,,,,,,,,,,,,73.00%,75.20%,79.60%,79.60%,77.40%,86.80%,,,,,71.20%,86.10%,,,,,,,,,,,74.60%,76.30%,,,,,,,Double CW,65.2,Guard CCW,86.5
Satoshi Koizumi,86.10%,90.50%,88.10%,90.50%,436,"{""Lead"": {""start"": ""2023-10-17"", ""end"": ""2025-04-04"", ""count"": 20}}","{""Yanagisawa"": {""start"": ""2023-10-17"", ""end"": ""2024-10-05"", ""count"": 13}, ""JPN (Yamaguchi)"": {""start"": ""2025-03-29"", ""end"": ""2025-04-04"", ""count"": 7}}",Right,1988,"Nagano, JPN","Nagano, JPN",,,,91.60%,95.10%,75.00%,95.50%,85.20%,88.60%,80.00%,84.40%,83.90%,90.30%,62.50%,62.50%,,,50.00%,,,0.00%,,,,,88.60%,98.40%,50.00%,87.50%,69.40%,91.70%,,,,,,,,,,,,,,,,,0.94,0.13,121,91,26.4,31.9,11,21.5,4.9,11,0,0,4,0,0,,,,,,,,,,,,,,,,,,,,,,,,,,,,,,,,,,,,,,,,,,,,,,,91.20%,77.50%,90.50%,58.30%,87.10%,86.30%,Raise CCW,0,Guard CCW,95.5
Satsuki Fujisawa,75.20%,77.90%,76.60%,73.30%,2737,"{""Fourth"": {""start"": ""2016-03-19"", ""end"": ""2025-04-11"", ""count"": 144}}","{""JPN (Fujisawa)"": {""start"": ""2016-03-19"", ""end"": ""2022-02-20"", ""count"": 18}, ""Japan"": {""start"": ""2017-11-03"", ""end"": ""2021-12-17"", ""count"": 31}, ""Fujisawa"": {""start"": ""2021-04-15"", ""end"": ""2025-04-11"", ""count"": 95}}",Right,1991,"Hokkaido, JPN","Nagano, JPN",,,,,75.00%,93.20%,91.00%,74.30%,73.60%,69.30%,71.00%,76.80%,84.70%,72.30%,74.00%,94.00%,96.70%,66.50%,68.80%,66.40%,67.10%,50.00%,,50.90%,47.20%,,,97.90%,90.90%,72.00%,71.20%,50.00%,71.90%,68.60%,83.50%,67.90%,66.10%,87.50%,96.90%,50.00%,63.20%,67.20%,60.70%,,,50.00%,50.00%,1.14,0.41,668,687,34.1,33.3,26.5,20.1,14,63,12,19,77,4,5.2,,,,,,,,,,,,,,,,,,,,,,,,,,,,,,,,,80.30%,88.40%,66.70%,68.80%,75.80%,74.60%,71.00%,68.00%,,,72.70%,78.00%,81.50%,73.70%,81.50%,76.80%,74.60%,76.10%,79.20%,72.20%,Promotion CCW,47.2,Guard CW,93.2
Sayaka Yoshimura,78.00%,79.90%,78.90%,68.80%,623,"{""Fourth"": {""start"": ""2021-10-19"", ""end"": ""2025-04-12"", ""count"": 33}}","{""Yoshimura"": {""start"": ""2021-10-19"", ""end"": ""2025-04-12"", ""count"": 26}, ""JPN (Yoshimura)"": {""start"": ""2025-03-15"", ""end"": ""2025-03-21"", ""count"": 7}}",Right,1992,"Hokkaido, JPN","Sapporo, JPN",,,,,,88.20%,80.00%,72.30%,79.60%,82.70%,66.70%,84.20%,88.70%,84.00%,73.20%,83.30%,97.20%,67.00%,57.30%,62.50%,75.00%,,,65.00%,71.40%,,,95.00%,,66.20%,68.10%,,,70.80%,91.70%,75.00%,58.30%,,75.00%,25.00%,25.00%,75.00%,80.00%,,,58.30%,,1.1,0.26,160,141,33.1,41.1,19.9,23.8,9.3,14,3,21.4,13,1,7.7,,,,,,,,,,,,,,,,,,,,,,,,,,,,,,,,,,,,,,,,,,,65.50%,74.00%,,,89.00%,89.70%,75.60%,81.60%,78.00%,77.90%,Double CCW,57.3,Take-out CCW,88.7
Scott Andrews,82.80%,83.60%,83.20%,88.50%,440,"{""Second"": {""start"": ""2014-02-10"", ""end"": ""2017-04-06"", ""count"": 17}}","{""GBR"": {""start"": ""2014-02-10"", ""end"": ""2014-02-21"", ""count"": 11}, ""Scotland"": {""start"": ""2017-04-01"", ""end"": ""2017-04-06"", ""count"": 6}}",Right,1989,"Ayr, SCO","Kilmarnock, SCO",Full time Curler,,,,91.70%,89.50%,83.80%,75.80%,74.20%,,,88.30%,93.50%,75.00%,78.90%,92.40%,93.90%,70.80%,76.70%,90.00%,63.60%,,,87.50%,50.00%,,83.30%,,62.50%,,62.50%,,,,,,91.70%,96.40%,88.90%,,,,,,,,,1.03,0.23,107,109,27.1,36.7,19.3,13.1,14,6,2,33.3,7,0,0,,,,,,,,,,,,,,,,,,,,,,,,,,,,,75.00%,83.40%,,,,,84.50%,89.00%,,,,,,,,,,,,,,,,,Promotion CCW,50,Take-out CCW,93.5
Scott Bailey,84.90%,93.30%,90.70%,96.20%,217,"{""Lead"": {""start"": ""2001-03-03"", ""end"": ""2001-03-10"", ""count"": 8}}","{""ON (Middaugh)"": {""start"": ""2001-03-03"", ""end"": ""2001-03-10"", ""count"": 8}}",Right,1970,"Brampton, ON","Brampton, ON",Contractor,,,96.40%,97.70%,66.70%,87.50%,80.00%,94.30%,77.80%,85.70%,62.50%,86.40%,93.80%,85.70%,,91.70%,,66.70%,62.50%,,,,,,,,,,87.50%,,75.00%,,,,,,,,,,,,,,,,1.39,0.29,49,62,42.9,33.9,22.6,18.4,24.5,3,1,33.3,8,0,0,,,92.30%,85.30%,,,,,,,,,,,,,,,,,,,,,,,,,,,,,,,,,,,,,,,,,,,,,,,,,Take-out CW,62.5,Draw CCW,94.3
Scott Becker,64.90%,71.40%,68.80%,57.80%,199,"{""Fourth"": {""start"": ""2018-11-04"", ""end"": ""2019-11-02"", ""count"": 8}}","{""New Zealand"": {""start"": ""2018-11-04"", ""end"": ""2019-11-02"", ""count"": 8}}",Right,,,,,,,,,,83.30%,67.40%,73.80%,,,54.70%,75.50%,71.90%,55.60%,0.00%,,55.00%,57.10%,66.70%,62.50%,,,62.50%,33.30%,,,,,50.00%,70.80%,,,,40.00%,50.00%,,,,0.00%,,,,,,0.00%,25.00%,1.07,0.26,54,46,31.5,41.3,17.4,35.2,-3.7,6,0,0,4,1,25,,,,,,,,,,,,,,,,,,,,,,,,,,,,,,,,,,,,,74.10%,68.90%,43.80%,41.70%,,,,,,,,,,,,,Promotion CCW,33.3,Guard CCW,83.3
Scott Bitz,76.30%,81.00%,78.70%,79.10%,430,"{""Fourth"": {""start"": ""2002-03-09"", ""end"": ""2002-03-15"", ""count"": 7}, ""Third"": {""start"": ""2009-03-07"", ""end"": ""2009-03-12"", ""count"": 6}, ""Lead"": {""start"": ""2009-03-12"", ""end"": ""2009-03-12"", ""count"": 1}}","{""SK (Bitz)"": {""start"": ""2002-03-09"", ""end"": ""2002-03-15"", ""count"": 7}, ""SASK (Jordison)"": {""start"": ""2009-03-07"", ""end"": ""2009-03-12"", ""count"": 6}}",Right,1974,"Regina, SK","Regina, SK","Chiropractor, Self - Airport Health Professionals",Thom Collegiate,University of Regina / CMCC,,,90.00%,86.50%,73.20%,78.70%,74.00%,77.30%,80.60%,79.70%,62.00%,80.90%,,96.90%,53.60%,76.80%,73.20%,83.30%,,,,,,,62.50%,78.60%,75.00%,87.50%,50.00%,50.00%,75.00%,50.00%,,,,,37.50%,,,,,,,,1.01,0.25,103,106,22.3,38.7,20.8,20.4,1.9,10,1,10,5,0,0,,,,,79.50%,75.90%,,,,,,,,,,,,,80.80%,79.90%,,,,,,,,,,,,,,,,,,,,,,,,,,,,,,,,,Double CW,53.6,Guard CW,90
Scott Chadwick,88.90%,87.80%,88.30%,80.80%,920,"{""Lead"": {""start"": ""2017-11-07"", ""end"": ""2023-01-13"", ""count"": 41}}","{""Balsdon"": {""start"": ""2017-11-07"", ""end"": ""2017-11-12"", ""count"": 6}, ""ON"": {""start"": ""2019-03-02"", ""end"": ""2019-03-08"", ""count"": 7}, ""Horgan"": {""start"": ""2021-10-25"", ""end"": ""2021-11-26"", ""count"": 13}, ""Epping"": {""start"": ""2022-09-22"", ""end"": ""2023-01-13"", ""count"": 15}}",Right,1991,"Napanee, ON","Kingston, ON",,,,94.60%,95.30%,84.50%,84.70%,89.10%,85.80%,83.90%,79.70%,74.10%,88.00%,78.60%,70.00%,50.00%,,,37.50%,62.50%,81.20%,80.00%,73.70%,,,96.90%,97.50%,83.30%,,88.90%,78.10%,,58.30%,95.00%,,,0.00%,,,,,,,75.00%,76.80%,,,1.08,0.28,213,244,27.2,29.1,17.2,17.4,9.8,23,5,21.7,19,0,0,,,,,,,,,,,,,,,,,,,,,,,,,,,,,,,,,,,86.90%,78.80%,,,91.20%,73.50%,,,91.90%,75.40%,91.70%,88.20%,88.40%,,,,,,Double CCW,37.5,Draw CW,89.1
Scott Howard,83.60%,84.60%,84.10%,81.10%,1836,"{""Lead"": {""start"": ""2011-03-06"", ""end"": ""2017-11-12"", ""count"": 24}, ""Second"": {""start"": ""2013-03-05"", ""end"": ""2024-04-12"", ""count"": 5}, ""Third"": {""start"": ""2019-11-27"", ""end"": ""2022-10-07"", ""count"": 36}, ""Fourth"": {""start"": ""2022-04-12"", ""end"": ""2024-10-04"", ""count"": 16}}","{""ON (Howard)"": {""start"": ""2011-03-06"", ""end"": ""2024-03-07"", ""count"": 31}, ""Howard"": {""start"": ""2017-11-06"", ""end"": ""2024-10-04"", ""count"": 37}, ""WC2 (Howard)"": {""start"": ""2020-02-28"", ""end"": ""2020-02-28"", ""count"": 1}, ""WC3 (Howard)"": {""start"": ""2021-03-06"", ""end"": ""2021-03-13"", ""count"": 8}, ""Jacobs"": {""start"": ""2024-04-09"", ""end"": ""2024-04-12"", ""count"": 4}}",Right,1990,"Midland, CAN","Penetanguishene , CAN","Student, Bowerbird Custom Design & Build",Penetanguishene Secondary School,Georgian College,97.60%,98.30%,87.70%,93.40%,84.60%,83.90%,75.40%,73.10%,82.20%,85.80%,78.80%,77.80%,91.80%,96.30%,76.60%,74.50%,72.60%,77.90%,90.00%,53.80%,,,98.20%,,84.40%,,90.50%,81.20%,75.00%,62.50%,66.70%,75.00%,83.30%,93.80%,96.20%,93.80%,80.00%,87.50%,53.60%,62.50%,87.50%,50.00%,,,1.03,0.22,457,451,30.4,35.9,14.9,14.9,15.5,38,5,13.2,43,3,7,,,,,,,,,,,,,,,,,,,,,,,87.50%,,93.80%,,91.70%,75.00%,,,,,93.30%,83.70%,90.60%,77.80%,,,74.20%,77.10%,85.00%,95.00%,85.70%,83.60%,76.50%,83.10%,58.30%,77.50%,82.30%,78.10%,,,Wick CCW,53.8,Guard CCW,93.4
Scott Jones,74.90%,74.50%,74.70%,70.70%,1100,"{""Third"": {""start"": ""2007-03-03"", ""end"": ""2023-03-09"", ""count"": 24}, ""Second"": {""start"": ""2012-03-03"", ""end"": ""2012-03-08"", ""count"": 6}, ""Fourth"": {""start"": ""2014-11-10"", ""end"": ""2023-03-04"", ""count"": 7}}","{""N.B. (Dobson)"": {""start"": ""2007-03-03"", ""end"": ""2007-03-08"", ""count"": 6}, ""NB (Odishaw)"": {""start"": ""2012-03-03"", ""end"": ""2012-03-08"", ""count"": 6}, ""NB (Jones)"": {""start"": ""2014-11-10"", ""end"": ""2023-03-09"", ""count"": 11}, ""NB (Kennedy)"": {""start"": ""2016-03-05"", ""end"": ""2017-03-10"", ""count"": 14}}",Right,1972,"Moncton, NB","Moncton, NB",,,,85.70%,87.50%,95.20%,89.20%,68.90%,72.50%,76.90%,73.20%,71.30%,75.30%,68.10%,71.90%,91.70%,81.00%,76.20%,68.50%,78.00%,60.10%,,,,,87.50%,83.30%,,97.70%,59.40%,75.00%,75.00%,75.00%,62.50%,50.00%,75.00%,65.00%,,,25.00%,0.00%,55.00%,87.50%,,,,,0.96,0.23,274,262,25.2,32.4,16.8,24.8,0.4,36,6,16.7,14,3,21.4,,,,,,,,,,,,,,,71.50%,68.50%,,,,,,,,,79.20%,73.50%,,,67.50%,63.90%,,,84.40%,81.20%,80.10%,77.40%,,,,,,,,,,,77.30%,68.00%,,,,,Raise CCW,60.1,Guard CW,95.2
Scott Manners,73.90%,82.40%,77.70%,76.30%,213,"{""Fourth"": {""start"": ""2012-03-03"", ""end"": ""2012-03-08"", ""count"": 6}}","{""SK (Manners)"": {""start"": ""2012-03-03"", ""end"": ""2012-03-08"", ""count"": 6}}",Right,1972,,,,,,,,71.90%,91.70%,65.50%,72.70%,50.00%,70.80%,83.30%,88.90%,81.20%,87.50%,,,64.30%,75.00%,47.20%,,,,,,,,,,40.00%,58.30%,,,87.50%,,,,,,,,25.00%,,,,,,0.95,0.18,57,49,22.8,44.9,16.3,17.5,5.3,7,1,14.3,2,0,0,,,,,,,,,,,,,,,,,,,,,,,,,70.30%,82.70%,,,,,,,,,,,,,,,,,,,,,,,,,,,Raise CW,47.2,Guard CCW,91.7
Scott Mcdonald,81.10%,78.70%,80.10%,84.20%,341,"{""Fourth"": {""start"": ""2019-03-02"", ""end"": ""2021-03-11"", ""count"": 13}}","{""ON"": {""start"": ""2019-03-02"", ""end"": ""2019-03-08"", ""count"": 7}, ""NS (Murphy)"": {""start"": ""2021-03-05"", ""end"": ""2021-03-11"", ""count"": 6}}",Right,,,,,,,,,83.30%,,82.80%,79.20%,61.40%,71.90%,83.80%,76.40%,73.90%,83.30%,,,79.50%,67.90%,84.60%,87.50%,,,,,,,,,82.50%,50.00%,75.00%,75.00%,75.00%,68.80%,,,,,,,,,,,,,1.16,0.47,76,92,30.3,29.3,30.4,22.4,7.9,7,0,0,10,1,10,,,,,,,,,,,,,,,,,,,,,,,,,,,,,,,,,,,,,,,82.10%,82.70%,,,74.60%,77.40%,,,,,,,,,Freeze CW,61.4,Raise CCW,87.5
Scott Mitchell,79.90%,78.70%,79.20%,78.10%,695,"{""Second"": {""start"": ""2017-04-18"", ""end"": ""2025-03-06"", ""count"": 16}, ""Third"": {""start"": ""2020-01-18"", ""end"": ""2023-10-20"", ""count"": 15}}","{""ON (Enman)"": {""start"": ""2017-04-18"", ""end"": ""2017-04-21"", ""count"": 4}, ""NO"": {""start"": ""2020-01-18"", ""end"": ""2020-01-23"", ""count"": 6}, ""Rooney"": {""start"": ""2022-09-21"", ""end"": ""2022-09-21"", ""count"": 1}, ""Mooibroek"": {""start"": ""2023-10-17"", ""end"": ""2024-10-05"", ""count"": 10}, ""CAN (Rooney)"": {""start"": ""2023-02-26"", ""end"": ""2023-03-02"", ""count"": 4}, ""ON (Mooibroek)"": {""start"": ""2025-03-01"", ""end"": ""2025-03-06"", ""count"": 6}}",Right,2001,,,,,,97.20%,98.10%,88.80%,88.70%,74.50%,78.00%,76.70%,65.40%,83.80%,77.50%,75.60%,75.00%,85.00%,90.40%,68.80%,67.00%,84.60%,50.00%,,,,83.30%,,,93.80%,,66.70%,71.40%,66.70%,25.00%,83.30%,65.00%,87.50%,,85.70%,82.10%,,,75.00%,25.00%,,,,,1.12,0.29,154,182,31.8,28.6,19.2,20.1,11.7,15,0,0,16,2,12.5,,,,,,,,,,,,,,,,,,,,,,,,,,,,,,,,,,,70.00%,70.10%,,,,,83.40%,91.60%,,,72.20%,46.40%,82.70%,70.20%,77.60%,85.10%,83.60%,77.50%,Raise CCW,50,Guard CW,88.8
Scott Pfeifer,87.70%,86.50%,87.10%,87.10%,981,"{""Second"": {""start"": ""2001-03-03"", ""end"": ""2016-04-06"", ""count"": 33}, ""Third"": {""start"": ""2004-03-11"", ""end"": ""2004-03-11"", ""count"": 1}, ""Lead"": {""start"": ""2016-04-04"", ""end"": ""2018-02-21"", ""count"": 5}}","{""AB (Ferbey)"": {""start"": ""2001-03-03"", ""end"": ""2004-03-13"", ""count"": 24}, ""ALTA (Ferbey)"": {""start"": ""2003-03-01"", ""end"": ""2003-03-09"", ""count"": 8}, ""Canada"": {""start"": ""2016-04-04"", ""end"": ""2016-04-07"", ""count"": 3}, ""CA (Koe)"": {""start"": ""2017-03-07"", ""end"": ""2017-03-08"", ""count"": 2}, ""CAN (Koe)"": {""start"": ""2018-02-21"", ""end"": ""2018-02-21"", ""count"": 1}}",Left,1977,"St. Albert, AB","Sherwood Park, AB","Leasing Executive, Mintage Financial",,,91.70%,97.20%,86.80%,85.30%,83.90%,82.80%,76.20%,80.60%,87.70%,87.60%,84.00%,79.70%,96.60%,96.30%,82.30%,66.10%,82.60%,84.50%,,0.00%,,,,87.50%,75.00%,,87.50%,82.50%,,,88.60%,96.90%,87.50%,,98.60%,90.50%,,37.50%,,75.00%,,,,,1.43,0.36,226,250,44.7,41.2,26.8,14.2,30.5,6,2,33.3,43,2,4.7,,,88.10%,86.30%,80.20%,89.40%,86.50%,87.30%,78.40%,94.10%,,,,,,,,,,,,,,,,,,,,,,,90.00%,79.20%,79.20%,37.50%,87.50%,,,,,,,,,,,,,,,,Wick CCW,0,Take-out CW,87.7
Scott Saccary,83.10%,82.00%,82.50%,83.90%,1614,"{""Second"": {""start"": ""2016-03-03"", ""end"": ""2025-03-07"", ""count"": 53}, ""Third"": {""start"": ""2021-03-10"", ""end"": ""2022-03-10"", ""count"": 12}}","{""NS (Murphy)"": {""start"": ""2016-03-03"", ""end"": ""2021-03-11"", ""count"": 23}, ""Murphy"": {""start"": ""2017-11-06"", ""end"": ""2017-11-11"", ""count"": 6}, ""NS"": {""start"": ""2018-03-03"", ""end"": ""2018-03-09"", ""count"": 7}, ""Flemming"": {""start"": ""2021-10-26"", ""end"": ""2021-10-30"", ""count"": 5}, ""NS (Flemming)"": {""start"": ""2022-03-05"", ""end"": ""2022-03-10"", ""count"": 6}, ""Purcell"": {""start"": ""2023-11-07"", ""end"": ""2024-10-05"", ""count"": 11}, ""NS (Purcell)"": {""start"": ""2025-03-01"", ""end"": ""2025-03-07"", ""count"": 6}}",Right,1985,"Halifax, NS","Dartmouth, NS","Estimator / Business Owner, Lindsay Construction / New Scotland Clothing Co.",Lockview High School,Nova Scotia Community College,91.70%,90.20%,91.30%,90.80%,81.80%,80.10%,80.90%,66.10%,84.70%,80.40%,76.60%,75.60%,89.00%,89.90%,73.00%,77.30%,74.00%,78.70%,,,,,83.30%,92.10%,75.00%,94.10%,77.90%,86.10%,91.70%,55.00%,89.30%,80.90%,83.30%,75.00%,,88.70%,,75.00%,62.50%,,,,,,1.1,0.31,390,397,31.3,33,21.2,17.9,13.4,43,9,20.9,35,2,5.7,,,,,,,,,,,,,,,,,,,,,,,,,,,,,,,,,86.20%,80.80%,82.20%,84.10%,85.00%,85.00%,,,79.90%,80.20%,83.80%,75.50%,76.60%,84.00%,96.20%,80.10%,84.60%,83.80%,84.30%,83.10%,Freeze CCW,66.1,Guard CW,91.3
Scott Seabrook,84.10%,82.80%,83.40%,69.10%,407,"{""Lead"": {""start"": ""2009-03-11"", ""end"": ""2012-03-08"", ""count"": 13}}","{""N.Ont (Jakubo)"": {""start"": ""2009-03-11"", ""end"": ""2009-03-11"", ""count"": 1}, ""N.Ont (Jacobs)"": {""start"": ""2011-03-05"", ""end"": ""2011-03-10"", ""count"": 6}, ""N. Ont (Jacobs)"": {""start"": ""2012-03-03"", ""end"": ""2012-03-08"", ""count"": 6}}",Right,,,,,,,87.20%,94.40%,88.60%,76.50%,82.70%,82.40%,83.30%,79.20%,85.00%,83.30%,83.30%,65.00%,,50.00%,,37.50%,70.80%,71.20%,,54.20%,,,80.00%,79.20%,75.00%,,92.90%,85.00%,75.00%,,0.00%,,,,,,,,,75.00%,,60.00%,,,1,0.34,98,103,24.5,34,22.3,16.3,8.2,9,1,11.1,8,0,0,,,,,,,,,,,,,,,,,,,62.50%,,,,84.20%,76.80%,86.20%,73.40%,,,,,,,,,,,,,,,,,,,,,,,,,,,Double CCW,37.5,Guard CW,88.6
Scott Weagle,85.80%,87.90%,87.00%,84.40%,363,"{""Lead"": {""start"": ""2020-01-18"", ""end"": ""2023-03-18"", ""count"": 15}}","{""NS"": {""start"": ""2020-01-18"", ""end"": ""2020-01-24"", ""count"": 6}, ""CAN (Purcell)"": {""start"": ""2022-05-15"", ""end"": ""2022-05-22"", ""count"": 5}, ""SMU - M"": {""start"": ""2023-03-15"", ""end"": ""2023-03-18"", ""count"": 4}}",Right,2001,,,,,,92.50%,92.10%,65.00%,70.00%,84.00%,88.30%,,66.70%,82.50%,89.70%,80.00%,66.70%,,,,,,,,,,,91.70%,,75.00%,,81.20%,93.20%,,75.00%,,,,75.00%,,,,,,,,,,,1.1,0.41,84,96,32.1,26,26,23.8,8.3,8,0,0,9,1,11.1,,,,,,,,,,,,,,,,,,,,,,,,,,,,,,,,,,,,,,,,,87.50%,84.50%,,,91.90%,72.20%,83.70%,85.40%,,,,,Guard CW,65,Take-out CCW,89.7
Sean Clarey,84.30%,80.40%,83.00%,61.70%,204,"{""Lead"": {""start"": ""2012-03-03"", ""end"": ""2012-03-08"", ""count"": 6}}","{""PE (Gaudet)"": {""start"": ""2012-03-03"", ""end"": ""2012-03-08"", ""count"": 6}}",Right,,,,,,,93.10%,88.80%,80.00%,75.00%,82.40%,75.00%,66.70%,68.80%,56.20%,78.10%,,81.20%,,,,37.50%,,87.50%,50.00%,,,,,85.00%,,,85.00%,25.00%,,,,,,75.00%,,,,,,,0.00%,,,,1.08,0.16,49,50,26.5,30,10,20.4,6.1,6,0,0,3,2,66.7,,,,,,,,,,,,,,,,,,,,,,,,,84.70%,73.40%,,,,,,,,,,,,,,,,,,,,,,,,,,,Double CCW,37.5,Raise CCW,87.5
Sean Geall,76.10%,75.80%,75.90%,71.00%,319,"{""Fourth"": {""start"": ""2009-03-07"", ""end"": ""2018-03-09"", ""count"": 12}}","{""BC (Geal)"": {""start"": ""2009-03-07"", ""end"": ""2009-03-12"", ""count"": 6}, ""BC"": {""start"": ""2018-03-03"", ""end"": ""2018-03-09"", ""count"": 6}}",Right,1975,"Surrey, BC","Maple Ridge, BC","Sales, WesternOne rentals and sales",Mt. Boucherie,Victoria,,,90.00%,75.00%,76.20%,75.40%,54.50%,60.70%,83.30%,84.30%,70.70%,83.30%,,91.70%,41.70%,46.20%,70.00%,67.90%,,,,,,,83.30%,75.00%,71.90%,85.70%,25.00%,75.00%,87.50%,93.80%,,,,,,33.30%,50.00%,,,,,,1.09,0.26,81,76,30.9,43.4,18.4,25.9,5,10,0,0,9,2,22.2,,,,,,,,,,,,,,,,,,,71.80%,78.30%,,,,,,,,,,,,,,,,,77.30%,76.70%,,,,,,,,,,,,,,,Double CW,41.7,Guard CW,90
Sean Ledgerwood,87.20%,83.80%,85.50%,78.00%,673,"{""Lead"": {""start"": ""2004-03-06"", ""end"": ""2018-03-09"", ""count"": 18}, ""Third"": {""start"": ""2017-03-02"", ""end"": ""2017-03-03"", ""count"": 2}, ""Second"": {""start"": ""2021-03-07"", ""end"": ""2021-03-11"", ""count"": 5}}","{""PE (Gaudet)"": {""start"": ""2004-03-06"", ""end"": ""2004-03-11"", ""count"": 6}, ""PEI (Mackenzie)"": {""start"": ""2013-03-02"", ""end"": ""2013-03-07"", ""count"": 6}, ""PE (MacKenzie)"": {""start"": ""2017-03-02"", ""end"": ""2021-03-11"", ""count"": 7}, ""PE"": {""start"": ""2018-03-03"", ""end"": ""2018-03-09"", ""count"": 6}}",Right,1970,"WolfVille , NS","Cornwall, PEI","Watershed and Subdivision Specialist, PEI Dept. of Environment, Labour & Justice",,"UPEI, University of Toronto",94.70%,89.80%,86.40%,95.00%,85.50%,82.50%,71.20%,73.40%,86.80%,79.10%,93.80%,78.30%,69.40%,75.00%,43.80%,81.20%,83.30%,82.10%,,25.00%,,,98.70%,84.20%,,,80.00%,68.80%,66.70%,,75.00%,,,50.00%,,0.00%,,,,,,25.00%,,,1.02,0.2,175,161,28,32.9,14.9,28,0,25,3,12,10,3,30,,,,,,,,,86.50%,77.50%,,,,,,,,,,,,,,,,,92.70%,83.80%,,,,,,,72.20%,76.60%,90.40%,83.30%,,,,,76.90%,78.70%,,,,,,,,,Wick CCW,25,Guard CCW,95
Sebastian Kraupp,80.30%,81.90%,81.20%,80.90%,462,"{""Third"": {""start"": ""2010-02-16"", ""end"": ""2014-02-21"", ""count"": 19}}","{""SWE"": {""start"": ""2010-02-16"", ""end"": ""2014-02-21"", ""count"": 19}}",Right,1985,"Stockholm, SWE","Karlstad, SWE","Curler, ----",Harnosands gymnasium,Karlstad University,96.90%,,73.20%,90.90%,76.10%,78.40%,,,92.40%,91.10%,73.00%,81.70%,91.20%,90.90%,72.60%,73.70%,61.10%,75.00%,,,68.20%,57.90%,,,87.50%,,83.30%,75.00%,,,,50.00%,,,91.70%,88.90%,,,75.00%,,,,,0.00%,1.04,0.19,108,119,30.6,34.5,16,16.7,13.9,5,1,20,10,0,0,,,,,,,,,,,,,,,,,,,,,83.80%,80.10%,,,,,,,75.50%,83.00%,,,,,,,,,,,,,,,,,,,,,,,Promotion CCW,57.9,Take-out CW,92.4
Sebastian Schweizer,84.20%,84.90%,84.70%,80.30%,631,"{""Lead"": {""start"": ""2014-11-22"", ""end"": ""2018-04-06"", ""count"": 27}, ""Second"": {""start"": ""2014-11-22"", ""end"": ""2014-11-26"", ""count"": 2}}","{""GER"": {""start"": ""2014-11-22"", ""end"": ""2014-11-27"", ""count"": 6}, ""Germany"": {""start"": ""2016-04-02"", ""end"": ""2018-04-06"", ""count"": 21}}",Right,1980,,"Schwenningen, GER",Marketing Project Manager,,,95.30%,89.40%,55.00%,86.00%,77.40%,84.20%,,75.00%,88.20%,75.90%,75.00%,72.50%,62.50%,71.40%,50.00%,70.00%,0.00%,,,64.30%,,,98.10%,89.30%,,,70.80%,89.30%,,,,,,75.00%,,,,,,,,0.00%,,,0.92,0.16,154,154,25.3,33.1,13,26,-0.7,26,5,19.2,6,0,0,,,,,,,,,,,,,,,,,,,,,,,,,,,,,84.40%,70.80%,,,85.60%,69.40%,85.20%,80.80%,89.70%,82.40%,,,,,,,,,,,,,,,Raise CW,0,Take-out CW,88.2
Sebastian Wunderer,72.50%,73.20%,72.80%,79.00%,324,"{""Fourth"": {""start"": ""2016-11-19"", ""end"": ""2017-11-23"", ""count"": 12}}","{""Austria"": {""start"": ""2016-11-19"", ""end"": ""2017-11-23"", ""count"": 12}}",Right,,,,,,,,,71.40%,87.50%,65.00%,62.00%,91.70%,50.00%,88.30%,88.00%,68.80%,71.20%,72.70%,,60.00%,87.50%,25.00%,70.50%,,50.00%,55.00%,35.70%,,,50.00%,,59.10%,55.60%,,,,,62.50%,70.80%,,,,50.00%,,,,,,,1.04,0.09,82,78,24.4,29.5,7.7,20.7,3.7,14,2,14.3,2,0,0,,,,,,,,,,,,,,,,,,,,,,,,,,,,,,,,,62.80%,78.80%,68.30%,76.30%,,,,,,,,,,,,,,,,,Raise CW,25,Freeze CW,91.7
Sebastiano Arman,82.70%,86.10%,84.60%,84.90%,4423,"{""Second"": {""start"": ""2014-11-23"", ""end"": ""2025-04-11"", ""count"": 190}, ""Lead"": {""start"": ""2022-04-07"", ""end"": ""2023-05-05"", ""count"": 10}}","{""ITA"": {""start"": ""2014-11-23"", ""end"": ""2015-03-05"", ""count"": 6}, ""Italy"": {""start"": ""2018-11-17"", ""end"": ""2022-11-25"", ""count"": 54}, ""Retornaz"": {""start"": ""2022-04-12"", ""end"": ""2025-04-11"", ""count"": 84}, ""ITA (Retornaz)"": {""start"": ""2022-02-10"", ""end"": ""2025-04-04"", ""count"": 46}}",Right,1997,,,,,,95.60%,97.10%,90.30%,93.00%,80.40%,84.50%,75.30%,83.70%,83.10%,86.90%,79.10%,79.40%,91.40%,93.30%,82.20%,77.00%,75.80%,79.90%,79.20%,71.40%,65.00%,79.40%,96.90%,97.70%,94.00%,91.50%,82.60%,82.40%,75.00%,83.30%,96.20%,84.40%,60.00%,83.30%,94.30%,94.10%,79.70%,75.90%,72.40%,87.50%,,87.50%,75.00%,90.00%,1.24,0.3,1041,1085,39,35.3,21.8,14.9,24.1,77,15,19.5,117,2,1.7,,,,,,,,,,,,,,,,,,,,,,,,,,,,,76.00%,80.90%,100.00%,82.80%,,,,,78.20%,85.40%,82.90%,78.50%,,,84.80%,83.00%,87.90%,81.80%,88.00%,85.80%,85.40%,84.80%,85.50%,84.00%,Promotion CW,65,Guard CCW,93
Seina Nakajima,81.30%,81.30%,81.30%,79.50%,717,"{""Second"": {""start"": ""2019-03-16"", ""end"": ""2019-11-09"", ""count"": 14}, ""Third"": {""start"": ""2022-03-19"", ""end"": ""2025-01-17"", ""count"": 22}}","{""Japan"": {""start"": ""2019-03-16"", ""end"": ""2022-03-23"", ""count"": 19}, ""Kitazawa"": {""start"": ""2023-10-17"", ""end"": ""2025-01-17"", ""count"": 17}}",Right,,,,,,,87.50%,,93.20%,84.80%,76.30%,76.30%,72.10%,68.80%,85.80%,81.10%,76.50%,75.00%,85.20%,95.50%,75.00%,79.20%,78.10%,87.50%,75.00%,,62.50%,75.00%,80.00%,,96.40%,94.40%,81.20%,80.60%,87.50%,,81.20%,78.10%,75.00%,,85.00%,,75.00%,75.00%,75.00%,75.00%,50.00%,,0.00%,,1.2,0.44,166,186,35.5,30.6,30.6,24.1,11.4,13,1,7.7,20,1,5,,,,,,,,,,,,,,,,,,,,,,,,,,,,,,,,,,,,,,,79.00%,79.40%,,,,,80.50%,83.00%,85.00%,89.10%,86.20%,84.10%,73.30%,83.10%,Promotion CW,62.5,Guard CW,93.2
Selena Njegovan,80.00%,80.40%,80.20%,77.30%,3607,"{""Third"": {""start"": ""2016-02-20"", ""end"": ""2025-01-18"", ""count"": 153}, ""Fourth"": {""start"": ""2022-01-28"", ""end"": ""2024-11-09"", ""count"": 15}}","{""Einarson"": {""start"": ""2016-11-30"", ""end"": ""2018-01-26"", ""count"": 11}, ""MB (Einarson)"": {""start"": ""2016-02-20"", ""end"": ""2016-02-28"", ""count"": 9}, ""Canada"": {""start"": ""2018-12-05"", ""end"": ""2018-12-08"", ""count"": 4}, ""Kerri Einarson"": {""start"": ""2018-01-14"", ""end"": ""2018-01-14"", ""count"": 1}, ""WC"": {""start"": ""2018-01-27"", ""end"": ""2018-02-04"", ""count"": 9}, ""Fleury"": {""start"": ""2019-01-27"", ""end"": ""2022-05-07"", ""count"": 43}, ""MB (Fleury)"": {""start"": ""2019-02-16"", ""end"": ""2019-02-21"", ""count"": 6}, ""WC#2"": {""start"": ""2020-02-14"", ""end"": ""2020-02-14"", ""count"": 1}, ""WC1 (Fleury)"": {""start"": ""2021-02-20"", ""end"": ""2022-02-05"", ""count"": 17}, ""Lawes"": {""start"": ""2022-09-22"", ""end"": ""2025-01-18"", ""count"": 60}, ""MB (Lawes)"": {""start"": ""2024-02-16"", ""end"": ""2024-02-23"", ""count"": 7}}",Right,1992,"Winnipeg, MB","Beausejour, MB",,,University of Manitoba,95.40%,97.70%,89.50%,88.80%,76.10%,77.10%,77.10%,66.90%,81.40%,83.50%,75.20%,76.90%,90.60%,89.10%,69.50%,69.90%,65.30%,70.20%,,,71.40%,57.10%,97.50%,98.50%,88.00%,88.70%,68.50%,73.00%,75.00%,65.80%,74.40%,83.90%,77.90%,85.70%,94.90%,94.90%,80.60%,69.20%,66.70%,62.50%,,,75.00%,25.00%,1.14,0.4,854,888,35.2,33.6,27.5,20.5,14.7,56,15,26.8,109,6,5.5,,,,,,,,,,,,,,,,,,,,,,,,,,,,,,,,,78.00%,81.70%,89.60%,83.60%,79.10%,82.90%,80.10%,78.60%,91.70%,69.40%,78.60%,78.70%,77.40%,79.10%,80.10%,80.20%,82.90%,81.20%,93.30%,83.00%,Promotion CCW,57.1,Guard CW,89.5
Selena Sturmay,76.70%,75.60%,76.10%,71.80%,1260,"{""Fourth"": {""start"": ""2016-01-23"", ""end"": ""2024-11-09"", ""count"": 52}, ""Second"": {""start"": ""2018-03-24"", ""end"": ""2018-03-28"", ""count"": 5}}","{""AB"": {""start"": ""2016-01-23"", ""end"": ""2019-01-27"", ""count"": 15}, ""ALTA"": {""start"": ""2018-03-24"", ""end"": ""2018-03-28"", ""count"": 5}, ""Canada"": {""start"": ""2019-02-17"", ""end"": ""2019-02-23"", ""count"": 5}, ""Alberta (w)"": {""start"": ""2020-03-11"", ""end"": ""2020-03-15"", ""count"": 5}, ""S Sturmay"": {""start"": ""2022-10-18"", ""end"": ""2022-10-19"", ""count"": 2}, ""Sturmay"": {""start"": ""2022-09-21"", ""end"": ""2024-11-09"", ""count"": 16}, ""AB (Sturmay)"": {""start"": ""2024-02-16"", ""end"": ""2024-02-24"", ""count"": 9}}",Right,,,,,,,81.20%,83.30%,85.80%,88.50%,74.20%,72.20%,73.20%,73.90%,78.00%,77.60%,79.90%,75.30%,89.60%,89.00%,61.20%,57.50%,77.60%,70.50%,,,37.50%,50.00%,,,,90.60%,88.50%,75.00%,56.20%,83.30%,80.40%,66.20%,80.00%,75.00%,75.00%,88.60%,33.30%,37.50%,87.50%,25.00%,,,,50.00%,1.17,0.48,305,318,35.7,37.4,27.7,20.7,15,19,5,26.3,43,3,7,,,,,,,,,,,,,,,,,,,,,,,,,,,,,,,,,70.90%,87.90%,,,82.00%,77.30%,74.50%,76.60%,75.00%,77.90%,,,66.40%,71.50%,,,78.20%,72.80%,,,Promotion CW,37.5,Guard CCW,88.5
Selina Gafner,78.90%,81.80%,80.60%,79.90%,549,"{""Lead"": {""start"": ""2022-05-20"", ""end"": ""2022-05-20"", ""count"": 1}, ""Third"": {""start"": ""2023-02-25"", ""end"": ""2025-04-11"", ""count"": 30}}","{""Switzerland"": {""start"": ""2022-05-20"", ""end"": ""2022-05-20"", ""count"": 1}, ""SUI (Schwaller)"": {""start"": ""2023-02-25"", ""end"": ""2024-02-24"", ""count"": 7}, ""X. Schwaller"": {""start"": ""2024-04-09"", ""end"": ""2025-04-11"", ""count"": 23}}",Right,,,,,,,,,82.90%,84.80%,76.60%,79.20%,68.20%,75.00%,76.60%,81.80%,75.80%,78.40%,92.00%,98.50%,76.80%,84.00%,85.00%,82.40%,,75.00%,77.50%,66.20%,,,87.50%,89.30%,91.70%,72.20%,50.00%,68.80%,75.00%,91.70%,62.50%,87.50%,95.00%,,,,,68.80%,,75.00%,,43.80%,0.88,0.33,139,129,25.9,25.6,23.3,29.5,-3.6,17,0,0,10,0,0,,,,,,,,,,,,,,,,,,,,,,,,,,,,,,,,,,,,,,,,,,,,,85.00%,85.00%,86.20%,83.80%,77.80%,82.90%,76.20%,75.00%,Promotion CCW,66.2,Raise CW,85
Selina Witschonke,82.10%,82.00%,82.00%,73.80%,2455,"{""Fourth"": {""start"": ""2017-02-16"", ""end"": ""2023-01-14"", ""count"": 35}, ""Second"": {""start"": ""2023-10-17"", ""end"": ""2024-11-29"", ""count"": 52}, ""Third"": {""start"": ""2023-11-18"", ""end"": ""2024-03-18"", ""count"": 3}, ""Lead"": {""start"": ""2024-11-06"", ""end"": ""2025-04-13"", ""count"": 34}}","{""Switzerland"": {""start"": ""2017-02-16"", ""end"": ""2020-02-20"", ""count"": 16}, ""Keiser"": {""start"": ""2022-10-04"", ""end"": ""2023-01-14"", ""count"": 19}, ""SUI (Tirinzoni)"": {""start"": ""2023-11-18"", ""end"": ""2025-03-23"", ""count"": 32}, ""Tirinzoni"": {""start"": ""2023-10-17"", ""end"": ""2025-04-13"", ""count"": 52}}",Right,,,,,,,89.10%,91.00%,86.10%,88.10%,80.90%,82.60%,73.50%,78.00%,83.70%,81.70%,83.90%,74.50%,92.30%,90.70%,63.30%,72.30%,71.20%,67.30%,55.00%,75.00%,64.30%,67.10%,89.60%,97.20%,94.40%,,81.00%,84.30%,71.40%,87.50%,92.50%,58.30%,75.00%,75.00%,95.40%,83.90%,41.70%,67.90%,55.00%,75.00%,50.00%,,25.00%,50.00%,1.16,0.37,602,605,35.2,38.5,23.6,15.3,19.9,32,5,15.6,80,3,3.8,,,,,,,,,,,,,,,,,,,,,,,,,,,,,,,,,,,63.30%,69.30%,69.20%,75.00%,68.80%,53.30%,73.20%,67.00%,,,65.60%,76.20%,84.10%,84.70%,86.20%,84.90%,91.40%,82.40%,Wick CW,55,Guard CCW,88.1
Semiha Konuksever,72.40%,75.80%,74.00%,86.20%,198,"{""Second"": {""start"": ""2016-03-10"", ""end"": ""2017-11-23"", ""count"": 7}, ""Third"": {""start"": ""2016-03-10"", ""end"": ""2016-03-10"", ""count"": 1}}","{""Turkey"": {""start"": ""2016-03-10"", ""end"": ""2017-11-23"", ""count"": 7}}",Right,,,,,,,,,75.00%,75.00%,60.60%,70.30%,,,75.90%,77.40%,75.00%,65.00%,77.10%,78.10%,50.00%,90.00%,,,,,,,,,,25.00%,70.00%,,,,,,,,,81.20%,,,,,,,,,1.02,0.21,51,42,25.5,33.3,11.9,29.4,-3.9,6,1,16.7,4,2,50,,,,,,,,,,,,,,,,,,,,,,,,,,,,,,,,,75.00%,69.30%,68.70%,80.30%,,,,,,,,,,,,,,,,,Double CW,50,Double CCW,90
Seonyeong Kim,87.70%,83.00%,85.70%,90.10%,917,"{""Lead"": {""start"": ""2021-10-19"", ""end"": ""2024-04-13"", ""count"": 51}}","{""E. Kim"": {""start"": ""2021-10-19"", ""end"": ""2021-10-23"", ""count"": 5}, ""E.J. Kim"": {""start"": ""2022-05-03"", ""end"": ""2022-05-07"", ""count"": 5}, ""Kim"": {""start"": ""2022-10-04"", ""end"": ""2024-04-13"", ""count"": 29}, ""EJ Kim"": {""start"": ""2022-10-18"", ""end"": ""2022-10-22"", ""count"": 5}, ""KOR (Kim)"": {""start"": ""2022-02-10"", ""end"": ""2022-02-17"", ""count"": 7}}",Right,,,,,,,93.60%,88.90%,91.40%,91.10%,85.50%,81.70%,81.50%,71.70%,88.10%,79.90%,85.70%,78.30%,0.00%,,50.00%,91.70%,65.00%,56.20%,56.80%,62.50%,,,95.60%,86.10%,,,82.90%,80.80%,75.00%,,95.80%,,,,,,,,,,75.00%,80.00%,,,1.13,0.36,210,233,34.3,30,25.8,21.4,12.9,21,4,19,20,0,0,,,,,,,,,,,,,,,,,,,,,,,,,,,,,,,,,,,,,,,,,,,75.90%,61.50%,86.70%,73.10%,93.30%,93.00%,88.30%,85.00%,,,Double CW,50,Double CCW,91.7
Serena Gray-withers,74.60%,72.20%,73.30%,77.00%,518,"{""Fourth"": {""start"": ""2022-03-28"", ""end"": ""2024-10-04"", ""count"": 21}}","{""AB1 Gray-Withe"": {""start"": ""2022-03-28"", ""end"": ""2022-03-28"", ""count"": 1}, ""Gray-Withe"": {""start"": ""2022-10-18"", ""end"": ""2022-10-18"", ""count"": 1}, ""Gray-Withers"": {""start"": ""2023-09-28"", ""end"": ""2024-10-04"", ""count"": 9}, ""ALB - W"": {""start"": ""2023-03-15"", ""end"": ""2023-03-19"", ""count"": 5}, ""ALB (Gray-Withers)"": {""start"": ""2024-03-12"", ""end"": ""2024-03-16"", ""count"": 5}}",Right,2001,,,,,,,87.50%,82.40%,89.50%,72.80%,69.70%,75.00%,56.80%,82.30%,73.70%,58.00%,72.10%,95.80%,89.30%,51.40%,52.80%,66.70%,70.00%,,,,,,75.00%,85.00%,87.50%,75.00%,67.90%,,75.00%,91.70%,81.20%,12.50%,,87.50%,,,70.80%,0.00%,,,,,,1.07,0.47,130,124,35.4,35.5,31.5,30.8,4.6,11,1,9.1,16,2,12.5,,,,,,,,,,,,,,,,,,,,,,,,,,,,,,,,,,,,,,,,,,,,,69.70%,81.70%,74.60%,71.40%,73.60%,73.10%,,,Double CW,51.4,Guard CCW,89.5
Shadrach Mcleod,85.50%,76.20%,80.70%,85.00%,452,"{""Second"": {""start"": ""2019-03-04"", ""end"": ""2020-03-04"", ""count"": 8}, ""Lead"": {""start"": ""2023-03-05"", ""end"": ""2024-03-08"", ""count"": 12}}","{""NT"": {""start"": ""2019-03-04"", ""end"": ""2019-03-06"", ""count"": 3}, ""NT (Koe)"": {""start"": ""2020-02-29"", ""end"": ""2024-03-08"", ""count"": 17}}",Right,,,,,,,94.70%,90.10%,,87.50%,81.20%,70.70%,75.00%,64.70%,78.70%,69.50%,72.50%,79.20%,66.70%,96.20%,91.70%,62.50%,80.00%,66.70%,,25.00%,,,88.30%,95.00%,,75.00%,65.00%,66.70%,87.50%,,,87.50%,,75.00%,,,,50.00%,,,,,,,0.9,0.28,116,111,22.4,34.2,19.8,31,-8.6,15,1,6.7,11,4,36.4,,,,,,,,,,,,,,,,,,,,,,,,,,,,,,,,,,,,,,,68.80%,87.50%,66.70%,76.30%,,,,,84.50%,63.60%,86.20%,77.90%,,,Wick CCW,25,Double CW,91.7
Shane Kilgallen,78.30%,88.60%,83.90%,73.20%,214,"{""Lead"": {""start"": ""2002-03-09"", ""end"": ""2002-03-14"", ""count"": 6}}","{""MB (Lukowich)"": {""start"": ""2002-03-09"", ""end"": ""2002-03-14"", ""count"": 6}}",Right,,"Winnipeg, CAN","Winnipeg, CAN",,,,85.00%,96.50%,96.90%,89.30%,82.80%,86.50%,64.30%,81.20%,78.60%,90.60%,65.00%,83.30%,,78.10%,37.50%,37.50%,50.00%,62.50%,31.20%,,,,,95.00%,,75.00%,91.70%,,,,0.00%,75.00%,,,,62.50%,,,,,33.30%,,,,1.13,0.25,54,52,35.2,38.5,19.2,22.2,13,5,2,40,2,0,0,,,,,87.70%,70.90%,,,,,,,,,,,,,,,,,,,,,,,,,,,,,,,,,,,,,,,,,,,,,,,Wick CW,31.2,Guard CW,96.9
Shane Latimer,58.20%,68.50%,65.30%,51.90%,271,"{""Fourth"": {""start"": ""2024-03-02"", ""end"": ""2025-03-06"", ""count"": 12}}","{""NU (Latimer)"": {""start"": ""2024-03-02"", ""end"": ""2025-03-06"", ""count"": 12}}",Right,1987,,,,,,,,25.00%,85.00%,62.50%,62.50%,50.00%,69.40%,67.20%,73.60%,44.40%,70.80%,,,39.30%,65.00%,47.20%,41.70%,,,,,,,,,50.00%,50.00%,50.00%,75.00%,25.00%,58.30%,,87.50%,,,,25.00%,50.00%,0.00%,,,,,0.72,0.1,76,61,11.8,24.6,9.8,36.8,-25,14,1,7.1,1,1,100,,,,,,,,,,,,,,,,,,,,,,,,,,,,,,,,,,,,,,,,,,,,,,,,,68.20%,66.30%,59.40%,66.00%,Guard CW,25,Guard CCW,85
Shannon Birchard,82.80%,83.30%,83.10%,85.60%,4925,"{""Fourth"": {""start"": ""2017-11-06"", ""end"": ""2017-11-11"", ""count"": 6}, ""Second"": {""start"": ""2018-03-22"", ""end"": ""2025-04-10"", ""count"": 200}, ""Third"": {""start"": ""2018-01-28"", ""end"": ""2025-01-14"", ""count"": 10}}","{""Birchard"": {""start"": ""2017-11-06"", ""end"": ""2017-11-11"", ""count"": 6}, ""Einarson"": {""start"": ""2018-12-05"", ""end"": ""2025-04-10"", ""count"": 116}, ""MB"": {""start"": ""2018-01-28"", ""end"": ""2018-02-04"", ""count"": 8}, ""Canada"": {""start"": ""2018-03-17"", ""end"": ""2022-11-05"", ""count"": 33}, ""MB (Einarson)"": {""start"": ""2020-02-15"", ""end"": ""2020-02-23"", ""count"": 9}, ""CA (Einarson)"": {""start"": ""2021-02-19"", ""end"": ""2024-02-23"", ""count"": 26}, ""CAN (Einarson)"": {""start"": ""2022-01-29"", ""end"": ""2023-03-26"", ""count"": 18}}",Right,1994,"Winnipeg, MB","Winnipeg, MB",,,University of Winnipeg,88.10%,92.50%,88.50%,88.60%,80.80%,80.70%,73.70%,73.00%,81.40%,82.40%,80.00%,79.80%,92.70%,92.20%,74.60%,78.10%,74.70%,67.90%,85.00%,87.50%,73.60%,78.80%,68.80%,,89.40%,88.50%,80.90%,87.50%,91.70%,68.20%,83.10%,90.00%,81.20%,90.40%,90.30%,94.70%,75.00%,78.80%,85.40%,67.20%,,,,,1.28,0.4,1159,1235,39.3,39.3,26,18.6,20.7,82,23,28,162,11,6.8,,,,,,,,,,,,,,,,,,,,,,,,,,,,,,,,,,,72.00%,76.90%,79.70%,85.70%,81.20%,78.70%,79.80%,84.20%,81.90%,82.70%,82.90%,83.30%,85.70%,83.70%,85.30%,85.40%,94.40%,83.30%,Raise CCW,67.9,Guard CCW,88.6
Shannon Joanisse,77.10%,78.00%,77.60%,75.70%,459,"{""Third"": {""start"": ""2015-11-08"", ""end"": ""2017-02-23"", ""count"": 12}, ""Second"": {""start"": ""2017-11-06"", ""end"": ""2017-11-10"", ""count"": 5}}","{""BC (Joanisse)"": {""start"": ""2015-11-08"", ""end"": ""2015-11-13"", ""count"": 6}, ""Thompson"": {""start"": ""2017-11-06"", ""end"": ""2017-11-10"", ""count"": 5}, ""BC (Mallett)"": {""start"": ""2017-02-18"", ""end"": ""2017-02-23"", ""count"": 6}}",Right,1976,"Wawota, SK","Abbotsford, BC",,,,90.90%,91.20%,86.70%,92.00%,75.90%,71.00%,63.00%,55.00%,80.20%,82.00%,79.20%,75.90%,91.70%,85.90%,62.50%,59.10%,60.70%,71.40%,,,,,87.50%,91.70%,83.30%,,85.00%,58.30%,87.50%,50.00%,75.00%,55.00%,37.50%,,75.00%,,,25.00%,,,,,,,0.92,0.26,110,113,26.4,28.3,17.7,28.2,-1.8,18,6,33.3,4,1,25,,,,,,,,,,,,,,,,,,,,,,,,,,,,,,,74.10%,80.00%,,,77.70%,77.40%,,,,,,,,,,,,,,,,,Freeze CCW,55,Guard CCW,92
Shannon Kleibrink,74.40%,77.40%,75.90%,76.90%,402,"{""Fourth"": {""start"": ""2011-02-19"", ""end"": ""2017-11-11"", ""count"": 15}}","{""AB (Kleibrink)"": {""start"": ""2011-02-19"", ""end"": ""2017-02-24"", ""count"": 10}, ""Kleibrink"": {""start"": ""2017-11-07"", ""end"": ""2017-11-11"", ""count"": 5}}",Right,1968,"Pelly, SK","Okotoks, AB","Accountant, Balboa Land Investments Inc.","Kate Andrews High School - Coaldale, AB",University of Calgary,,,82.10%,86.70%,67.50%,79.60%,52.80%,72.50%,81.70%,83.60%,67.90%,70.80%,90.00%,,62.50%,38.50%,84.10%,64.30%,,,,,,,62.50%,75.00%,42.90%,62.50%,,,62.50%,,,,,,83.30%,0.00%,,87.50%,,,,,1.03,0.25,104,96,29.8,47.9,16.7,22.1,7.7,10,4,40,7,0,0,,,,,,,,,,,,,,,,,,,,,,,71.70%,82.40%,,,,,,,,,,,76.90%,71.70%,,,,,,,,,,,,,,,,,Double CCW,38.5,Guard CCW,86.7
Sharon Cormier,71.60%,71.70%,71.70%,73.80%,690,"{""Second"": {""start"": ""2011-02-23"", ""end"": ""2011-02-23"", ""count"": 1}, ""Third"": {""start"": ""2012-02-18"", ""end"": ""2013-02-22"", ""count"": 13}, ""Fourth"": {""start"": ""2012-02-21"", ""end"": ""2012-02-21"", ""count"": 1}, ""Lead"": {""start"": ""2017-02-16"", ""end"": ""2017-02-24"", ""count"": 9}}","{""NT/Y(Galusha)"": {""start"": ""2011-02-23"", ""end"": ""2011-02-23"", ""count"": 1}, ""NT/YT (Galusha)"": {""start"": ""2012-02-18"", ""end"": ""2012-02-23"", ""count"": 6}, ""NT (Galusha)"": {""start"": ""2013-02-16"", ""end"": ""2017-02-24"", ""count"": 16}}",Right,1964,"Regina, SK","Yellowknife, NT",,,,84.00%,89.50%,84.80%,83.30%,67.50%,66.80%,61.40%,71.70%,61.60%,74.70%,68.80%,50.90%,85.00%,76.70%,88.90%,52.30%,64.70%,50.00%,,75.00%,,,95.00%,90.40%,66.70%,81.20%,67.50%,48.10%,8.30%,,50.00%,,,,,62.50%,,50.00%,87.50%,,,,,,0.93,0.3,174,168,25.3,32.7,23.2,30.5,-5.2,26,7,26.9,8,1,12.5,,,,,,,,,,,,,,,,,,,,,,,83.30%,,77.30%,67.70%,69.40%,62.10%,,,,,,,75.70%,73.30%,,,,,,,,,,,,,,,,,Raise CCW,50,Double CW,88.9
Shaun Meachem,83.10%,86.70%,85.20%,82.00%,322,"{""Second"": {""start"": ""2017-03-04"", ""end"": ""2017-11-10"", ""count"": 10}}","{""SK (Casey)"": {""start"": ""2017-03-04"", ""end"": ""2017-03-09"", ""count"": 6}, ""Casey"": {""start"": ""2017-11-07"", ""end"": ""2017-11-10"", ""count"": 4}}",Right,1913,,,,,,95.60%,97.80%,82.10%,95.00%,79.50%,80.90%,81.20%,76.20%,86.00%,87.10%,86.40%,85.00%,76.20%,94.20%,66.70%,81.20%,95.00%,80.60%,,,,,91.70%,93.80%,75.00%,,83.30%,50.00%,50.00%,,,91.70%,,,80.00%,,,75.00%,75.00%,,,,,,1.08,0.24,83,75,30.1,33.3,16,19.3,10.8,9,1,11.1,6,0,0,,,,,,,,,,,,,,,,,,,,,,,,,,,,,,,,,,,85.10%,85.30%,,,,,,,,,,,,,,,,,Double CW,66.7,Guard CCW,95
Shawn Adams,83.60%,72.60%,78.20%,77.90%,380,"{""Fourth"": {""start"": ""2002-03-09"", ""end"": ""2011-03-10"", ""count"": 12}}","{""NS (Adams)"": {""start"": ""2002-03-09"", ""end"": ""2011-03-10"", ""count"": 12}}",Right,1974,"Bridgewater, NS","Upper Tantallon, NS","Territory Manager, Oland Breweries",,,,,84.10%,88.90%,87.70%,67.60%,78.80%,60.00%,86.00%,78.10%,78.10%,76.20%,95.80%,,55.00%,79.20%,69.60%,57.10%,,,,,,,,,82.10%,50.00%,,37.50%,95.00%,70.00%,81.20%,,83.30%,,,,,58.30%,,,,,1.15,0.25,98,93,32.7,37.6,16.1,20.4,12.3,10,2,20,9,1,11.1,,,,,75.30%,81.60%,,,,,,,,,,,,,,,,,78.40%,76.30%,,,,,,,,,,,,,,,,,,,,,,,,,,,,,Double CW,55,Guard CCW,88.9
Shelley Barker,84.40%,78.90%,82.80%,78.50%,761,"{""Lead"": {""start"": ""2015-11-09"", ""end"": ""2023-11-09"", ""count"": 33}}","{""NS (MacKenzie)"": {""start"": ""2015-11-09"", ""end"": ""2015-11-13"", ""count"": 5}, ""Black"": {""start"": ""2022-09-21"", ""end"": ""2023-11-09"", ""count"": 13}, ""NS (Black)"": {""start"": ""2022-01-29"", ""end"": ""2023-02-25"", ""count"": 15}}",Right,,,,,,,90.00%,83.60%,83.70%,96.40%,83.20%,75.60%,57.10%,83.30%,89.20%,81.20%,70.60%,68.20%,,,,,59.40%,,66.70%,0.00%,,,93.80%,89.30%,87.50%,,76.00%,67.30%,,,,,,,,,,,,,50.00%,0.00%,,,1.1,0.39,186,189,29,33.9,26.5,23.7,5.3,15,3,20,15,1,6.7,,,,,,,,,,,,,,,,,,,,,,,,,,,,,,,82.60%,70.50%,,,,,,,,,,,,,81.70%,77.60%,85.10%,81.20%,,,,,Wick CCW,0,Guard CCW,96.4
Shelly Bradley,75.70%,75.20%,75.40%,81.60%,424,"{""Third"": {""start"": ""2011-02-19"", ""end"": ""2013-02-22"", ""count"": 13}, ""Fourth"": {""start"": ""2013-02-22"", ""end"": ""2013-02-22"", ""count"": 1}}","{""PE (Birt)"": {""start"": ""2011-02-19"", ""end"": ""2011-02-24"", ""count"": 6}, ""PEI (Brit)"": {""start"": ""2013-02-16"", ""end"": ""2013-02-22"", ""count"": 7}}",Right,1971,"Dalhousie, NB","Stratford, PEI","Senior Admissions Officer , Holland College",,UPEI,,,81.20%,83.30%,72.60%,72.00%,72.20%,63.20%,83.20%,82.50%,58.70%,73.30%,88.20%,83.30%,78.10%,51.80%,52.50%,70.00%,,,,,,,,,85.00%,78.10%,75.00%,75.00%,87.50%,71.40%,75.00%,,90.00%,87.50%,,0.00%,,,,,,,1.14,0.36,95,109,30.5,30.3,22.9,18.9,11.6,8,1,12.5,11,3,27.3,,,,,,,,,,,,,,,,,,,,,,,77.50%,76.30%,,,70.90%,76.20%,,,,,,,,,,,,,,,,,,,,,,,,,Double CCW,51.8,Guard CCW,83.3
Sherry Anderson,72.60%,71.70%,72.10%,70.90%,487,"{""Fourth"": {""start"": ""2018-01-28"", ""end"": ""2021-10-31"", ""count"": 19}}","{""SK"": {""start"": ""2018-01-28"", ""end"": ""2018-02-02"", ""count"": 5}, ""Anderson"": {""start"": ""2021-10-25"", ""end"": ""2021-10-31"", ""count"": 7}, ""SK (Anderson)"": {""start"": ""2021-02-20"", ""end"": ""2021-02-27"", ""count"": 7}}",Right,1964,"Prince Albert, SK","Delisle, SK",Partner of C & S Promotions with my husband,Carlton Comprehensive,,,,88.60%,77.10%,66.30%,72.50%,75.00%,85.00%,76.20%,79.50%,60.00%,65.70%,,90.00%,70.80%,34.60%,65.40%,39.30%,,,,,,,87.50%,66.70%,79.20%,66.10%,25.00%,,77.80%,79.20%,75.00%,,,,,,90.00%,33.30%,,,,,1.04,0.42,118,119,26.3,36.1,26.1,25.4,0.9,11,2,18.2,12,2,16.7,,,,,,,,,,,,,,,,,,,,,,,,,,,,,,,,,,,,,74.20%,72.00%,,,,,71.60%,72.00%,,,,,,,,,Double CCW,34.6,Guard CW,88.6
Sherry Middaugh,74.40%,75.10%,74.80%,75.50%,332,"{""Lead"": {""start"": ""2011-02-20"", ""end"": ""2011-02-22"", ""count"": 3}, ""Fourth"": {""start"": ""2015-12-02"", ""end"": ""2017-11-11"", ""count"": 10}, ""Third"": {""start"": ""2022-10-05"", ""end"": ""2022-10-07"", ""count"": 3}}","{""ON(Homan)"": {""start"": ""2011-02-20"", ""end"": ""2011-02-22"", ""count"": 3}, ""Middaugh"": {""start"": ""2015-12-02"", ""end"": ""2017-11-11"", ""count"": 10}, ""Duncan"": {""start"": ""2022-10-05"", ""end"": ""2022-10-07"", ""count"": 3}}",Right,,,,,,,,66.70%,87.50%,90.60%,70.40%,75.70%,77.80%,66.70%,72.10%,77.80%,78.60%,70.50%,92.50%,92.50%,75.00%,46.40%,66.70%,65.00%,,,,,,50.00%,75.00%,83.30%,80.00%,75.00%,,50.00%,62.50%,90.00%,,75.00%,,,50.00%,,,66.70%,,,,,0.95,0.25,85,81,28.2,39.5,22.2,22.4,5.8,9,1,11.1,6,1,16.7,,,,,,,,,,,,,,,,,,,,,,,33.30%,,,,,,,,81.80%,76.20%,,,75.00%,74.50%,,,,,,,,,60.70%,70.20%,,,,,,,Double CCW,46.4,Guard CCW,90.6
Shingo Usui,79.60%,80.70%,80.20%,84.70%,226,"{""Second"": {""start"": ""2025-03-29"", ""end"": ""2025-04-04"", ""count"": 7}}","{""JPN (Yamaguchi)"": {""start"": ""2025-03-29"", ""end"": ""2025-04-04"", ""count"": 7}}",Right,,,,,,,,93.80%,94.40%,,84.20%,83.50%,,,66.70%,85.70%,80.60%,73.10%,,95.50%,57.70%,61.10%,58.30%,55.00%,,,60.00%,43.80%,,87.50%,,,75.00%,,,,,,,50.00%,,,50.00%,,,,,,,,1,0.09,65,45,27.7,24.4,6.7,21.5,6.2,7,0,0,3,0,0,,,,,,,,,,,,,,,,,,,,,,,,,,,,,,,,,,,,,,,,,,,,,,,,,,,86.20%,76.30%,Promotion CCW,43.8,Guard CW,94.4
Shinya Abe,86.80%,84.70%,85.80%,83.30%,1321,"{""Lead"": {""start"": ""2018-11-03"", ""end"": ""2021-12-16"", ""count"": 38}, ""Third"": {""start"": ""2024-03-30"", ""end"": ""2024-11-02"", ""count"": 13}}","{""Japan"": {""start"": ""2018-11-03"", ""end"": ""2021-12-16"", ""count"": 33}, ""Matsumura"": {""start"": ""2021-10-19"", ""end"": ""2021-10-23"", ""count"": 5}, ""JPN (Abe)"": {""start"": ""2024-03-30"", ""end"": ""2024-11-02"", ""count"": 13}}",Right,1980,"Kitami, JPN","Sapporo, JPN",,,,95.60%,95.20%,92.80%,85.40%,88.00%,85.00%,,75.00%,85.10%,90.40%,74.20%,82.30%,91.30%,89.10%,69.30%,60.70%,72.50%,59.70%,61.80%,66.40%,53.10%,41.70%,92.90%,95.20%,89.30%,75.00%,87.50%,84.40%,,75.00%,83.30%,,,,,,,64.30%,,50.00%,40.00%,86.80%,75.00%,,1.12,0.3,312,332,32.4,32.2,20.5,17.3,15.1,29,3,10.3,32,0,0,,,,,,,,,,,,,,,,,,,,,,,,,,,,,,,,,,,,,95.80%,72.00%,93.10%,84.90%,,,90.20%,71.70%,,,,,78.80%,76.80%,,,Promotion CCW,41.7,Guard CW,92.8
Shona Barbour,80.00%,73.90%,77.90%,62.50%,1023,"{""Lead"": {""start"": ""2011-02-19"", ""end"": ""2021-02-25"", ""count"": 30}, ""Second"": {""start"": ""2012-02-18"", ""end"": ""2012-02-23"", ""count"": 5}, ""Third"": {""start"": ""2012-02-21"", ""end"": ""2012-02-21"", ""count"": 1}}","{""NT/Y(Galusha)"": {""start"": ""2011-02-19"", ""end"": ""2011-02-24"", ""count"": 6}, ""NT/YT (Galusha)"": {""start"": ""2012-02-18"", ""end"": ""2012-02-23"", ""count"": 5}, ""NT (Galusha)"": {""start"": ""2016-02-19"", ""end"": ""2021-02-25"", ""count"": 18}, ""NT"": {""start"": ""2018-01-27"", ""end"": ""2018-02-02"", ""count"": 6}}",Right,1979,"Calgary, AB","Inuvik, NT",,,,87.90%,86.10%,83.30%,94.70%,78.80%,68.30%,76.20%,60.50%,74.30%,72.80%,63.90%,59.10%,69.60%,91.70%,65.00%,83.30%,70.00%,46.90%,18.80%,8.30%,,,93.60%,95.50%,62.50%,,77.30%,57.10%,,37.50%,79.20%,33.30%,75.00%,,83.30%,81.20%,,,,25.00%,0.00%,0.00%,,,1.06,0.3,251,244,30.7,33.2,19.7,28.7,2,29,5,17.2,18,5,27.8,,,,,,,,,,,,,,,,,,,,,,,80.80%,76.50%,74.40%,70.30%,,,,,,,78.30%,70.00%,,,86.10%,60.90%,79.90%,83.30%,80.80%,64.80%,79.20%,67.20%,,,,,,,,,Wick CCW,8.3,Guard CCW,94.7
Silvana Tirinzoni,81.20%,83.10%,82.30%,79.70%,5340,"{""Fourth"": {""start"": ""2017-11-18"", ""end"": ""2024-11-10"", ""count"": 22}, ""Third"": {""start"": ""2018-11-17"", ""end"": ""2025-04-13"", ""count"": 221}, ""Second"": {""start"": ""2023-04-12"", ""end"": ""2023-04-12"", ""count"": 1}}","{""Switzerland"": {""start"": ""2017-11-18"", ""end"": ""2022-03-27"", ""count"": 68}, ""Tirinzoni"": {""start"": ""2021-04-15"", ""end"": ""2025-04-13"", ""count"": 108}, ""SUI (Tirinzoni)"": {""start"": ""2022-02-10"", ""end"": ""2025-03-23"", ""count"": 59}}",Right,1979,"Zurich, SUI","Oberrohrdorf, SUI",Curler,,,85.40%,92.20%,88.90%,84.70%,77.60%,77.70%,64.80%,82.50%,84.50%,88.20%,80.10%,79.60%,95.00%,94.10%,72.00%,73.50%,69.00%,80.80%,85.70%,66.70%,75.90%,70.40%,,90.00%,90.30%,78.30%,74.00%,71.40%,55.00%,79.20%,83.20%,92.50%,83.80%,86.40%,93.30%,94.70%,68.80%,74.40%,71.70%,85.00%,75.00%,,75.00%,71.90%,1.23,0.41,1269,1285,37.3,38.3,26,15.4,21.9,51,11,21.6,188,6,3.2,,,,,,,,,,,,,,,,,,,,,,,,,,,,,,,,,,,77.20%,81.50%,77.90%,79.90%,79.90%,81.10%,,,80.20%,83.50%,76.50%,80.80%,78.60%,85.10%,81.00%,85.60%,84.80%,86.90%,Freeze CW,64.8,Guard CW,88.9
Simon Gempeler,85.60%,84.40%,85.10%,86.40%,824,"{""Second"": {""start"": ""2014-11-22"", ""end"": ""2014-11-28"", ""count"": 7}, ""Lead"": {""start"": ""2014-02-10"", ""end"": ""2018-04-06"", ""count"": 20}}","{""SUI"": {""start"": ""2014-02-10"", ""end"": ""2014-11-28"", ""count"": 14}, ""Switzerland"": {""start"": ""2016-04-02"", ""end"": ""2016-04-07"", ""count"": 6}, ""SUI (Pfister)"": {""start"": ""2018-03-31"", ""end"": ""2018-04-06"", ""count"": 7}}",Right,1986,"Adelboden, SUI","Adelboden, SUI",Computer Scientist / Curler,,,94.40%,93.40%,83.30%,89.60%,83.00%,82.50%,82.10%,50.00%,79.10%,90.40%,81.60%,75.00%,84.20%,82.30%,65.60%,75.00%,82.10%,71.90%,87.50%,59.10%,75.00%,62.50%,87.00%,85.50%,,,87.50%,90.00%,,,,,,,83.30%,,,,83.30%,,,33.30%,,,0.99,0.24,197,206,29.9,33,15.5,18.3,11.6,14,0,0,17,2,11.8,,,,,,,,,,,,,,,,,,,,,,,,,,,,,85.20%,80.00%,,,86.90%,85.30%,,,90.10%,71.70%,,,,,,,,,,,,,,,Freeze CCW,50,Take-out CCW,90.4
Simon Gloor,83.60%,82.20%,82.90%,90.70%,646,"{""Third"": {""start"": ""2017-02-16"", ""end"": ""2018-03-09"", ""count"": 9}, ""Second"": {""start"": ""2022-10-18"", ""end"": ""2025-04-11"", ""count"": 26}, ""Lead"": {""start"": ""2022-04-07"", ""end"": ""2022-04-09"", ""count"": 3}}","{""Switzerland"": {""start"": ""2017-02-16"", ""end"": ""2022-04-09"", ""count"": 12}, ""Stocker"": {""start"": ""2022-10-18"", ""end"": ""2022-10-18"", ""count"": 1}, ""Hoesli"": {""start"": ""2023-10-17"", ""end"": ""2025-04-11"", ""count"": 25}}",Right,1997,,,,,,90.70%,98.10%,90.50%,90.80%,85.10%,83.00%,70.80%,77.40%,81.80%,79.20%,83.10%,74.40%,84.10%,83.30%,73.80%,82.70%,84.40%,83.30%,,,78.30%,82.10%,,,95.00%,,89.30%,81.20%,87.50%,87.50%,,,85.70%,91.70%,,85.00%,50.00%,,95.00%,,,,,75.00%,1.05,0.26,158,159,27.2,32.1,22,20.9,6.3,17,5,29.4,12,1,8.3,,,,,,,,,,,,,,,,,,,,,,,,,,,,,,,,,,,80.50%,75.70%,70.60%,71.10%,,,,,,,92.10%,88.90%,84.70%,83.30%,88.70%,81.40%,84.20%,86.80%,Freeze CW,70.8,Guard CCW,90.8
Simon Hoehn,71.90%,76.80%,74.60%,75.20%,200,"{""Second"": {""start"": ""2017-02-16"", ""end"": ""2018-03-09"", ""count"": 9}}","{""Switzerland"": {""start"": ""2017-02-16"", ""end"": ""2018-03-09"", ""count"": 9}}",Right,1996,,,,,,50.00%,88.90%,87.50%,85.00%,79.20%,67.00%,,,77.20%,68.80%,72.90%,77.10%,65.60%,81.20%,50.00%,90.00%,0.00%,85.00%,,,25.00%,,,83.30%,,50.00%,75.00%,,,,,,,75.00%,37.50%,75.00%,,,,81.20%,,,,,1.14,0.31,49,49,30.6,30.6,26.5,16.3,14.3,6,3,50,5,1,20,,,,,,,,,,,,,,,,,,,,,,,,,,,,,,,,,,,79.20%,72.10%,71.40%,78.40%,,,,,,,,,,,,,,,Raise CW,0,Double CCW,90
Simone Gonin,86.90%,86.50%,86.70%,83.50%,1706,"{""Lead"": {""start"": ""2017-11-20"", ""end"": ""2022-04-15"", ""count"": 53}, ""Second"": {""start"": ""2017-12-05"", ""end"": ""2018-02-20"", ""count"": 13}}","{""Italy"": {""start"": ""2017-11-20"", ""end"": ""2022-04-10"", ""count"": 50}, ""ITA (Retornaz)"": {""start"": ""2018-02-14"", ""end"": ""2022-02-14"", ""count"": 12}, ""Retornaz"": {""start"": ""2022-04-12"", ""end"": ""2022-04-15"", ""count"": 4}}",Right,,,,,,,93.70%,93.50%,88.50%,87.10%,83.40%,85.30%,75.00%,80.00%,85.90%,86.90%,78.80%,68.60%,92.90%,85.00%,90.00%,68.80%,76.50%,78.80%,37.50%,88.00%,87.50%,60.00%,93.10%,93.00%,93.80%,,90.20%,82.00%,75.00%,,,,,50.00%,,80.00%,,,,87.50%,0.00%,91.70%,,,1.16,0.24,428,414,33.2,39.1,19.6,18.5,14.7,35,8,22.9,36,2,5.6,,,,,,,,,,,,,,,,,,,,,,,,,,,,,,,,,,,82.80%,80.60%,87.30%,80.20%,90.40%,84.60%,,,87.80%,82.90%,88.90%,73.50%,,,,,,,Wick CW,37.5,Double CW,90
Sinead Dolan,67.90%,76.00%,72.50%,85.20%,220,"{""Second"": {""start"": ""2012-02-18"", ""end"": ""2016-02-26"", ""count"": 7}, ""Lead"": {""start"": ""2016-02-21"", ""end"": ""2023-02-20"", ""count"": 2}}","{""PEI (Dolan)"": {""start"": ""2012-02-18"", ""end"": ""2012-02-23"", ""count"": 6}, ""PE (Birt)"": {""start"": ""2016-02-21"", ""end"": ""2023-02-20"", ""count"": 3}}",Right,1985,"Halifax, NS","Stratford, PEI","Manager, Peake's Quay Restaurant and Bar",,,88.50%,78.80%,50.00%,80.00%,51.20%,77.50%,83.30%,65.00%,68.80%,79.80%,66.70%,50.00%,70.60%,75.00%,58.30%,78.60%,87.50%,83.30%,,,,,,,,75.00%,75.00%,81.20%,,75.00%,,,,,,75.00%,,,,,,,,,1.1,0.25,52,57,25,28.1,21.1,23.1,1.9,9,2,22.2,3,1,33.3,,,,,,,,,,,,,,,,,,,,,,,,,72.20%,72.60%,,,,,,,50.00%,75.00%,,,,,,,,,,,,,100.00%,,,,,,Guard CW,50,Raise CW,87.5
Sixten Totzek,76.30%,75.20%,75.70%,69.60%,1702,"{""Third"": {""start"": ""2018-11-17"", ""end"": ""2019-11-21"", ""count"": 13}, ""Fourth"": {""start"": ""2020-02-15"", ""end"": ""2023-11-23"", ""count"": 49}}","{""Germany"": {""start"": ""2018-11-17"", ""end"": ""2022-11-24"", ""count"": 41}, ""GER (Totzek)"": {""start"": ""2020-02-15"", ""end"": ""2023-11-23"", ""count"": 21}}",Right,,,,,,,,,85.70%,87.80%,74.90%,67.30%,56.20%,80.00%,83.40%,82.80%,76.30%,73.30%,81.10%,93.30%,74.70%,72.80%,66.10%,69.60%,25.00%,75.00%,53.70%,58.80%,,,89.30%,97.50%,69.80%,59.40%,75.00%,25.00%,82.00%,88.60%,50.00%,63.60%,80.00%,,78.60%,60.40%,65.60%,,0.00%,50.00%,60.00%,37.50%,1.06,0.26,417,426,32.4,31.7,17.8,22.8,9.6,51,7,13.7,33,3,9.1,,,,,,,,,,,,,,,,,,,,,,,,,,,,,,,,,,,,,68.40%,73.80%,70.50%,79.60%,70.50%,77.60%,76.60%,76.90%,75.00%,75.60%,75.40%,78.00%,,,,,Wick CW,25,Guard CCW,87.8
Sofia Mabergs,86.00%,86.50%,86.20%,77.40%,6215,"{""Third"": {""start"": ""2013-03-01"", ""end"": ""2013-03-08"", ""count"": 8}, ""Lead"": {""start"": ""2016-11-19"", ""end"": ""2025-04-12"", ""count"": 238}, ""Second"": {""start"": ""2022-10-18"", ""end"": ""2025-03-21"", ""count"": 22}}","{""SWE"": {""start"": ""2013-03-01"", ""end"": ""2013-03-08"", ""count"": 8}, ""Sweden"": {""start"": ""2016-11-19"", ""end"": ""2022-11-23"", ""count"": 111}, ""Hasselborg"": {""start"": ""2021-04-15"", ""end"": ""2025-04-12"", ""count"": 103}, ""SWE (Hasselborg)"": {""start"": ""2022-02-10"", ""end"": ""2025-03-22"", ""count"": 41}}",Right,1993,"Malung, SWE","Gavle, SWE",,,,93.20%,92.70%,87.10%,83.60%,86.00%,86.50%,77.90%,80.40%,82.10%,83.20%,76.70%,78.10%,91.30%,88.60%,71.60%,75.00%,69.40%,82.90%,56.40%,68.70%,50.00%,45.80%,90.90%,93.60%,91.70%,83.30%,88.40%,87.20%,25.00%,56.20%,71.40%,68.20%,87.50%,81.20%,77.30%,,91.70%,70.80%,68.80%,91.70%,61.00%,61.50%,,,1.15,0.35,1517,1498,35,37.3,24.2,15.6,19.4,87,18,20.7,197,10,5.1,,,,,,,,,,,,,,,,,,,,,,,,,,,63.30%,70.90%,,,,,82.90%,79.00%,89.50%,80.20%,89.10%,77.60%,88.20%,79.40%,,,88.90%,74.50%,89.30%,81.90%,88.40%,76.20%,89.00%,72.90%,90.50%,86.00%,Promotion CCW,45.8,Guard CW,87.1
Sophie Jackson,84.00%,81.30%,82.80%,63.80%,1935,"{""Fourth"": {""start"": ""2016-03-09"", ""end"": ""2019-03-22"", ""count"": 22}, ""Lead"": {""start"": ""2022-03-19"", ""end"": ""2025-03-22"", ""count"": 54}, ""Second"": {""start"": ""2022-03-19"", ""end"": ""2022-03-20"", ""count"": 2}}","{""Scotland"": {""start"": ""2016-03-09"", ""end"": ""2022-03-20"", ""count"": 24}, ""SCO (Morrison)"": {""start"": ""2022-11-18"", ""end"": ""2024-03-22"", ""count"": 28}, ""Morrison"": {""start"": ""2023-10-17"", ""end"": ""2024-10-04"", ""count"": 9}, ""SCO (Jackson)"": {""start"": ""2024-11-16"", ""end"": ""2025-03-22"", ""count"": 15}}",Right,,,,,,,94.10%,92.70%,87.20%,87.90%,83.60%,80.10%,70.00%,80.00%,81.60%,80.00%,76.90%,75.00%,76.20%,72.70%,56.50%,68.00%,71.90%,59.60%,60.70%,25.00%,31.80%,47.50%,94.70%,95.60%,91.70%,70.00%,88.40%,79.90%,50.00%,,80.00%,43.80%,50.00%,80.00%,80.00%,,,,16.70%,12.50%,56.20%,0.00%,0.00%,50.00%,0.97,0.34,474,466,27.4,30.3,22.3,23.4,4,51,11,21.6,33,3,9.1,,,,,,,,,,,,,,,,,,,,,,,,,,,,,,,,,90.60%,61.60%,69.80%,71.30%,70.00%,41.70%,68.00%,69.70%,,,,,86.90%,70.00%,89.30%,77.50%,89.70%,87.00%,90.10%,83.60%,Wick CCW,25,Guard CCW,87.9
Sophie Sinclair,82.30%,82.90%,82.60%,77.30%,1987,"{""Lead"": {""start"": ""2017-02-16"", ""end"": ""2023-12-15"", ""count"": 24}, ""Second"": {""start"": ""2021-05-06"", ""end"": ""2025-03-22"", ""count"": 56}, ""Third"": {""start"": ""2022-03-19"", ""end"": ""2022-03-20"", ""count"": 2}}","{""Scotland"": {""start"": ""2017-02-16"", ""end"": ""2022-03-20"", ""count"": 23}, ""SCO (Morrison)"": {""start"": ""2022-11-18"", ""end"": ""2024-03-22"", ""count"": 26}, ""Morrison"": {""start"": ""2023-10-18"", ""end"": ""2024-10-04"", ""count"": 16}, ""SCO (Jackson)"": {""start"": ""2024-11-16"", ""end"": ""2025-03-22"", ""count"": 15}}",Right,1997,,,,,,95.60%,93.50%,86.10%,86.50%,78.70%,83.00%,91.70%,77.30%,82.80%,83.00%,72.80%,74.00%,87.70%,90.70%,76.40%,70.30%,73.40%,65.90%,65.80%,70.20%,57.80%,57.10%,92.00%,98.40%,80.00%,96.40%,69.20%,86.00%,,,42.90%,81.20%,,75.00%,85.00%,92.90%,75.00%,50.00%,85.70%,58.30%,75.00%,50.00%,,75.00%,0.98,0.34,494,465,29.1,31.8,22.4,22.9,6.2,51,12,23.5,32,3,9.4,,,,,,,,,,,,,,,,,,,,,,,,,,,,,,,,,,,84.90%,75.00%,,,87.10%,81.00%,,,83.30%,83.90%,84.00%,70.90%,83.70%,79.20%,84.80%,80.90%,85.80%,88.10%,Promotion CCW,57.1,Freeze CW,91.7
Sota Tsuruga,87.00%,86.70%,86.90%,96.40%,274,"{""Lead"": {""start"": ""2024-03-30"", ""end"": ""2024-11-02"", ""count"": 11}}","{""JPN (Abe)"": {""start"": ""2024-03-30"", ""end"": ""2024-11-02"", ""count"": 11}}",Right,,,,,,,92.60%,93.00%,93.80%,,88.80%,81.80%,,,55.90%,77.30%,87.50%,75.00%,,,,,87.50%,0.00%,,,,,92.90%,97.50%,,,84.40%,,,,,,,,,,,,,,,,,,0.96,0.38,68,66,29.4,37.9,25.8,17.6,11.8,8,1,12.5,6,0,0,,,,,,,,,,,,,,,,,,,,,,,,,,,,,,,,,,,,,,,,,,,,,,,,,89.80%,67.40%,,,Raise CCW,0,Guard CW,93.8
Stacie Curtis,72.80%,73.80%,73.30%,72.20%,871,"{""Fourth"": {""start"": ""2016-02-20"", ""end"": ""2024-02-22"", ""count"": 32}}","{""NL (Curtis)"": {""start"": ""2016-02-20"", ""end"": ""2024-02-22"", ""count"": 25}, ""NL"": {""start"": ""2018-01-27"", ""end"": ""2018-02-02"", ""count"": 7}}",Right,1986,"St. John's, NL","St. John's, NL",,,,,,82.50%,87.50%,76.30%,72.80%,58.00%,62.50%,71.70%,78.00%,66.40%,77.00%,77.80%,83.30%,70.30%,53.80%,74.00%,53.60%,,,,,,,,,75.00%,59.40%,58.30%,75.00%,60.50%,68.40%,93.80%,,,,,18.80%,85.00%,16.70%,,,,,1.07,0.27,221,207,30.8,36.7,16.9,27.1,3.7,30,6,20,16,1,6.2,,,,,,,,,,,,,,,,,,,,,,,,,,,,,,,,,72.10%,78.20%,65.90%,75.40%,75.40%,70.80%,,,,,,,,,80.20%,71.00%,78.50%,62.50%,,,Raise CCW,53.6,Guard CCW,87.5
Stasia Wisniewski-starkell,67.30%,72.40%,69.80%,60.90%,385,"{""Third"": {""start"": ""2017-03-18"", ""end"": ""2017-03-21"", ""count"": 4}, ""Second"": {""start"": ""2018-01-13"", ""end"": ""2018-01-18"", ""count"": 5}, ""Fourth"": {""start"": ""2020-03-11"", ""end"": ""2020-03-14"", ""count"": 4}}","{""UofR (Jameson)"": {""start"": ""2017-03-18"", ""end"": ""2017-03-21"", ""count"": 4}, ""SK"": {""start"": ""2018-01-13"", ""end"": ""2018-01-18"", ""count"": 5}, ""Regina (w)"": {""start"": ""2020-03-11"", ""end"": ""2020-03-14"", ""count"": 4}}",Right,,,,,,,89.30%,87.50%,87.50%,86.40%,63.50%,66.40%,66.70%,52.80%,70.50%,76.20%,51.40%,68.20%,91.70%,80.00%,75.00%,43.80%,33.30%,66.70%,,,,,91.70%,85.00%,,75.00%,34.10%,68.80%,,0.00%,62.50%,25.00%,,75.00%,,,,50.00%,,25.00%,,,,,0.82,0.49,100,87,19,29.9,31,30,-11,9,2,22.2,10,3,30,,,,,,,,,,,,,,,,,,,,,,,,,,,,,,,,,,,64.50%,72.20%,72.30%,70.80%,,,65.80%,70.50%,,,,,,,,,,,Raise CW,33.3,Guard CW,87.5
Steeve Gagnon,77.00%,79.40%,78.10%,76.20%,199,"{""Third"": {""start"": ""2004-03-06"", ""end"": ""2004-03-11"", ""count"": 6}}","{""QC (Lafleur)"": {""start"": ""2004-03-06"", ""end"": ""2004-03-11"", ""count"": 6}}",Right,1966,,,,,,90.60%,87.50%,89.30%,85.00%,66.70%,71.10%,91.70%,70.00%,84.80%,85.20%,,83.30%,75.00%,,41.70%,33.30%,59.40%,75.00%,,,,,,75.00%,91.70%,62.50%,31.20%,50.00%,,,,,,,75.00%,,,,,,,,,,1.12,0.2,48,50,33.3,18,16,16.7,16.6,7,2,28.6,3,0,0,,,,,,,,,76.70%,79.20%,,,,,,,,,,,,,,,,,,,,,,,,,,,,,,,,,,,,,,,,,,,Double CCW,33.3,Freeze CW,91.7
Steeve Villeneuve,80.30%,82.10%,81.30%,59.10%,387,"{""Lead"": {""start"": ""2010-03-06"", ""end"": ""2012-03-08"", ""count"": 12}}","{""QC (Reid)"": {""start"": ""2010-03-06"", ""end"": ""2010-03-11"", ""count"": 6}, ""QC (Desjardins)"": {""start"": ""2012-03-03"", ""end"": ""2012-03-08"", ""count"": 6}}",Right,,,,,,,85.20%,93.10%,83.30%,81.90%,85.40%,81.50%,60.70%,62.50%,71.40%,75.00%,75.00%,,,,,,91.70%,60.70%,18.80%,0.00%,,,84.10%,,,,78.10%,75.00%,25.00%,50.00%,,,,,,,,,,25.00%,12.50%,0.00%,,,0.92,0.27,100,92,21,33.7,19.6,25,-4,12,2,16.7,4,0,0,,,,,,,,,,,,,,,,,,,,,83.10%,57.40%,,,84.30%,75.00%,,,,,,,,,,,,,,,,,,,,,,,,,,,Wick CCW,0,Raise CW,91.7
Stefanie Berset,79.70%,83.30%,81.20%,82.40%,276,"{""Lead"": {""start"": ""2021-11-02"", ""end"": ""2025-03-20"", ""count"": 11}, ""Second"": {""start"": ""2022-12-06"", ""end"": ""2025-03-20"", ""count"": 13}}","{""Schori"": {""start"": ""2021-11-02"", ""end"": ""2021-11-04"", ""count"": 3}, ""Jaeggi"": {""start"": ""2022-12-06"", ""end"": ""2023-10-19"", ""count"": 12}, ""SUI (Tirinzoni)"": {""start"": ""2023-11-18"", ""end"": ""2025-03-20"", ""count"": 8}}",Right,,,,,,,95.00%,98.10%,98.10%,88.90%,80.90%,80.20%,60.70%,93.80%,77.30%,71.40%,79.20%,88.60%,75.00%,88.50%,65.00%,62.50%,78.10%,79.20%,37.50%,,,,,,,83.30%,88.50%,89.30%,87.50%,75.00%,,50.00%,,,,,25.00%,,,,37.50%,,,,0.99,0.23,70,61,25.7,47.5,16.4,30,-4.3,9,1,11.1,11,2,18.2,,,,,,,,,,,,,,,,,,,,,,,,,,,,,,,,,,,,,,,,,,,90.80%,75.00%,80.80%,80.70%,78.00%,76.60%,90.30%,0.00%,87.50%,100.00%,Wick CW,37.5,Guard CW,98.1
Stefanie Lawton,79.40%,78.40%,78.90%,78.10%,596,"{""Third"": {""start"": ""2019-02-16"", ""end"": ""2020-02-21"", ""count"": 19}}","{""Silvernagle"": {""start"": ""2019-11-27"", ""end"": ""2019-11-29"", ""count"": 3}, ""SK (Silvernagle)"": {""start"": ""2019-02-16"", ""end"": ""2020-02-21"", ""count"": 16}}",Right,1980,"Prince Albert, SK","Saskatoon, SK","Senior Inventory Specialist, Cameco Corporation",,,83.30%,91.70%,85.40%,76.10%,78.60%,76.90%,62.50%,45.00%,88.50%,85.30%,73.10%,75.40%,88.30%,82.80%,53.10%,78.10%,90.00%,65.00%,,,,,,87.50%,,,45.00%,66.70%,,0.00%,90.00%,75.00%,75.00%,,,88.90%,46.40%,,,75.00%,,,,,0.99,0.28,155,138,31,31.2,20.3,21.9,9.1,12,1,8.3,14,1,7.1,,,,,,,,,,,,,,,,,,,,,,,,,,,,,,,,,,,,,,,76.10%,79.00%,78.30%,81.30%,,,,,,,,,,,Freeze CCW,45,Raise CW,90
Steffen Walstad,77.70%,80.10%,79.00%,73.10%,1983,"{""Fourth"": {""start"": ""2017-01-31"", ""end"": ""2022-11-24"", ""count"": 65}, ""Third"": {""start"": ""2019-04-02"", ""end"": ""2019-11-21"", ""count"": 10}}","{""Norway"": {""start"": ""2017-04-01"", ""end"": ""2022-11-24"", ""count"": 51}, ""NOR (Walstad)"": {""start"": ""2017-01-31"", ""end"": ""2022-02-17"", ""count"": 19}, ""Walstad"": {""start"": ""2022-08-21"", ""end"": ""2022-10-21"", ""count"": 5}}",Right,,,,,,,,96.40%,85.50%,86.60%,77.60%,79.10%,38.90%,68.80%,82.80%,90.20%,71.90%,79.40%,88.00%,96.30%,73.10%,69.90%,77.30%,61.90%,75.00%,58.30%,56.40%,55.00%,,93.80%,83.90%,82.70%,80.80%,84.00%,0.00%,,76.90%,80.80%,65.00%,87.50%,85.70%,,59.10%,43.80%,85.70%,50.00%,87.50%,,33.30%,53.60%,1.07,0.32,475,509,30.1,33.6,22.6,18.3,11.8,41,5,12.2,44,5,11.4,,,,,,,,,,,,,,,,,,,,,,,,,,,,,,,,,,,77.50%,76.60%,79.90%,79.50%,75.80%,78.70%,,,79.00%,80.40%,83.60%,77.10%,,,,,,,Freeze CW,38.9,Take-out CCW,90.2
Stephanie Guzzwell,70.40%,70.40%,70.40%,74.40%,315,"{""Third"": {""start"": ""2011-02-19"", ""end"": ""2019-02-20"", ""count"": 11}}","{""NL(Devereaux)"": {""start"": ""2011-02-19"", ""end"": ""2011-02-24"", ""count"": 6}, ""NL (Sharpe)"": {""start"": ""2019-02-16"", ""end"": ""2019-02-20"", ""count"": 5}}",Right,1987,,,,,,89.10%,75.00%,84.10%,90.00%,63.00%,64.30%,45.50%,75.00%,78.60%,73.50%,63.00%,62.50%,95.00%,78.60%,61.40%,57.10%,68.80%,70.80%,,,,,80.60%,,,50.00%,50.00%,50.00%,,87.50%,62.50%,81.20%,81.20%,,,,,50.00%,,,,,,,0.87,0.21,84,68,20.2,32.4,13.2,35.7,-15.5,15,1,6.7,2,0,0,,,,,,,,,,,,,,,,,,,,,,,67.80%,66.20%,,,,,,,,,,,,,,,72.00%,77.80%,,,,,,,,,,,,,Freeze CW,45.5,Guard CCW,90
Stephanie Hanna,84.90%,86.80%,85.70%,62.50%,212,"{""Second"": {""start"": ""2016-02-20"", ""end"": ""2016-02-26"", ""count"": 7}}","{""ON (Hanna)"": {""start"": ""2016-02-20"", ""end"": ""2016-02-26"", ""count"": 7}}",Right,1982,"Ottawa, ON",,,,,,95.00%,90.00%,,69.10%,85.70%,0.00%,,89.60%,86.30%,83.30%,75.00%,85.50%,90.00%,82.10%,50.00%,75.00%,85.00%,,,,,,,,,87.50%,25.00%,0.00%,,50.00%,0.00%,87.50%,,87.50%,87.50%,,,,,,,,,0.78,0.4,55,48,20,37.5,31.2,20,0,4,0,0,2,0,0,,,,,,,,,,,,,,,,,,,,,,,,,,,,,,,,,84.70%,86.10%,,,,,,,,,,,,,,,,,,,Freeze CW,0,Guard CW,90
Stephanie Korab,85.60%,82.00%,84.70%,83.80%,201,"{""Lead"": {""start"": ""2012-02-18"", ""end"": ""2012-02-23"", ""count"": 6}}","{""NL (Strong)"": {""start"": ""2012-02-18"", ""end"": ""2012-02-23"", ""count"": 6}}",Right,1982,"Mississauga, ON",,,,,86.00%,85.00%,88.90%,,86.60%,75.00%,65.00%,,86.20%,85.70%,87.50%,75.00%,,,,,50.00%,87.50%,,,,,,93.80%,,,,,25.00%,,,,,,,,,,,,,,,,0.96,0.34,56,44,32.1,38.6,25,33.9,-1.8,6,0,0,6,2,33.3,,,,,,,,,,,,,,,,,,,,,,,,,84.80%,84.50%,,,,,,,,,,,,,,,,,,,,,,,,,,,Raise CW,50,Guard CW,88.9
Stephanie Matheson,77.70%,76.90%,77.40%,73.30%,229,"{""Second"": {""start"": ""2017-11-06"", ""end"": ""2021-10-29"", ""count"": 6}, ""Lead"": {""start"": ""2017-11-07"", ""end"": ""2017-11-10"", ""count"": 4}}","{""Harrison"": {""start"": ""2017-11-06"", ""end"": ""2017-11-10"", ""count"": 5}, ""Murphy"": {""start"": ""2021-10-25"", ""end"": ""2021-10-29"", ""count"": 5}}",Right,1984,"Burlington, ON","Burlington, ON","Project Manager, BIOX Corporation",Nelson High School,Queen's University,95.70%,87.50%,94.40%,81.20%,71.20%,86.10%,71.40%,25.00%,69.40%,69.60%,61.40%,72.20%,96.40%,87.50%,25.00%,37.50%,75.00%,,25.00%,0.00%,,,87.50%,,,,58.30%,50.00%,,,,,50.00%,,87.50%,,,,,,,0.00%,,,1.14,0.2,59,55,33.9,38.2,14.5,20.3,13.6,4,0,0,3,1,33.3,,,,,,,,,,,,,,,,,,,,,,,,,,,,,,,,,,,83.80%,62.90%,,,,,,,83.10%,74.10%,,,,,,,,,Wick CCW,0,Guard CW,94.4
Stephanie Schmidt,79.60%,79.40%,79.50%,77.70%,207,"{""Second"": {""start"": ""2020-02-18"", ""end"": ""2022-04-15"", ""count"": 12}}","{""SK (Silvernagle)"": {""start"": ""2020-02-18"", ""end"": ""2020-02-21"", ""count"": 2}, ""Carey"": {""start"": ""2022-04-12"", ""end"": ""2022-04-15"", ""count"": 4}, ""WC2 (Carey)"": {""start"": ""2022-01-28"", ""end"": ""2022-02-03"", ""count"": 6}}",Right,1990,"Saskatoon, SK","Regina, SK",Designer,,Nova Scotia College of Art and Design,77.10%,83.30%,81.20%,86.50%,86.80%,84.80%,75.00%,70.00%,75.00%,65.30%,55.00%,72.50%,90.00%,93.80%,83.30%,87.50%,87.50%,66.70%,,,,,,75.00%,,,,,50.00%,50.00%,,,0.00%,50.00%,,90.00%,75.00%,,75.00%,,,,,,1.06,0.35,54,49,25.9,36.7,26.5,25.9,0,9,1,11.1,4,0,0,,,,,,,,,,,,,,,,,,,,,,,,,,,,,,,,,,,,,,,,,80.80%,100.00%,,,83.00%,76.60%,,,,,,,Hit-roll CW,55,Double CCW,87.5
Stephen Trickett,81.70%,77.20%,79.50%,87.50%,316,"{""Third"": {""start"": ""2017-03-18"", ""end"": ""2024-03-03"", ""count"": 6}, ""Second"": {""start"": ""2024-03-02"", ""end"": ""2024-03-07"", ""count"": 6}}","{""Mun (Boland)"": {""start"": ""2017-03-18"", ""end"": ""2017-03-22"", ""count"": 5}, ""NL (Symonds)"": {""start"": ""2024-03-02"", ""end"": ""2024-03-07"", ""count"": 6}}",Right,1995,,,,,,88.50%,93.80%,92.90%,92.90%,72.70%,75.00%,83.30%,66.70%,84.80%,87.50%,71.40%,62.50%,88.50%,90.50%,68.80%,58.90%,87.50%,80.00%,,,,,,,,,,80.00%,75.00%,,91.70%,66.70%,66.70%,,82.10%,87.50%,,,,,,,,,1.04,0.38,74,78,27,28.2,24.4,17.6,9.4,6,0,0,9,0,0,,,,,,,,,,,,,,,,,,,,,,,,,,,,,,,,,,,80.90%,81.40%,,,,,,,,,,,,,80.10%,75.00%,,,Double CCW,58.9,Guard CW,92.9
Sterling Middleton,81.80%,82.30%,82.10%,80.40%,1783,"{""Third"": {""start"": ""2017-01-22"", ""end"": ""2023-10-20"", ""count"": 65}, ""Second"": {""start"": ""2024-03-02"", ""end"": ""2024-03-07"", ""count"": 6}}","{""BC (Tardi)"": {""start"": ""2017-01-22"", ""end"": ""2017-04-22"", ""count"": 12}, ""Canada"": {""start"": ""2017-02-16"", ""end"": ""2019-02-23"", ""count"": 15}, ""BC"": {""start"": ""2018-01-13"", ""end"": ""2019-01-27"", ""count"": 17}, ""DOU"": {""start"": ""2018-03-24"", ""end"": ""2018-03-28"", ""count"": 5}, ""Tardi"": {""start"": ""2021-10-26"", ""end"": ""2021-10-30"", ""count"": 5}, ""Gauthier"": {""start"": ""2022-10-18"", ""end"": ""2022-10-18"", ""count"": 1}, ""BC (Gauthier)"": {""start"": ""2023-03-03"", ""end"": ""2023-03-09"", ""count"": 6}, ""Schneider"": {""start"": ""2023-10-17"", ""end"": ""2023-10-20"", ""count"": 4}, ""BC (Schneider)"": {""start"": ""2024-03-02"", ""end"": ""2024-03-07"", ""count"": 6}}",Right,1999,,,,,,82.60%,96.90%,90.70%,86.80%,78.30%,77.50%,74.30%,73.10%,79.30%,85.50%,80.40%,77.60%,96.40%,93.30%,76.50%,73.40%,85.20%,79.80%,,,90.60%,37.50%,83.30%,,93.80%,91.70%,75.00%,70.00%,78.60%,,75.00%,88.30%,89.30%,68.80%,93.20%,97.10%,,60.70%,82.10%,0.00%,,,,,1.16,0.44,426,431,37.1,30.6,27.4,17.8,19.3,23,6,26.1,57,3,5.3,,,,,,,,,,,,,,,,,,,,,,,,,,,,,,,,,,,78.20%,77.30%,81.50%,83.90%,80.40%,88.30%,,,83.30%,79.80%,78.10%,81.20%,78.90%,86.50%,84.10%,89.20%,,,Promotion CCW,37.5,Guard CW,90.7
Steve Gould,88.30%,90.00%,89.30%,83.10%,1105,"{""Lead"": {""start"": ""2006-03-11"", ""end"": ""2011-03-13"", ""count"": 36}}","{""MAN (Stoughton)"": {""start"": ""2006-03-11"", ""end"": ""2009-03-15"", ""count"": 15}, ""MB (Stoughton)"": {""start"": ""2007-03-03"", ""end"": ""2011-03-13"", ""count"": 21}}",Right,1972,,,,,,95.40%,95.20%,85.60%,93.60%,86.50%,89.10%,82.10%,81.10%,82.70%,86.10%,,79.40%,25.00%,66.70%,,87.50%,91.70%,83.30%,62.50%,,,,93.30%,,,91.70%,94.10%,88.40%,,87.50%,,25.00%,,,37.50%,50.00%,,,,,62.50%,,,,1.17,0.29,264,275,35.2,44.4,19.3,14.8,20.4,17,3,17.6,30,1,3.3,,,,,,,,,,,,,91.50%,79.90%,89.80%,68.50%,,,91.00%,92.90%,88.80%,78.30%,90.50%,89.20%,,,,,,,,,,,,,,,,,,,,,,,,,,,,,Wick CW,62.5,Guard CCW,93.6
Steve Johns,79.20%,79.20%,79.20%,74.40%,274,"{""Lead"": {""start"": ""2018-11-03"", ""end"": ""2018-11-08"", ""count"": 5}, ""Second"": {""start"": ""2024-10-27"", ""end"": ""2024-10-31"", ""count"": 5}}","{""Australia"": {""start"": ""2018-11-03"", ""end"": ""2018-11-08"", ""count"": 5}, ""AUS (Millikin)"": {""start"": ""2024-10-27"", ""end"": ""2024-10-31"", ""count"": 5}}",Right,1965,"Saskatoon, SK",,,,,93.30%,82.80%,80.00%,89.30%,77.30%,81.80%,,,57.50%,75.00%,65.00%,65.00%,75.00%,68.80%,65.00%,68.80%,75.00%,75.00%,,,,50.00%,,90.00%,,,62.50%,66.70%,,,25.00%,50.00%,,,,50.00%,,,,,,,,,0.93,0.38,67,64,17.9,25,21.9,29.9,-12,8,0,0,4,2,50,,,,,,,,,,,,,,,,,,,,,,,,,,,,,,,,,,,,,84.20%,75.00%,,,,,,,,,,,80.40%,67.40%,,,Promotion CCW,50,Guard CCW,89.3
Steve Laycock,83.60%,81.70%,82.70%,80.70%,2018,"{""Lead"": {""start"": ""2007-03-03"", ""end"": ""2008-03-15"", ""count"": 14}, ""Third"": {""start"": ""2011-03-05"", ""end"": ""2021-03-11"", ""count"": 38}, ""Fourth"": {""start"": ""2011-03-09"", ""end"": ""2016-12-03"", ""count"": 15}}","{""SASK (Simmons)"": {""start"": ""2007-03-03"", ""end"": ""2007-03-08"", ""count"": 6}, ""SK (Simmons)"": {""start"": ""2008-03-08"", ""end"": ""2008-03-15"", ""count"": 8}, ""Sask (Laycock)"": {""start"": ""2011-03-05"", ""end"": ""2011-03-10"", ""count"": 6}, ""Laycock"": {""start"": ""2015-12-02"", ""end"": ""2017-12-08"", ""count"": 15}, ""SK (Laycock)"": {""start"": ""2016-03-05"", ""end"": ""2016-03-10"", ""count"": 6}, ""SK"": {""start"": ""2018-03-03"", ""end"": ""2018-03-09"", ""count"": 7}, ""BC"": {""start"": ""2019-03-02"", ""end"": ""2019-03-08"", ""count"": 7}, ""BC (Cotter)"": {""start"": ""2020-02-29"", ""end"": ""2020-03-04"", ""count"": 5}, ""BC (Laycock)"": {""start"": ""2021-03-06"", ""end"": ""2021-03-11"", ""count"": 6}}",Right,1983,"Yorkton, SK","Saskatoon, SK","Compensation Specialist, University of Saskatchewan",Yorkton Regional High School,University of Saskatchewan,94.10%,95.80%,90.50%,88.60%,80.70%,81.90%,75.00%,76.50%,87.90%,83.30%,76.60%,75.00%,96.20%,84.30%,74.10%,64.80%,75.00%,76.00%,,60.00%,,,88.60%,98.70%,86.50%,97.20%,84.40%,82.80%,71.90%,65.00%,83.80%,87.50%,56.20%,77.50%,,70.80%,54.20%,83.30%,75.00%,75.00%,,75.00%,,,1.09,0.23,492,494,31.5,35.6,17.6,17.7,13.8,40,7,17.5,38,6,15.8,,,,,,,,,,,,,,,90.40%,85.50%,89.30%,82.10%,,,,,75.00%,75.90%,,,,,,,80.00%,80.40%,81.20%,82.10%,79.10%,84.20%,84.60%,87.00%,80.50%,83.60%,78.10%,76.10%,77.20%,80.40%,,,,,,,,,Wick CCW,60,Guard CW,90.5
Steven Howard,78.10%,80.90%,79.90%,80.80%,577,"{""Lead"": {""start"": ""2009-03-07"", ""end"": ""2009-03-12"", ""count"": 6}, ""Second"": {""start"": ""2009-03-08"", ""end"": ""2011-03-10"", ""count"": 8}, ""Third"": {""start"": ""2010-03-06"", ""end"": ""2010-03-11"", ""count"": 6}}","{""NB (R.Howard)"": {""start"": ""2009-03-07"", ""end"": ""2009-03-12"", ""count"": 6}, ""NB (Grattan)"": {""start"": ""2010-03-06"", ""end"": ""2011-03-10"", ""count"": 12}}",Right,1984,,,,,,94.30%,89.30%,88.90%,86.50%,70.60%,81.20%,58.30%,80.70%,81.40%,77.10%,65.40%,70.10%,86.80%,90.10%,77.50%,77.30%,61.40%,83.80%,,,,,91.70%,92.90%,91.70%,68.80%,70.00%,75.00%,50.00%,,,62.50%,,,87.50%,,50.00%,,,91.70%,,,,,0.99,0.21,134,144,24.6,37.5,15.3,17.9,6.7,17,2,11.8,8,1,12.5,,,,,,,,,,,,,,,,,,,86.50%,83.80%,76.60%,78.50%,80.10%,75.70%,,,,,,,,,,,,,,,,,,,,,,,,,,,,,Freeze CW,58.3,Guard CW,88.9
Steven Munroe,80.40%,87.10%,84.30%,92.60%,212,"{""Second"": {""start"": ""2012-03-03"", ""end"": ""2012-03-08"", ""count"": 6}, ""Lead"": {""start"": ""2022-03-08"", ""end"": ""2022-03-08"", ""count"": 1}}","{""QC (Desjardins)"": {""start"": ""2012-03-03"", ""end"": ""2012-03-08"", ""count"": 6}, ""QC (Fournier)"": {""start"": ""2022-03-08"", ""end"": ""2022-03-08"", ""count"": 1}}",Right,,,,,,,75.00%,,91.70%,89.60%,76.50%,79.00%,89.30%,85.70%,83.70%,91.00%,79.50%,80.00%,81.20%,95.70%,92.90%,70.00%,53.60%,96.40%,,,,,,,,,75.00%,87.50%,87.50%,,,,,,68.80%,,,,,,,,,,0.98,0.23,52,53,19.2,39.6,20.8,21.2,-2,5,1,20,3,0,0,,,,,,,,,,,,,,,,,,,,,,,,,83.90%,84.90%,,,,,,,,,,,,,,,,,,,78.10%,,,,,,,,Raise CW,53.6,Raise CCW,96.4
Stine Haalien,73.70%,77.00%,75.80%,73.10%,202,"{""Lead"": {""start"": ""2013-02-28"", ""end"": ""2017-02-02"", ""count"": 9}}","{""NOR"": {""start"": ""2013-02-28"", ""end"": ""2013-03-07"", ""count"": 7}, ""Norway"": {""start"": ""2017-02-01"", ""end"": ""2017-02-02"", ""count"": 2}}",Right,,,,,,,91.30%,87.00%,,,57.80%,65.20%,50.00%,,80.80%,90.00%,83.30%,75.00%,,,50.00%,0.00%,,,,75.00%,,,80.00%,85.70%,,,50.00%,50.00%,,,,,,,,,,,,,,,,,0.79,0.32,52,47,19.2,25.5,21.3,36.5,-17.3,8,0,0,4,2,50,,,,,,,,,,,,,,,,,,,,,,,,,,,75.80%,82.90%,,,,,,,64.40%,81.20%,,,,,,,,,,,,,,,,,Double CCW,0,Take-out CCW,90
Sujin Kim,86.10%,76.60%,83.70%,86.60%,625,"{""Lead"": {""start"": ""2021-04-15"", ""end"": ""2024-10-05"", ""count"": 28}, ""Second"": {""start"": ""2022-05-03"", ""end"": ""2022-05-08"", ""count"": 6}, ""Third"": {""start"": ""2023-11-09"", ""end"": ""2023-11-09"", ""count"": 1}, ""Fourth"": {""start"": ""2023-11-09"", ""end"": ""2023-11-09"", ""count"": 1}}","{""Kim"": {""start"": ""2021-04-15"", ""end"": ""2021-04-23"", ""count"": 8}, ""M. Kim"": {""start"": ""2021-10-19"", ""end"": ""2021-11-05"", ""count"": 8}, ""Gim"": {""start"": ""2022-05-03"", ""end"": ""2022-05-08"", ""count"": 6}, ""Ha"": {""start"": ""2023-10-17"", ""end"": ""2024-10-05"", ""count"": 13}}",Right,1999,,,,,,90.70%,86.80%,94.10%,,84.00%,78.70%,85.00%,71.40%,80.00%,70.40%,81.00%,61.00%,87.50%,90.60%,72.20%,66.70%,71.40%,92.90%,83.30%,,,,88.50%,,,,83.30%,,71.90%,,,,62.50%,75.00%,,75.00%,,,,,83.30%,,,,1,0.35,143,153,25.2,34.6,26.1,21,4.2,12,2,16.7,15,1,6.7,,,,,,,,,,,,,,,,,,,,,,,,,,,,,,,,,,,,,,,,,,,86.40%,69.90%,81.20%,80.20%,88.80%,63.50%,86.70%,84.50%,,,Hit-roll CCW,61,Guard CW,94.1
Suzanne Birt,71.20%,72.40%,71.80%,75.10%,1653,"{""Fourth"": {""start"": ""2011-02-19"", ""end"": ""2023-02-23"", ""count"": 61}}","{""PE (Birt)"": {""start"": ""2011-02-19"", ""end"": ""2023-02-23"", ""count"": 47}, ""PEI (Brit)"": {""start"": ""2013-02-16"", ""end"": ""2013-02-22"", ""count"": 7}, ""Birt"": {""start"": ""2021-10-25"", ""end"": ""2022-09-22"", ""count"": 7}}",Left,1981,"Summerside, PEI","Charlottetown, PEI",Mom and curler!,,,58.30%,,86.20%,83.30%,68.40%,69.00%,67.20%,65.30%,74.70%,77.50%,72.80%,65.30%,87.00%,91.20%,56.60%,65.40%,57.40%,50.70%,,,,,,,,76.80%,72.20%,73.40%,75.00%,81.20%,65.00%,67.40%,93.80%,78.60%,90.00%,,50.00%,75.00%,46.90%,56.20%,,,,,1.1,0.38,400,419,29.5,31.5,22.9,22.8,6.7,36,6,16.7,40,8,20,,,,,,,,,,,,,,,,,,,,,,,73.80%,67.70%,,,73.40%,69.70%,,,,,64.80%,78.80%,,,,,69.00%,76.20%,81.60%,79.70%,66.10%,68.80%,75.90%,69.10%,68.20%,68.20%,,,,,Raise CCW,50.7,Guard CW,86.2
Sven Michel,84.70%,83.90%,84.30%,80.00%,4506,"{""Fourth"": {""start"": ""2014-02-10"", ""end"": ""2016-04-07"", ""count"": 20}, ""Third"": {""start"": ""2018-09-12"", ""end"": ""2024-11-29"", ""count"": 58}, ""Second"": {""start"": ""2022-10-04"", ""end"": ""2025-04-13"", ""count"": 118}, ""Lead"": {""start"": ""2023-04-13"", ""end"": ""2023-04-13"", ""count"": 1}}","{""SUI"": {""start"": ""2014-02-10"", ""end"": ""2014-11-28"", ""count"": 14}, ""Switzerland"": {""start"": ""2016-04-02"", ""end"": ""2022-11-26"", ""count"": 46}, ""De Cruz"": {""start"": ""2021-04-15"", ""end"": ""2021-04-24"", ""count"": 8}, ""de Cruz"": {""start"": ""2021-10-19"", ""end"": ""2021-11-06"", ""count"": 8}, ""Schwaller"": {""start"": ""2022-10-04"", ""end"": ""2024-08-18"", ""count"": 45}, ""SUI (De Cruz)"": {""start"": ""2022-02-09"", ""end"": ""2022-02-17"", ""count"": 8}, ""SUI (Schwaller)"": {""start"": ""2023-04-01"", ""end"": ""2025-04-06"", ""count"": 39}, ""Y. Schwaller"": {""start"": ""2024-04-09"", ""end"": ""2025-04-13"", ""count"": 28}}",Right,1988,"Interlaken, SUI","Interlaken, SUI","Curler, Team Michel",,,92.10%,88.80%,91.70%,89.20%,84.40%,83.30%,84.10%,80.40%,85.00%,86.70%,83.80%,80.80%,92.90%,93.10%,77.60%,75.60%,80.20%,78.00%,65.40%,72.70%,67.20%,78.40%,,86.50%,88.50%,88.70%,83.20%,80.70%,72.90%,67.90%,89.40%,86.50%,84.10%,75.00%,96.10%,95.40%,68.80%,57.90%,87.50%,81.50%,25.00%,,50.00%,93.80%,1.19,0.28,1058,1144,37.1,36.2,19.4,14.6,22.5,66,7,10.6,122,6,4.9,,,,,,,,,,,,,,,,,,,,,,,,,,,,,78.20%,79.10%,,,78.00%,78.00%,,,78.60%,78.40%,87.80%,84.90%,,,86.20%,81.10%,83.10%,84.40%,86.80%,85.60%,89.00%,86.60%,89.20%,84.00%,Wick CW,65.4,Guard CW,91.7
Sydney Brilz,69.90%,71.50%,70.70%,73.30%,420,"{""Lead"": {""start"": ""2018-01-13"", ""end"": ""2018-03-28"", ""count"": 11}, ""Second"": {""start"": ""2018-03-24"", ""end"": ""2018-03-28"", ""count"": 5}}","{""BC"": {""start"": ""2018-01-13"", ""end"": ""2018-01-19"", ""count"": 6}, ""CAM"": {""start"": ""2018-03-24"", ""end"": ""2018-03-28"", ""count"": 5}}",Left,,,,,,,80.40%,76.50%,,80.00%,63.70%,72.90%,75.00%,87.50%,72.20%,71.40%,59.40%,75.00%,62.50%,60.00%,,,93.80%,66.70%,71.40%,28.60%,,,79.20%,70.80%,,,57.10%,72.50%,,,50.00%,,,,,50.00%,,,,,,0.00%,,,1.25,0.4,75,88,40,30.7,28.4,21.3,18.7,4,1,25,11,1,9.1,,,,,,,,,,,,,,,,,,,,,,,,,,,,,,,,,,,,,72.10%,68.10%,,,,,,,,,,,,,,,Wick CCW,28.6,Raise CW,93.8
Sydney Mullaney,77.60%,73.00%,75.60%,81.70%,407,"{""Second"": {""start"": ""2022-03-24"", ""end"": ""2024-10-03"", ""count"": 27}}","{""United States"": {""start"": ""2022-03-24"", ""end"": ""2022-05-22"", ""count"": 6}, ""Strouse"": {""start"": ""2023-10-17"", ""end"": ""2024-10-03"", ""count"": 19}, ""USA (Strouse)"": {""start"": ""2023-01-19"", ""end"": ""2023-01-20"", ""count"": 2}}",Right,2001,"Concord, MA","Concord, MA",Student,Concord-Carlisle High School,,81.70%,86.40%,79.50%,68.80%,68.60%,69.60%,93.80%,55.00%,81.40%,66.70%,79.20%,76.00%,94.80%,83.70%,72.20%,68.80%,60.90%,78.10%,,,87.50%,,90.00%,,83.30%,50.00%,65.90%,85.00%,,,66.70%,,,,87.50%,96.40%,75.00%,,25.00%,,,,,,0.81,0.38,97,97,19.6,25.8,25.8,30.9,-11.3,16,0,0,7,0,0,,,,,,,,,,,,,,,,,,,,,,,,,,,,,,,,,,,,,,,,,,,,,64.90%,64.20%,73.00%,81.40%,84.20%,79.70%,,,Freeze CCW,55,Freeze CW,93.8
Sylvie Quillian,77.70%,77.30%,77.50%,83.20%,821,"{""Fourth"": {""start"": ""2016-02-20"", ""end"": ""2018-02-02"", ""count"": 13}, ""Third"": {""start"": ""2022-01-28"", ""end"": ""2023-02-23"", ""count"": 18}}","{""NB (Robichaud)"": {""start"": ""2016-02-20"", ""end"": ""2016-02-26"", ""count"": 7}, ""NB"": {""start"": ""2018-01-27"", ""end"": ""2018-02-02"", ""count"": 6}, ""Kelly"": {""start"": ""2022-09-21"", ""end"": ""2022-10-19"", ""count"": 3}, ""NB (Crawford)"": {""start"": ""2022-01-28"", ""end"": ""2022-02-06"", ""count"": 9}, ""NB (Kelly)"": {""start"": ""2023-02-18"", ""end"": ""2023-02-23"", ""count"": 6}}",Right,,,,,,,95.00%,75.00%,86.80%,83.70%,74.60%,72.50%,76.50%,68.80%,79.50%,79.80%,73.80%,75.70%,83.30%,90.00%,70.00%,71.20%,67.30%,78.10%,,,,,95.80%,,,90.00%,71.40%,77.10%,,,68.20%,72.70%,,75.00%,91.70%,75.00%,75.00%,81.20%,75.00%,,,,,,1.04,0.29,195,203,24.6,36.9,21.7,16.9,7.7,17,6,35.3,15,2,13.3,,,,,,,,,,,,,,,,,,,,,,,,,,,,,,,,,77.90%,78.90%,,,76.00%,80.20%,,,,,,,76.50%,76.70%,75.40%,78.10%,,,,,Raise CW,67.3,Guard CW,86.8
Tabitha Peterson,77.10%,75.90%,76.50%,78.90%,2831,"{""Third"": {""start"": ""2017-03-18"", ""end"": ""2019-05-11"", ""count"": 18}, ""Fourth"": {""start"": ""2018-09-14"", ""end"": ""2025-03-21"", ""count"": 109}, ""Lead"": {""start"": ""2023-05-03"", ""end"": ""2023-05-03"", ""count"": 1}, ""Second"": {""start"": ""2023-05-03"", ""end"": ""2023-05-03"", ""count"": 1}}","{""United States"": {""start"": ""2017-03-18"", ""end"": ""2022-11-05"", ""count"": 29}, ""USA (Roth)"": {""start"": ""2018-02-14"", ""end"": ""2018-02-21"", ""count"": 6}, ""Peterson"": {""start"": ""2021-04-15"", ""end"": ""2024-01-20"", ""count"": 63}, ""USA (Peterson)"": {""start"": ""2022-02-10"", ""end"": ""2025-03-21"", ""count"": 28}}",Right,1989,"Burnsville, MN","Eagan, MN",Pharmacist,,University of Minnesota College of Pharmacy,92.50%,,87.90%,90.00%,77.20%,75.70%,83.50%,67.80%,79.40%,80.10%,73.40%,73.40%,90.30%,94.10%,61.10%,62.30%,68.90%,55.90%,70.80%,0.00%,64.90%,62.90%,,,91.70%,90.40%,81.10%,72.00%,93.80%,,66.70%,78.20%,75.00%,59.60%,,96.70%,51.60%,38.90%,80.40%,50.00%,,,90.00%,40.00%,1.1,0.3,685,707,30.1,34.9,21.9,23.8,6.3,79,13,16.5,59,5,8.5,,,,,,,,,,,,,,,,,,,,,,,,,,,,,,,,,,,81.20%,78.20%,76.90%,72.20%,74.50%,75.60%,,,75.10%,74.20%,78.70%,71.50%,81.20%,76.70%,78.10%,76.00%,79.30%,77.10%,Wick CCW,0,Guard CCW,90
Taei Yang,76.00%,77.80%,76.80%,81.00%,338,"{""Second"": {""start"": ""2021-10-19"", ""end"": ""2024-10-05"", ""count"": 21}}","{""M. Kim"": {""start"": ""2021-10-19"", ""end"": ""2021-11-05"", ""count"": 8}, ""Ha"": {""start"": ""2023-10-17"", ""end"": ""2024-10-05"", ""count"": 13}}",Right,,,,,,,79.20%,,78.40%,91.70%,66.10%,81.20%,66.70%,70.60%,75.60%,71.40%,71.40%,65.90%,94.60%,86.50%,86.10%,75.00%,78.60%,81.20%,,,,,75.00%,,75.00%,,,,87.50%,83.30%,50.00%,75.00%,,75.00%,93.80%,82.50%,,,75.00%,,,,,,0.79,0.44,72,90,16.7,28.9,32.2,19.4,-2.7,6,1,16.7,9,1,11.1,,,,,,,,,,,,,,,,,,,,,,,,,,,,,,,,,,,,,,,,,,,75.40%,71.60%,,,71.60%,81.00%,77.90%,81.50%,,,Hit-roll CCW,65.9,Guard CCW,91.7
Tammy Schneider,81.60%,81.80%,81.70%,75.30%,446,"{""Second"": {""start"": ""2011-02-19"", ""end"": ""2012-02-23"", ""count"": 15}}","{""SK(Holland)"": {""start"": ""2011-02-19"", ""end"": ""2011-02-27"", ""count"": 9}, ""CAN (Holland)"": {""start"": ""2012-02-18"", ""end"": ""2012-02-23"", ""count"": 6}}",Right,1901,"Regina, SK","Kronau, SK",,,,87.50%,70.00%,81.20%,78.10%,79.80%,75.80%,35.00%,77.30%,86.60%,88.70%,80.50%,78.40%,84.30%,85.30%,85.00%,82.10%,55.00%,65.60%,,,,,,62.50%,,,,50.00%,0.00%,75.00%,,,,,,90.80%,,,,25.00%,,,,,1.17,0.32,113,104,34.5,48.1,18.3,23.9,10.6,7,3,42.9,15,3,20,,,,,,,,,,,,,,,,,,,,,,,73.60%,84.90%,80.60%,81.70%,,,,,,,,,,,,,,,,,,,,,,,,,,,Freeze CW,35,Take-out CCW,88.7
Tanner Davis,71.70%,72.80%,72.20%,71.70%,261,"{""Second"": {""start"": ""2019-11-05"", ""end"": ""2022-11-03"", ""count"": 6}, ""Third"": {""start"": ""2024-10-27"", ""end"": ""2024-10-31"", ""count"": 5}}","{""Australia"": {""start"": ""2019-11-05"", ""end"": ""2019-11-05"", ""count"": 1}, ""AUS (Hewitt)"": {""start"": ""2022-10-30"", ""end"": ""2022-11-03"", ""count"": 5}, ""AUS (Millikin)"": {""start"": ""2024-10-27"", ""end"": ""2024-10-31"", ""count"": 5}}",Right,1993,"Victoria, BC","Victoria, BC",,,,,87.50%,82.50%,87.50%,78.30%,73.20%,,,72.50%,66.70%,66.70%,65.60%,78.60%,87.50%,56.70%,75.00%,55.00%,46.40%,,,35.00%,46.40%,,75.00%,,,66.70%,85.70%,,,91.70%,,,,,87.50%,25.00%,50.00%,50.00%,,,,0.00%,,0.95,0.36,66,61,22.7,19.7,21.3,22.7,0,9,0,0,4,2,50,,,,,,,,,,,,,,,,,,,,,,,,,,,,,,,,,,,,,,,77.80%,16.70%,,,,,75.00%,66.00%,,,83.50%,72.80%,,,Promotion CW,35,Guard CCW,87.5
Tanner Horgan,81.20%,81.30%,81.30%,81.30%,1764,"{""Fourth"": {""start"": ""2016-01-23"", ""end"": ""2023-03-10"", ""count"": 57}, ""Third"": {""start"": ""2018-03-04"", ""end"": ""2018-03-05"", ""count"": 2}, ""Lead"": {""start"": ""2018-03-06"", ""end"": ""2018-03-09"", ""count"": 2}, ""Second"": {""start"": ""2025-01-14"", ""end"": ""2025-04-12"", ""count"": 17}}","{""NO"": {""start"": ""2016-01-23"", ""end"": ""2019-01-25"", ""count"": 27}, ""NO (Horgan)"": {""start"": ""2017-01-22"", ""end"": ""2023-03-10"", ""count"": 13}, ""Horgan"": {""start"": ""2021-10-25"", ""end"": ""2023-01-13"", ""count"": 21}, ""NO (Epping)"": {""start"": ""2025-02-28"", ""end"": ""2025-03-06"", ""count"": 7}, ""Epping"": {""start"": ""2025-01-14"", ""end"": ""2025-04-12"", ""count"": 10}}",Right,1999,"Sudbury , ON","Sudbury, ON",,,Laurentian University,96.40%,95.50%,93.90%,90.90%,78.30%,81.40%,80.80%,79.40%,84.60%,81.30%,73.20%,77.40%,93.10%,92.90%,72.10%,64.00%,70.00%,70.30%,,,96.40%,50.00%,,,,,78.30%,74.00%,,81.20%,84.20%,79.50%,41.70%,93.80%,86.50%,90.60%,,25.00%,96.90%,62.50%,,,,50.00%,1.14,0.28,446,424,32.7,38,19.1,19.5,13.2,32,3,9.4,45,1,2.2,,,,,,,,,,,,,,,,,,,,,,,,,,,,,,,,,78.60%,83.70%,75.40%,81.70%,86.00%,82.80%,84.30%,73.30%,,,82.10%,78.80%,80.60%,63.60%,79.20%,75.60%,,,86.10%,88.30%,Promotion CCW,50,Promotion CW,96.4
Tara Peterson,85.20%,83.50%,84.40%,75.90%,2575,"{""Second"": {""start"": ""2015-03-14"", ""end"": ""2025-03-21"", ""count"": 47}, ""Lead"": {""start"": ""2021-04-15"", ""end"": ""2023-10-20"", ""count"": 77}}","{""USA"": {""start"": ""2015-03-14"", ""end"": ""2015-03-19"", ""count"": 6}, ""United States"": {""start"": ""2019-05-08"", ""end"": ""2022-11-05"", ""count"": 21}, ""Peterson"": {""start"": ""2021-04-15"", ""end"": ""2024-01-20"", ""count"": 59}, ""USA (Peterson)"": {""start"": ""2022-02-10"", ""end"": ""2025-03-21"", ""count"": 28}, ""USA (Thiesse)"": {""start"": ""2024-10-27"", ""end"": ""2024-10-31"", ""count"": 5}}",Right,1991,"Burnsville, MN","Eagan, MN",Dentist,,University of Minnesota,90.70%,92.30%,87.20%,90.20%,84.10%,80.40%,73.60%,83.00%,89.10%,84.40%,76.60%,70.70%,87.00%,92.80%,68.80%,62.20%,69.00%,77.90%,64.30%,56.00%,85.70%,83.30%,89.50%,88.80%,95.30%,88.90%,86.00%,81.50%,62.50%,83.30%,91.70%,90.00%,75.00%,0.00%,92.90%,93.40%,,50.00%,75.00%,75.00%,66.70%,33.30%,,,1.08,0.3,608,628,29.6,32.5,21,23.5,6.1,73,11,15.1,53,6,11.3,,,,,,,,,,,,,,,,,,,,,,,,,,,,,,,75.90%,79.50%,,,,,,,79.80%,72.40%,,,87.80%,75.30%,86.70%,80.90%,87.50%,82.20%,83.90%,86.10%,81.80%,76.20%,Wick CCW,56,Guard CCW,90.2
Taylor Anderson-heide,87.80%,85.40%,86.40%,94.80%,418,"{""Lead"": {""start"": ""2024-10-01"", ""end"": ""2025-03-21"", ""count"": 16}}","{""T. Peterson"": {""start"": ""2024-10-01"", ""end"": ""2024-10-04"", ""count"": 4}, ""USA (Thiesse)"": {""start"": ""2024-10-27"", ""end"": ""2024-10-31"", ""count"": 5}, ""USA (Peterson)"": {""start"": ""2025-03-15"", ""end"": ""2025-03-21"", ""count"": 7}}",Right,1995,"Philadelphia, PA","Minneapolis, MN",Student,,University of Minnesota,90.90%,88.90%,91.70%,90.00%,87.50%,85.60%,25.00%,,81.20%,71.20%,,50.00%,,,,,50.00%,,,,,25.00%,98.20%,94.20%,,,85.00%,86.50%,,,,,,,,,,,,,,,,,1.16,0.36,90,112,27.8,25.9,22.3,21.1,6.7,13,4,30.8,11,3,27.3,,,,,,,,,,,,,,,,,,,,,,,,,,,,,,,,,,,,,,,,,,,,,,,,,88.60%,66.70%,87.30%,81.00%,Freeze CW,25,Guard CW,91.7
Taylor Mcdonald,79.40%,78.60%,79.00%,82.60%,2454,"{""Second"": {""start"": ""2015-12-02"", ""end"": ""2024-01-19"", ""count"": 82}, ""Lead"": {""start"": ""2022-05-03"", ""end"": ""2023-04-14"", ""count"": 23}, ""Third"": {""start"": ""2022-12-09"", ""end"": ""2024-10-04"", ""count"": 8}}","{""Rocque"": {""start"": ""2015-12-02"", ""end"": ""2017-11-12"", ""count"": 13}, ""ALB"": {""start"": ""2016-03-20"", ""end"": ""2016-03-23"", ""count"": 4}, ""Canada"": {""start"": ""2017-01-31"", ""end"": ""2017-02-07"", ""count"": 3}, ""Flaxey"": {""start"": ""2018-12-05"", ""end"": ""2018-12-08"", ""count"": 4}, ""MB (Fleury)"": {""start"": ""2019-02-19"", ""end"": ""2019-02-19"", ""count"": 1}, ""AB (Walker)"": {""start"": ""2020-02-15"", ""end"": ""2022-02-03"", ""count"": 21}, ""Walker"": {""start"": ""2021-11-02"", ""end"": ""2022-04-15"", ""count"": 15}, ""Fleury"": {""start"": ""2022-05-03"", ""end"": ""2022-05-04"", ""count"": 2}, ""Scheidegge"": {""start"": ""2022-09-22"", ""end"": ""2023-01-12"", ""count"": 16}, ""Cameron"": {""start"": ""2023-10-17"", ""end"": ""2024-10-04"", ""count"": 22}, ""Scheidegger"": {""start"": ""2023-04-11"", ""end"": ""2023-04-14"", ""count"": 4}, ""WC2 (Scheidegger)"": {""start"": ""2023-02-18"", ""end"": ""2023-02-23"", ""count"": 6}}",Right,,,,,,,88.60%,89.70%,86.10%,84.20%,72.10%,74.50%,72.90%,67.20%,78.40%,80.10%,77.00%,72.20%,86.80%,87.20%,78.40%,70.10%,79.00%,62.50%,,18.80%,,87.50%,85.30%,91.70%,86.70%,77.10%,72.50%,78.40%,71.90%,93.80%,71.70%,73.30%,91.70%,72.20%,83.70%,86.70%,87.50%,,95.00%,50.00%,,,,,1.03,0.35,591,598,28.8,35.5,23.1,23.7,5.1,62,6,9.7,53,6,11.3,,,,,,,,,,,,,,,,,,,,,,,,,,,,,,,76.40%,70.70%,69.40%,77.70%,87.50%,82.30%,76.80%,81.60%,58.30%,79.50%,78.40%,78.90%,76.70%,79.80%,77.50%,77.90%,84.80%,77.30%,75.30%,82.10%,,,Wick CCW,18.8,Promotion CCW,87.5
Teemu Salo,71.70%,72.00%,71.90%,75.70%,747,"{""Lead"": {""start"": ""2006-02-22"", ""end"": ""2006-02-24"", ""count"": 2}, ""Second"": {""start"": ""2018-11-17"", ""end"": ""2018-11-22"", ""count"": 6}, ""Third"": {""start"": ""2021-11-20"", ""end"": ""2023-11-23"", ""count"": 21}}","{""FIN (Uusipaavalniemi)"": {""start"": ""2006-02-22"", ""end"": ""2006-02-24"", ""count"": 2}, ""Finland"": {""start"": ""2018-11-17"", ""end"": ""2022-04-08"", ""count"": 21}, ""FIN (Kiiskinen)"": {""start"": ""2023-11-18"", ""end"": ""2023-11-23"", ""count"": 6}}",Left,1974,"Hyvinkaa, FIN",,,,,92.90%,88.90%,81.50%,80.90%,66.90%,71.90%,75.00%,37.50%,80.90%,75.30%,67.90%,71.00%,89.80%,77.40%,71.50%,74.20%,59.30%,64.40%,25.00%,,52.50%,45.70%,,,77.80%,,56.60%,72.90%,,,,66.70%,65.00%,87.50%,,66.70%,,,56.20%,87.50%,50.00%,,0.00%,,0.81,0.23,206,160,17.5,31.9,16.9,31.1,-13.6,28,3,10.7,9,1,11.1,,,,,,,,,,,,,86.20%,78.60%,,,,,,,,,,,,,,,,,,,,,,,68.40%,72.10%,,,,,68.00%,72.50%,73.20%,68.50%,75.70%,72.80%,,,,,Wick CW,25,Guard CW,81.5
Tereza Pliskova,74.60%,75.60%,75.20%,79.10%,1132,"{""Second"": {""start"": ""2009-03-13"", ""end"": ""2018-11-22"", ""count"": 38}, ""Third"": {""start"": ""2017-11-21"", ""end"": ""2017-11-22"", ""count"": 2}, ""Fourth"": {""start"": ""2018-03-23"", ""end"": ""2018-03-23"", ""count"": 1}}","{""CZE"": {""start"": ""2009-03-13"", ""end"": ""2009-03-13"", ""count"": 1}, ""Czech Republic"": {""start"": ""2016-11-19"", ""end"": ""2018-11-22"", ""count"": 37}}",Right,1990,,"Prague, CZE",,,,94.20%,94.90%,57.80%,69.00%,71.10%,71.20%,65.00%,86.10%,67.60%,77.70%,78.70%,72.70%,85.90%,84.80%,70.70%,75.80%,65.00%,54.20%,81.20%,40.00%,67.30%,56.00%,,95.80%,,39.30%,69.40%,75.00%,,,25.00%,92.90%,87.50%,,92.30%,88.90%,75.00%,75.00%,75.00%,75.00%,,,,,1.06,0.27,282,264,30.1,38.3,18.2,24.1,6,30,9,30,20,1,5,,,,,,,,,,,,,,,,,,,62.50%,70.00%,,,,,,,,,,,,,71.50%,77.80%,72.60%,77.40%,79.30%,72.10%,,,,,,,,,,,,,,,Wick CCW,40,Freeze CCW,86.1
Teri Udle,81.00%,79.10%,80.40%,65.40%,355,"{""Lead"": {""start"": ""2016-02-20"", ""end"": ""2016-11-18"", ""count"": 11}}","{""NS (Flemming)"": {""start"": ""2016-11-14"", ""end"": ""2016-11-18"", ""count"": 5}, ""NS (Brothers)"": {""start"": ""2016-02-20"", ""end"": ""2016-02-25"", ""count"": 6}}",Right,1981,"Amherst, NS","Halifax, NS","Communications Specialist, Jazz Aviation LP",,,90.70%,88.70%,87.50%,75.00%,81.00%,78.10%,85.00%,70.80%,76.90%,86.00%,50.00%,50.00%,87.50%,,,,0.00%,55.00%,17.90%,16.70%,,,98.10%,91.70%,,0.00%,90.90%,75.00%,,,50.00%,,,,,,,,,,31.20%,16.70%,,,0.98,0.38,88,86,27.3,36,25.6,21.6,5.7,7,1,14.3,10,1,10,,,,,,,,,,,,,,,,,,,,,,,,,,,,,,,,,84.10%,67.40%,,,,,,,,,,,,,,,,,,,Raise CW,0,Guard CW,87.5
Terry Odishaw,77.80%,75.50%,76.60%,64.90%,333,"{""Fourth"": {""start"": ""2012-03-03"", ""end"": ""2019-03-06"", ""count"": 11}}","{""NB (Odishaw)"": {""start"": ""2012-03-03"", ""end"": ""2012-03-08"", ""count"": 6}, ""NB"": {""start"": ""2019-03-02"", ""end"": ""2019-03-06"", ""count"": 5}}",Right,,,,,,,,,90.00%,92.50%,72.10%,81.70%,25.00%,81.20%,81.80%,83.90%,91.20%,58.90%,,,63.20%,51.20%,70.00%,51.70%,,,,,,,,,75.00%,75.00%,,,72.50%,,,16.70%,,,0.00%,25.00%,50.00%,,,,,,0.99,0.39,80,85,27.5,36.5,27.1,27.5,0,7,1,14.3,6,1,16.7,,,,,,,,,,,,,,,,,,,,,,,,,76.60%,75.70%,,,,,,,,,,,,,83.50%,74.40%,,,,,,,,,,,,,Freeze CW,25,Guard CCW,92.5
Tetsuro Shimizu,81.40%,82.20%,81.80%,82.00%,2254,"{""Second"": {""start"": ""2014-03-29"", ""end"": ""2014-04-04"", ""count"": 7}, ""Third"": {""start"": ""2016-04-02"", ""end"": ""2021-12-16"", ""count"": 65}, ""Fourth"": {""start"": ""2024-03-30"", ""end"": ""2024-11-02"", ""count"": 13}}","{""JPN"": {""start"": ""2014-03-29"", ""end"": ""2014-04-04"", ""count"": 7}, ""Japan"": {""start"": ""2016-04-02"", ""end"": ""2021-12-16"", ""count"": 53}, ""JPN (Morozumi)"": {""start"": ""2018-02-14"", ""end"": ""2018-02-21"", ""count"": 7}, ""Matsumura"": {""start"": ""2021-10-19"", ""end"": ""2021-10-23"", ""count"": 5}, ""JPN (Abe)"": {""start"": ""2024-03-30"", ""end"": ""2024-11-02"", ""count"": 13}}",Right,1988,"Karuizawa, JPN","Karuizawa, JPN",,,,95.00%,98.00%,93.00%,89.90%,79.50%,78.30%,91.70%,77.30%,82.20%,86.00%,81.00%,79.00%,94.00%,93.70%,71.40%,77.30%,72.20%,67.30%,,75.00%,65.60%,70.50%,87.50%,97.90%,79.20%,86.80%,81.70%,69.40%,,66.70%,86.70%,90.90%,90.60%,75.00%,90.70%,95.90%,41.70%,87.50%,70.00%,81.20%,,,66.70%,75.00%,1.14,0.29,539,564,34.7,34.8,19.5,18.6,16.1,48,8,16.7,54,1,1.9,,,,,,,,,,,,,,,,,,,,,,,,,,,,,84.30%,81.20%,,,81.00%,87.70%,84.40%,80.10%,81.30%,84.40%,86.10%,82.70%,,,82.10%,79.60%,,,,,78.40%,76.10%,,,Promotion CW,65.6,Guard CW,93
Thea Coburn,76.80%,70.90%,73.80%,78.90%,335,"{""Third"": {""start"": ""2016-01-23"", ""end"": ""2016-01-29"", ""count"": 7}, ""Fourth"": {""start"": ""2019-01-19"", ""end"": ""2019-01-24"", ""count"": 6}}","{""ON"": {""start"": ""2016-01-23"", ""end"": ""2019-01-24"", ""count"": 13}}",Right,1998,,,,,,75.00%,75.00%,93.20%,91.70%,74.20%,62.50%,87.50%,87.50%,79.00%,76.60%,82.80%,67.30%,,,33.30%,66.70%,72.50%,37.50%,,,,,,,,75.00%,87.50%,95.80%,87.50%,,66.70%,83.30%,,75.00%,,,25.00%,58.30%,,50.00%,,,,,1.1,0.49,82,84,30.5,35.7,28.6,29.3,1.2,10,1,10,9,0,0,,,,,,,,,,,,,,,,,,,,,,,,,,,,,,,,,75.40%,74.60%,,,,,73.90%,71.50%,,,,,,,,,,,,,Double CW,33.3,Guard CW,93.2
Theresa Cannon,84.30%,82.20%,83.40%,72.20%,397,"{""Lead"": {""start"": ""2017-11-06"", ""end"": ""2019-02-02"", ""count"": 14}}","{""Robertson"": {""start"": ""2017-11-06"", ""end"": ""2019-01-27"", ""count"": 9}, ""Darcy Robertson"": {""start"": ""2018-01-14"", ""end"": ""2018-01-14"", ""count"": 1}, ""Canada"": {""start"": ""2019-01-30"", ""end"": ""2019-02-02"", ""count"": 4}}",Right,,,,,,,92.40%,89.90%,84.40%,95.80%,75.40%,76.20%,41.70%,91.70%,83.30%,78.10%,87.50%,75.00%,,50.00%,,,0.00%,81.20%,50.00%,0.00%,,,98.80%,92.50%,,75.00%,95.00%,91.70%,25.00%,,,0.00%,,,,,,,,,,,,,1.02,0.22,100,97,31,28.9,17.5,28,3,13,2,15.4,3,0,0,,,,,,,,,,,,,,,,,,,,,,,,,,,,,,,,,,,88.50%,88.70%,81.70%,64.50%,88.20%,72.10%,,,,,,,,,,,,,Raise CW,0,Guard CCW,95.8
Thomas Howell,85.10%,87.30%,86.50%,93.90%,1198,"{""Lead"": {""start"": ""2022-10-07"", ""end"": ""2025-04-09"", ""count"": 45}, ""Third"": {""start"": ""2022-11-03"", ""end"": ""2025-04-11"", ""count"": 19}, ""Second"": {""start"": ""2024-10-01"", ""end"": ""2024-10-02"", ""count"": 2}}","{""Dropkin"": {""start"": ""2022-10-07"", ""end"": ""2025-04-11"", ""count"": 49}, ""USA (Dropkin)"": {""start"": ""2022-10-30"", ""end"": ""2025-04-04"", ""count"": 14}}",Right,1994,"Newton, MA","Milwaukee, WI","Sales Executive Associate, FIS",,Marquette University,95.90%,93.80%,96.00%,86.70%,83.10%,85.80%,79.20%,80.40%,89.00%,89.10%,78.40%,76.70%,91.70%,,79.50%,76.80%,71.40%,65.00%,83.30%,,65.00%,70.30%,96.70%,93.20%,91.70%,84.10%,89.30%,82.00%,58.30%,,,,93.80%,,83.30%,,,,,,,,,,1.03,0.17,294,281,29.6,32.7,14.2,21.1,8.5,36,2,5.6,21,1,4.8,,,,,,,,,,,,,,,,,,,,,,,,,,,,,,,,,,,,,,,,,,,,,90.70%,88.60%,90.10%,81.70%,85.30%,85.40%,84.00%,80.50%,Raise CCW,65,Guard CW,96
Thomas Muirhead,84.70%,83.40%,83.90%,83.60%,604,"{""Third"": {""start"": ""2013-02-28"", ""end"": ""2018-02-22"", ""count"": 25}}","{""SCO"": {""start"": ""2013-02-28"", ""end"": ""2013-03-10"", ""count"": 9}, ""Scotland"": {""start"": ""2017-11-18"", ""end"": ""2017-11-25"", ""count"": 7}, ""GBR (Smith)"": {""start"": ""2018-02-14"", ""end"": ""2018-02-22"", ""count"": 9}}",Right,1995,,,,,,,,,84.10%,75.00%,76.10%,,,98.80%,92.30%,77.60%,78.90%,89.30%,92.80%,81.80%,78.40%,61.40%,61.10%,,75.00%,64.70%,54.70%,,,,,56.20%,66.70%,,,,92.90%,75.00%,75.00%,90.00%,,,90.00%,,,,50.00%,,25.00%,1.09,0.3,144,152,34,29.6,19.7,13.2,20.8,10,4,40,14,1,7.1,,,,,,,,,,,,,,,,,,,,,,,,,,,84.80%,83.90%,,,,,,,80.30%,87.30%,75.80%,84.20%,,,,,,,,,,,,,,,Promotion CCW,54.7,Take-out CW,98.8
Thomas Scoffin,77.60%,75.00%,76.30%,79.50%,1160,"{""Fourth"": {""start"": ""2016-03-20"", ""end"": ""2025-03-06"", ""count"": 43}}","{""ALB"": {""start"": ""2016-03-20"", ""end"": ""2016-03-23"", ""count"": 4}, ""UofA (Scoffin)"": {""start"": ""2017-03-18"", ""end"": ""2017-03-22"", ""count"": 5}, ""YT"": {""start"": ""2018-03-03"", ""end"": ""2018-03-09"", ""count"": 6}, ""YT (Scoffin)"": {""start"": ""2020-02-29"", ""end"": ""2024-03-07"", ""count"": 23}, ""YK (Scoffin)"": {""start"": ""2025-03-01"", ""end"": ""2025-03-06"", ""count"": 5}}",Right,1994,"Sudbury, ON","Whitehorse, YK",Student,,University of Alberta,,75.00%,91.00%,83.00%,75.40%,72.20%,67.70%,77.20%,82.10%,79.30%,74.50%,75.00%,86.80%,86.70%,64.80%,49.30%,73.40%,77.40%,,,,,,,,87.50%,89.50%,80.80%,87.50%,83.30%,68.30%,78.90%,87.50%,90.60%,41.70%,,62.50%,33.30%,85.00%,95.00%,,,,,0.99,0.31,280,299,25.7,29.1,20.1,25,0.7,38,4,10.5,20,2,10,,,,,,,,,,,,,,,,,,,,,,,,,,,,,,,,,84.00%,80.30%,81.80%,83.10%,72.50%,77.00%,,,64.40%,69.80%,,,76.30%,76.30%,71.70%,73.70%,71.60%,75.60%,78.40%,78.10%,Double CCW,49.3,Guard CW,91
Thomas Ulsrud,82.70%,84.70%,83.70%,74.80%,1947,"{""Fourth"": {""start"": ""2010-02-16"", ""end"": ""2019-11-21"", ""count"": 71}}","{""NOR"": {""start"": ""2010-02-16"", ""end"": ""2015-11-27"", ""count"": 34}, ""Norway"": {""start"": ""2016-04-02"", ""end"": ""2019-11-21"", ""count"": 30}, ""NOR (Ulsrud)"": {""start"": ""2018-02-14"", ""end"": ""2018-02-21"", ""count"": 7}}",Right,1972,"Oslo, NOR","Oslo, NOR",,,,,80.00%,91.20%,89.40%,82.90%,85.50%,50.00%,63.90%,86.30%,91.60%,81.10%,72.10%,94.70%,94.90%,75.90%,76.60%,61.40%,77.00%,79.20%,70.00%,64.00%,71.90%,,,89.30%,82.50%,81.90%,80.90%,37.50%,,89.30%,96.90%,,87.50%,96.90%,,90.00%,46.40%,0.00%,55.00%,,50.00%,33.30%,79.20%,1.19,0.25,452,512,36.3,40.4,18.9,13.5,22.8,24,6,25,55,2,3.6,,,,,,,,,,,,,,,,,,,,,86.30%,85.10%,,,,,,,87.70%,84.20%,75.00%,82.80%,82.20%,84.50%,83.70%,83.50%,76.70%,80.90%,83.70%,78.60%,,,,,,,,,,,,,Freeze CW,50,Take-out CCW,91.6
Tim March,88.20%,88.00%,88.10%,84.70%,1886,"{""Lead"": {""start"": ""2015-12-02"", ""end"": ""2024-10-04"", ""count"": 76}, ""Second"": {""start"": ""2022-03-09"", ""end"": ""2023-09-28"", ""count"": 3}}","{""Epping"": {""start"": ""2015-12-02"", ""end"": ""2017-12-08"", ""count"": 15}, ""Jones"": {""start"": ""2017-08-25"", ""end"": ""2017-08-25"", ""count"": 1}, ""ON"": {""start"": ""2018-03-03"", ""end"": ""2018-03-11"", ""count"": 9}, ""Howard"": {""start"": ""2019-11-27"", ""end"": ""2024-10-04"", ""count"": 30}, ""WC2 (Howard)"": {""start"": ""2020-02-28"", ""end"": ""2020-02-28"", ""count"": 1}, ""WC3 (Howard)"": {""start"": ""2021-03-06"", ""end"": ""2021-03-13"", ""count"": 8}, ""ON (Howard)"": {""start"": ""2022-03-04"", ""end"": ""2024-03-07"", ""count"": 13}}",Right,1987,"Toronto, ON","Toronto, ON","Student, CMA Ontario",Sir Oliver Mowat C.I.,Ryerson University,94.50%,94.90%,88.40%,85.80%,84.90%,85.40%,84.00%,86.20%,78.90%,82.20%,72.20%,73.30%,,95.00%,75.00%,43.80%,81.90%,71.40%,50.00%,82.10%,,,94.70%,96.80%,93.80%,,88.70%,85.80%,,75.00%,66.70%,81.20%,,62.50%,,,,,,,50.00%,75.00%,,,1.09,0.24,463,458,33.5,37.6,16.4,18.8,14.7,40,7,17.5,44,3,6.8,,,,,,,,,,,,,,,,,,,,,,,,,,,,,,,89.50%,87.50%,90.40%,90.00%,90.60%,63.90%,90.60%,83.30%,86.00%,62.50%,92.60%,100.00%,86.90%,80.10%,90.30%,79.50%,81.20%,58.30%,90.20%,71.10%,,,Double CCW,43.8,Guard CW,88.4
Timur Gadzhikhanov,80.40%,78.50%,79.50%,79.10%,466,"{""Third"": {""start"": ""2015-02-28"", ""end"": ""2017-02-03"", ""count"": 5}, ""Second"": {""start"": ""2016-11-19"", ""end"": ""2017-04-06"", ""count"": 13}, ""Fourth"": {""start"": ""2016-03-08"", ""end"": ""2016-03-08"", ""count"": 1}}","{""RUS"": {""start"": ""2015-02-28"", ""end"": ""2015-03-03"", ""count"": 3}, ""Russia"": {""start"": ""2016-11-19"", ""end"": ""2017-04-06"", ""count"": 13}, ""RUS (Gadzhikhanov)"": {""start"": ""2016-03-08"", ""end"": ""2016-03-08"", ""count"": 1}, ""RUS (Timofeev)"": {""start"": ""2017-01-30"", ""end"": ""2017-02-03"", ""count"": 2}}",Right,,,,,,,85.30%,95.20%,70.80%,87.50%,81.40%,69.00%,,62.50%,90.00%,68.00%,65.30%,86.10%,86.10%,95.80%,58.90%,56.20%,77.30%,90.00%,,,50.00%,50.00%,95.00%,,41.70%,,81.20%,68.80%,,,87.50%,,,,87.50%,83.30%,50.00%,75.00%,,,,,,,0.96,0.24,112,115,25.9,32.2,18.3,25.9,0,17,2,11.8,5,1,20,,,,,,,,,,,,,,,,,,,,,,,,,,,,,,,70.20%,65.50%,85.10%,83.70%,74.10%,80.40%,,,,,,,,,,,,,,,,,Promotion CW,50,Take-out CW,90
Tom Brewster,83.90%,81.50%,82.50%,74.20%,405,"{""Lead"": {""start"": ""2014-11-23"", ""end"": ""2014-11-23"", ""count"": 1}, ""Fourth"": {""start"": ""2016-04-02"", ""end"": ""2016-11-23"", ""count"": 11}}","{""SCO"": {""start"": ""2014-11-23"", ""end"": ""2014-11-23"", ""count"": 1}, ""Scotland"": {""start"": ""2016-04-02"", ""end"": ""2016-11-23"", ""count"": 11}}",Right,1974,"St. Andrews, SCO","Aberdeen, SCO","Manager, Curl Aberdeen",Lockerbie,,,87.50%,87.50%,89.30%,80.00%,78.00%,79.20%,75.00%,92.30%,88.00%,75.00%,86.10%,95.00%,82.10%,82.40%,78.40%,40.00%,95.00%,0.00%,,78.10%,51.80%,,,,,71.90%,83.30%,,75.00%,,58.30%,0.00%,,,50.00%,,,,,,,50.00%,50.00%,1.01,0.18,96,104,31.2,27.9,14.4,14.6,16.6,3,0,0,7,1,14.3,,,,,,,,,,,,,,,,,,,,,,,,,,,,,85.70%,50.00%,,,80.30%,83.50%,,,,,,,,,,,,,,,,,,,Wick CW,0,Raise CCW,95
Tom Fetterly,86.00%,85.60%,85.90%,84.20%,200,"{""Lead"": {""start"": ""2001-03-03"", ""end"": ""2001-03-08"", ""count"": 6}}","{""NS (Dacey)"": {""start"": ""2001-03-03"", ""end"": ""2001-03-08"", ""count"": 6}}",Right,1953,,,,,,91.90%,97.20%,80.90%,87.50%,93.10%,64.30%,69.10%,87.50%,83.30%,87.50%,81.20%,79.20%,,80.00%,62.50%,75.00%,85.70%,85.00%,0.00%,,,,,,75.00%,,95.00%,37.50%,75.00%,,,,,75.00%,,,,,,,,,,,0.9,0.26,51,46,29.4,45.7,19.6,25.5,3.9,5,0,0,5,0,0,,,87.90%,78.50%,,,,,,,,,,,,,,,,,,,,,,,,,,,,,,,,,,,,,,,,,,,,,,,,,Wick CW,0,Draw CW,93.1
Tom Shypitka,79.00%,72.90%,76.20%,78.50%,208,"{""Third"": {""start"": ""2010-03-06"", ""end"": ""2010-03-11"", ""count"": 6}}","{""BC (Richard)"": {""start"": ""2010-03-06"", ""end"": ""2010-03-11"", ""count"": 6}}",Left,1962,"Cranbrook, BC",,,,,,,86.70%,,87.50%,61.70%,70.00%,83.30%,80.20%,76.90%,82.40%,73.40%,71.40%,70.00%,50.00%,68.20%,72.20%,75.00%,,,,,,,81.20%,,,0.00%,,,87.50%,,,,75.00%,,,,62.50%,,,,,,1.22,0.15,49,52,36.7,34.6,11.5,14.3,22.4,4,0,0,4,1,25,,,,,,,,,,,,,,,,,,,,,80.10%,74.50%,,,,,,,,,,,,,,,,,,,,,,,,,,,,,,,Double CW,50,Draw CW,87.5
Torger Nergaard,84.00%,82.80%,83.50%,88.30%,2481,"{""Third"": {""start"": ""2010-02-16"", ""end"": ""2022-02-17"", ""count"": 91}}","{""NOR"": {""start"": ""2010-02-16"", ""end"": ""2015-11-27"", ""count"": 34}, ""Norway"": {""start"": ""2016-04-02"", ""end"": ""2021-12-16"", ""count"": 42}, ""NOR (Ulsrud)"": {""start"": ""2018-02-14"", ""end"": ""2018-02-21"", ""count"": 7}, ""NOR (Walstad)"": {""start"": ""2022-02-09"", ""end"": ""2022-02-17"", ""count"": 8}}",Right,1975,"Trondheim, NOR","Oslo, NOR",,,,93.80%,90.70%,90.30%,88.90%,79.60%,79.90%,54.50%,91.70%,90.20%,83.20%,79.20%,79.00%,95.20%,96.70%,73.40%,73.70%,78.00%,78.10%,66.70%,75.00%,72.30%,67.20%,,,94.70%,87.50%,78.80%,84.40%,,,78.10%,86.10%,88.90%,75.00%,94.00%,,,75.00%,52.80%,95.00%,,,,,1.19,0.26,560,649,35.4,38.5,19.3,13.2,22.2,31,6,19.4,66,2,3,,,,,,,,,,,,,,,,,,,,,75.90%,81.60%,,,,,,,85.30%,86.00%,93.80%,91.90%,84.40%,88.50%,81.90%,83.60%,85.30%,81.40%,78.60%,81.50%,,,77.50%,79.40%,86.90%,82.50%,,,,,,,Freeze CW,54.5,Freeze CCW,91.7
Tori Koana,70.80%,72.00%,71.40%,75.90%,372,"{""Fourth"": {""start"": ""2018-03-17"", ""end"": ""2021-10-22"", ""count"": 15}}","{""Japan"": {""start"": ""2018-03-17"", ""end"": ""2019-02-02"", ""count"": 11}, ""Koana"": {""start"": ""2021-10-19"", ""end"": ""2021-10-22"", ""count"": 4}}",Right,1995,"Yamanashi, JPN","Yamanashi, JPN","Company employee, Fujikyu",,,91.70%,,78.80%,83.30%,69.50%,72.30%,50.00%,68.80%,78.50%,75.00%,82.10%,65.20%,65.00%,91.70%,52.40%,70.00%,66.70%,60.90%,,,41.70%,75.00%,,,,,81.20%,87.50%,0.00%,,,,,43.80%,50.00%,,50.00%,,50.00%,,,,,,1.1,0.16,98,88,29.6,33,15.9,24.5,5.1,9,0,0,6,1,16.7,,,,,,,,,,,,,,,,,,,,,,,,,,,,,,,,,,,,,70.50%,75.20%,73.80%,68.80%,,,73.10%,59.90%,,,,,,,,,Promotion CW,41.7,Guard CCW,83.3
Tracey Lavery,74.30%,70.90%,72.80%,92.20%,270,"{""Second"": {""start"": ""2016-02-19"", ""end"": ""2016-02-26"", ""count"": 8}}","{""BC (Thompson)"": {""start"": ""2016-02-19"", ""end"": ""2016-02-26"", ""count"": 8}}",Left,1974,"Winnipeg, MB","Winnipeg, MB",Social Services,Miles Macdonald High School,University of Manitoba,88.60%,84.10%,83.80%,87.50%,65.40%,63.60%,56.20%,,75.50%,65.90%,60.70%,75.00%,81.80%,64.70%,71.40%,75.00%,50.00%,62.50%,,,,,93.80%,,,,,25.00%,,,,,,,95.80%,,,,,,,,,,0.95,0.18,74,57,28.4,35.1,12.3,25.7,2.7,9,1,11.1,2,0,0,,,,,,,,,,,,,,,,,,,,,,,,,,,,,,,,,73.90%,71.90%,,,,,,,,,,,,,,,,,,,Raise CW,50,Guard CCW,87.5
Tracy Fleury,81.00%,83.20%,82.10%,77.10%,4414,"{""Fourth"": {""start"": ""2015-12-02"", ""end"": ""2022-05-07"", ""count"": 71}, ""Third"": {""start"": ""2022-09-22"", ""end"": ""2025-04-13"", ""count"": 138}, ""Second"": {""start"": ""2024-09-27"", ""end"": ""2024-09-27"", ""count"": 1}}","{""Fleury"": {""start"": ""2015-12-02"", ""end"": ""2022-05-07"", ""count"": 49}, ""Canada"": {""start"": ""2018-12-05"", ""end"": ""2018-12-08"", ""count"": 4}, ""NO"": {""start"": ""2018-01-27"", ""end"": ""2018-02-03"", ""count"": 8}, ""MB (Fleury)"": {""start"": ""2019-02-16"", ""end"": ""2019-02-21"", ""count"": 6}, ""WC#2"": {""start"": ""2020-02-14"", ""end"": ""2020-02-14"", ""count"": 1}, ""Homan"": {""start"": ""2022-09-22"", ""end"": ""2025-04-13"", ""count"": 98}, ""WC1 (Fleury)"": {""start"": ""2022-02-03"", ""end"": ""2022-02-05"", ""count"": 3}, ""ON (Homan)"": {""start"": ""2023-02-18"", ""end"": ""2024-02-25"", ""count"": 15}, ""CAN (Homan)"": {""start"": ""2024-03-16"", ""end"": ""2025-03-23"", ""count"": 25}}",Right,1986,"Sudbury, ON","Sudbury, ON",Chartered Accountant,,,75.00%,87.50%,90.60%,91.00%,78.10%,80.30%,76.00%,75.00%,85.70%,83.50%,75.90%,82.40%,91.70%,94.30%,73.00%,76.00%,60.30%,76.10%,,,63.30%,73.90%,37.50%,97.70%,94.00%,92.20%,71.70%,86.00%,83.30%,58.30%,83.00%,90.80%,80.80%,86.20%,91.40%,95.10%,76.70%,89.10%,60.70%,62.50%,,,62.50%,41.70%,1.29,0.37,1061,1090,41.2,38,26.1,15.5,25.7,52,18,34.6,151,2,1.3,,,,,,,,,,,,,,,,,,,,,,,,,,,,,,,68.20%,72.00%,70.70%,75.40%,88.90%,77.10%,79.30%,82.00%,74.20%,79.40%,87.50%,71.30%,79.70%,81.20%,74.20%,79.30%,82.90%,82.60%,88.10%,86.40%,87.70%,84.40%,Raise CW,60.3,Guard CCW,91
Trent Knapp,89.50%,89.60%,89.50%,88.40%,211,"{""Lead"": {""start"": ""2023-03-04"", ""end"": ""2023-05-05"", ""count"": 10}}","{""SK (Knapp)"": {""start"": ""2023-03-04"", ""end"": ""2023-03-09"", ""count"": 6}, ""Knapp"": {""start"": ""2023-05-02"", ""end"": ""2023-05-05"", ""count"": 4}}",Right,1989,,,,,,94.00%,95.50%,91.70%,95.00%,88.80%,86.40%,86.70%,,61.40%,81.20%,95.00%,,,,,,,,,,,,90.90%,,,,91.70%,75.00%,50.00%,,,,,,,,,,,,,,,,0.78,0.26,46,58,13,25.9,22.4,30.4,-17.4,9,1,11.1,3,1,33.3,,,,,,,,,,,,,,,,,,,,,,,,,,,,,,,,,,,,,,,,,,,,,,,91.30%,75.00%,,,,,Take-out CW,61.4,Guard CCW,95
Trevor Bonot,79.40%,83.10%,81.30%,85.60%,332,"{""Fourth"": {""start"": ""2016-11-13"", ""end"": ""2024-03-07"", ""count"": 12}}","{""NO (Bonot)"": {""start"": ""2016-11-13"", ""end"": ""2024-03-07"", ""count"": 12}}",Right,1985,"Stratton, ON","Thunder Bay, ON","Business Development, Skyway Canada Limited",Rainy River High School,Lakehead University,,,75.00%,84.40%,73.30%,84.40%,80.00%,87.50%,79.30%,79.00%,82.80%,82.90%,,,81.20%,90.00%,78.60%,71.90%,,,,,,,,,67.90%,56.20%,,,80.00%,87.50%,,,,,75.00%,,,75.00%,,,,,1.26,0.33,74,87,35.1,31,21.8,5.4,29.7,4,1,25,13,0,0,,,,,,,,,,,,,,,,,,,,,,,,,,,,,,,,,75.40%,85.00%,,,,,,,,,,,,,,,84.50%,78.00%,,,Raise CCW,71.9,Double CCW,90
Trevor Johnson,81.90%,84.70%,83.60%,83.60%,1369,"{""Third"": {""start"": ""2017-01-21"", ""end"": ""2020-01-25"", ""count"": 32}, ""Lead"": {""start"": ""2023-09-27"", ""end"": ""2025-03-06"", ""count"": 27}}","{""SK (Kleiter)"": {""start"": ""2017-01-21"", ""end"": ""2025-03-06"", ""count"": 17}, ""SK"": {""start"": ""2018-01-13"", ""end"": ""2020-01-25"", ""count"": 21}, ""Kleiter"": {""start"": ""2023-09-27"", ""end"": ""2025-01-17"", ""count"": 21}}",Right,1999,"Saskatoon, SK","Saskatoon, SK","RV Manufacturing Technician, Pleasure-Way Ind",Holy Cross,,90.40%,93.60%,91.70%,83.00%,76.50%,85.10%,81.60%,81.70%,81.50%,79.80%,83.20%,76.40%,87.20%,93.20%,66.00%,65.70%,81.70%,87.50%,,,,,85.00%,93.10%,,92.90%,82.50%,91.10%,,83.30%,75.00%,65.40%,,83.30%,92.90%,88.60%,91.70%,50.00%,62.50%,,,,,,0.99,0.45,328,342,29,30.7,27.5,21.3,7.7,27,3,11.1,35,3,8.6,,,,,,,,,,,,,,,,,,,,,,,,,,,,,,,,,,,82.00%,83.00%,84.60%,80.80%,72.60%,78.60%,81.00%,81.20%,,,,,89.10%,90.60%,90.80%,90.60%,89.70%,68.80%,Double CCW,65.7,Guard CW,91.7
Trevor Wall,85.50%,89.40%,88.60%,91.00%,196,"{""Lead"": {""start"": ""2004-03-06"", ""end"": ""2004-03-11"", ""count"": 6}}","{""ON (Harris)"": {""start"": ""2004-03-06"", ""end"": ""2004-03-11"", ""count"": 6}}",Right,1974,"Halifax, NS",,,,,97.90%,94.30%,,86.40%,85.90%,87.80%,75.00%,75.00%,75.00%,85.70%,50.00%,,,,,,0.00%,83.30%,,,,,,,,,75.00%,70.80%,,,,,,,,,,,,,,,,,1.33,0.26,46,53,43.5,47.2,20.8,21.7,21.8,2,0,0,6,2,33.3,,,,,,,,,90.00%,79.20%,,,,,,,,,,,,,,,,,,,,,,,,,,,,,,,,,,,,,,,,,,,Raise CW,0,Draw CCW,87.8
Tristan Steinke,81.90%,80.50%,81.20%,88.60%,676,"{""Third"": {""start"": ""2016-01-23"", ""end"": ""2022-10-18"", ""count"": 17}, ""Lead"": {""start"": ""2016-03-22"", ""end"": ""2016-03-22"", ""count"": 1}, ""Second"": {""start"": ""2016-03-22"", ""end"": ""2017-03-22"", ""count"": 6}}","{""AB"": {""start"": ""2016-01-23"", ""end"": ""2016-01-29"", ""count"": 7}, ""ALB"": {""start"": ""2016-03-22"", ""end"": ""2016-03-22"", ""count"": 1}, ""UofA (Scoffin)"": {""start"": ""2017-03-18"", ""end"": ""2017-03-22"", ""count"": 5}, ""ALTA"": {""start"": ""2018-03-24"", ""end"": ""2018-03-28"", ""count"": 5}, ""Sturmay"": {""start"": ""2021-10-26"", ""end"": ""2021-10-29"", ""count"": 4}, ""Webb"": {""start"": ""2022-10-18"", ""end"": ""2022-10-18"", ""count"": 1}}",Right,1995,,,,,,96.40%,93.30%,87.00%,88.70%,76.30%,75.30%,75.00%,79.50%,81.40%,83.40%,75.70%,69.90%,94.40%,90.50%,76.80%,68.40%,72.90%,56.20%,,,,,,,75.00%,93.80%,75.00%,82.10%,,87.50%,,87.50%,,,90.40%,90.00%,62.50%,87.50%,75.00%,,,,,,1.23,0.34,156,176,37.8,34.1,21,16.7,21.1,14,2,14.3,14,0,0,,,,,,,,,,,,,,,,,,,,,,,,,,,,,,,,,82.00%,82.90%,81.30%,77.70%,82.70%,87.20%,,,,,76.90%,74.10%,25.00%,76.70%,,,,,,,Raise CCW,56.2,Guard CCW,88.7
Troels Harry,79.60%,84.90%,83.40%,79.30%,857,"{""Lead"": {""start"": ""2014-02-10"", ""end"": ""2016-11-23"", ""count"": 31}}","{""DEN"": {""start"": ""2014-02-10"", ""end"": ""2014-11-26"", ""count"": 18}, ""Denmark"": {""start"": ""2016-04-02"", ""end"": ""2016-11-23"", ""count"": 13}}",Right,1991,"Hvidovre, DEN","Hvidovre, DEN","Student, Cooenhagen School of Design and Technology",Bruendby Gymnasium,,87.90%,90.10%,80.00%,91.70%,73.00%,81.30%,,78.10%,92.30%,87.20%,72.50%,76.20%,,,50.00%,64.30%,50.00%,75.00%,50.00%,43.80%,75.00%,75.00%,87.50%,89.80%,,93.80%,56.20%,92.60%,,,,,,75.00%,,,,,,75.00%,,43.80%,,,1,0.2,206,212,28.2,28.8,14.6,21.4,6.8,24,4,16.7,14,6,42.9,,,,,,,,,,,,,,,,,,,,,,,,,,,,,82.40%,76.70%,,,87.90%,78.00%,,,,,,,,,,,,,,,,,,,Wick CCW,43.8,Take-out CW,92.3
Tsuyoshi Yamaguchi,82.50%,82.30%,82.40%,89.10%,1332,"{""Third"": {""start"": ""2014-03-29"", ""end"": ""2025-04-04"", ""count"": 27}, ""Second"": {""start"": ""2016-04-02"", ""end"": ""2018-02-21"", ""count"": 25}}","{""JPN"": {""start"": ""2014-03-29"", ""end"": ""2014-04-04"", ""count"": 7}, ""Japan"": {""start"": ""2016-04-02"", ""end"": ""2017-11-08"", ""count"": 18}, ""JPN (Morozumi)"": {""start"": ""2018-02-14"", ""end"": ""2018-02-21"", ""count"": 7}, ""Yanagisawa"": {""start"": ""2023-10-17"", ""end"": ""2024-10-05"", ""count"": 13}, ""JPN (Yamaguchi)"": {""start"": ""2025-03-29"", ""end"": ""2025-04-04"", ""count"": 7}}",Right,1985,"Hokkaidoo, JPN","Karuizawa, JPN",Fitness instructor,,,93.00%,89.60%,89.00%,90.80%,77.50%,78.50%,,86.50%,85.90%,81.70%,76.40%,75.50%,93.80%,93.60%,75.60%,77.90%,75.00%,70.10%,,,72.60%,79.60%,90.00%,92.20%,93.80%,95.80%,76.80%,78.90%,,91.70%,83.30%,75.00%,75.00%,91.70%,98.90%,97.90%,,87.50%,75.00%,,,,,,1.07,0.23,336,311,33,36.7,16.1,21.1,11.9,30,5,16.7,25,1,4,,,,,,,,,,,,,,,,,,,,,,,,,,,,,77.90%,84.30%,,,85.60%,86.60%,82.30%,81.40%,85.80%,84.80%,,,,,,,,,84.60%,76.60%,72.70%,81.50%,83.70%,79.40%,Raise CCW,70.1,Guard CCW,90.8
Ty Dilello,80.10%,75.50%,77.90%,83.20%,437,"{""Second"": {""start"": ""2018-03-24"", ""end"": ""2018-03-28"", ""count"": 5}, ""Third"": {""start"": ""2023-09-27"", ""end"": ""2023-10-21"", ""count"": 7}, ""Fourth"": {""start"": ""2025-02-28"", ""end"": ""2025-03-06"", ""count"": 6}}","{""WPG"": {""start"": ""2018-03-24"", ""end"": ""2018-03-28"", ""count"": 5}, ""Wiebe"": {""start"": ""2023-09-27"", ""end"": ""2023-10-21"", ""count"": 7}, ""NL (Dilello)"": {""start"": ""2025-02-28"", ""end"": ""2025-03-06"", ""count"": 6}}",Left,1993,"Winnipeg, MB","Winnipeg, MB","Writer/Author, International Ice Hockey Federation",,,72.50%,94.40%,88.20%,93.20%,69.50%,61.40%,91.70%,,87.70%,82.10%,82.50%,71.00%,91.70%,95.30%,76.40%,56.70%,58.30%,75.00%,,,,,,,87.50%,,80.00%,56.20%,,,79.20%,,87.50%,,25.00%,,,,50.00%,,,,,,0.74,0.32,112,101,21.4,30.7,21.8,26.8,-5.4,10,3,30,7,0,0,,,,,,,,,,,,,,,,,,,,,,,,,,,,,,,,,,,,,71.50%,81.70%,,,,,,,,,81.10%,83.80%,,,69.10%,78.20%,Double CCW,56.7,Guard CCW,93.2
Tyler George,82.20%,82.80%,82.50%,83.50%,682,"{""Third"": {""start"": ""2016-04-02"", ""end"": ""2018-02-24"", ""count"": 25}}","{""United States"": {""start"": ""2016-04-02"", ""end"": ""2017-04-09"", ""count"": 16}, ""USA (Shuster)"": {""start"": ""2018-02-14"", ""end"": ""2018-02-24"", ""count"": 9}}",Right,1982,"Duluth, MN","Duluth, MN","General Manager, Georges' Liquor",,,,,82.60%,87.50%,81.40%,81.50%,25.00%,0.00%,88.30%,88.10%,79.90%,80.30%,80.40%,90.30%,82.50%,65.70%,76.40%,76.20%,,83.30%,67.60%,81.00%,,,91.70%,,83.30%,84.40%,,,,81.20%,87.50%,55.00%,78.10%,78.30%,,50.00%,83.30%,,,,,80.00%,1.26,0.28,160,170,41.2,34.1,20,17.5,23.7,11,1,9.1,14,0,0,,,,,,,,,,,,,,,,,,,,,,,,,,,,,,,,,85.60%,82.10%,82.30%,84.40%,77.80%,81.30%,,,,,,,,,,,,,,,Freeze CCW,0,Take-out CW,88.3
Tyler Lang,85.20%,83.40%,84.30%,83.80%,212,"{""Third"": {""start"": ""2012-03-03"", ""end"": ""2012-03-08"", ""count"": 6}}","{""SK (Manners)"": {""start"": ""2012-03-03"", ""end"": ""2012-03-08"", ""count"": 6}}",Right,,,,,,,,,94.20%,94.40%,82.80%,80.30%,87.50%,68.80%,85.90%,91.10%,79.40%,89.70%,92.50%,83.30%,70.00%,63.50%,77.50%,25.00%,,,,,,,87.50%,,75.00%,62.50%,,,50.00%,,,,,,,,62.50%,,,,,,0.93,0.17,56,47,21.4,46.8,14.9,17.9,3.5,7,1,14.3,2,0,0,,,,,,,,,,,,,,,,,,,,,,,,,86.10%,83.30%,,,,,,,,,,,,,,,,,,,,,,,,,,,Raise CCW,25,Guard CCW,94.4
Tyler Lautner,85.20%,80.00%,82.60%,89.00%,194,"{""Third"": {""start"": ""2017-01-21"", ""end"": ""2017-01-27"", ""count"": 7}}","{""AB (Goller)"": {""start"": ""2017-01-21"", ""end"": ""2017-01-27"", ""count"": 7}}",Right,1995,,,,,,,,80.80%,86.40%,89.00%,84.60%,50.00%,50.00%,87.50%,76.30%,79.20%,77.40%,88.90%,91.70%,66.70%,70.00%,75.00%,12.50%,,,,,,,70.00%,87.50%,93.80%,,,,75.00%,,,75.00%,,,,,,,,,,,1.31,0.27,39,52,35.9,34.6,19.2,15.4,20.5,4,1,25,4,0,0,,,,,,,,,,,,,,,,,,,,,,,,,,,,,,,,,,,85.90%,79.90%,,,,,,,,,,,,,,,,,Raise CCW,12.5,Draw CW,89
Tyler Mackenzie,80.30%,77.00%,78.70%,83.60%,341,"{""Third"": {""start"": ""2012-03-03"", ""end"": ""2012-03-08"", ""count"": 6}, ""Second"": {""start"": ""2015-11-08"", ""end"": ""2015-11-13"", ""count"": 6}}","{""PE (Gaudet)"": {""start"": ""2012-03-03"", ""end"": ""2012-03-08"", ""count"": 6}, ""PE (MacKenzie)"": {""start"": ""2015-11-08"", ""end"": ""2015-11-13"", ""count"": 6}}",Right,1984,"Summerside, PEI","Charlottetown, PEI",,,,88.30%,,92.60%,84.40%,82.40%,77.90%,70.70%,75.00%,82.60%,77.20%,71.20%,73.80%,90.00%,85.90%,78.10%,68.20%,69.20%,80.00%,,,,,89.30%,,90.00%,75.00%,91.70%,87.50%,,,,91.70%,,50.00%,,,,25.00%,50.00%,87.50%,,,,,1.02,0.24,80,86,25,30.2,19.8,26.2,-1.2,11,1,9.1,6,3,50,,,,,,,,,,,,,,,,,,,,,,,,,82.90%,73.20%,,,,,78.40%,85.20%,,,,,,,,,,,,,,,,,,,,,Double CCW,68.2,Guard CW,92.6
Tyler Orme,79.10%,78.40%,78.70%,73.70%,350,"{""Second"": {""start"": ""2010-03-06"", ""end"": ""2015-11-13"", ""count"": 12}}","{""BC (Richard)"": {""start"": ""2010-03-06"", ""end"": ""2010-03-11"", ""count"": 6}, ""BC (Joanisse)"": {""start"": ""2015-11-08"", ""end"": ""2015-11-13"", ""count"": 6}}",Right,,,,,,,93.30%,88.30%,75.00%,82.70%,75.00%,73.50%,79.70%,69.60%,83.10%,80.60%,71.60%,78.40%,88.20%,86.20%,70.00%,67.90%,69.40%,70.80%,,,,,92.90%,91.70%,,75.00%,12.50%,91.70%,,,,68.80%,,,50.00%,87.50%,,75.00%,50.00%,62.50%,,,,,1.16,0.23,82,86,32.9,32.6,16.3,17.1,15.8,8,2,25,7,1,14.3,,,,,,,,,,,,,,,,,,,,,77.90%,82.10%,,,,,,,,,79.40%,72.10%,,,,,,,,,,,,,,,,,,,,,Double CCW,67.9,Take-out CW,83.1
Tyler Smith,75.40%,76.40%,76.00%,77.60%,1579,"{""Third"": {""start"": ""2016-11-14"", ""end"": ""2021-03-11"", ""count"": 17}, ""Fourth"": {""start"": ""2017-01-21"", ""end"": ""2025-03-06"", ""count"": 49}, ""Lead"": {""start"": ""2018-01-14"", ""end"": ""2018-01-14"", ""count"": 1}}","{""PE (Smith)"": {""start"": ""2016-11-14"", ""end"": ""2024-03-07"", ""count"": 30}, ""NB"": {""start"": ""2018-01-13"", ""end"": ""2018-01-19"", ""count"": 7}, ""PE"": {""start"": ""2019-01-19"", ""end"": ""2020-01-24"", ""count"": 13}, ""PE (MacKenzie)"": {""start"": ""2021-03-07"", ""end"": ""2021-03-11"", ""count"": 5}, ""Smith"": {""start"": ""2024-10-01"", ""end"": ""2024-10-03"", ""count"": 3}, ""PEI (Smith)"": {""start"": ""2025-03-01"", ""end"": ""2025-03-06"", ""count"": 6}}",Right,,,,,,,97.20%,,87.50%,85.90%,74.10%,73.40%,77.10%,62.50%,76.70%,78.20%,76.40%,75.00%,93.40%,91.40%,61.10%,71.60%,62.10%,71.70%,,,,,,,75.00%,83.30%,79.50%,80.40%,81.20%,75.00%,77.00%,80.60%,85.00%,65.60%,,88.90%,18.80%,75.00%,65.00%,66.70%,,,,,1.02,0.32,381,385,27,33.8,20,29.9,-2.9,49,3,6.1,28,3,10.7,,,,,,,,,,,,,,,,,,,,,,,,,,,,,,,,,65.70%,75.00%,75.40%,74.10%,85.20%,82.10%,73.80%,75.70%,76.80%,80.80%,80.40%,77.50%,60.70%,68.20%,67.70%,72.40%,83.00%,79.20%,75.90%,76.10%,Double CW,61.1,Guard CW,87.5
Tyler Tardi,81.60%,81.10%,81.40%,80.50%,3436,"{""Fourth"": {""start"": ""2016-01-23"", ""end"": ""2021-10-30"", ""count"": 58}, ""Second"": {""start"": ""2021-03-08"", ""end"": ""2025-04-12"", ""count"": 28}, ""Lead"": {""start"": ""2021-03-11"", ""end"": ""2025-04-04"", ""count"": 2}, ""Third"": {""start"": ""2021-04-15"", ""end"": ""2025-03-03"", ""count"": 88}}","{""BC"": {""start"": ""2016-01-23"", ""end"": ""2019-01-27"", ""count"": 25}, ""BC (Tardi)"": {""start"": ""2017-01-22"", ""end"": ""2017-04-22"", ""count"": 12}, ""Canada"": {""start"": ""2017-02-16"", ""end"": ""2019-02-23"", ""count"": 16}, ""BC (Laycock)"": {""start"": ""2021-03-08"", ""end"": ""2021-03-11"", ""count"": 2}, ""Tardi"": {""start"": ""2021-10-26"", ""end"": ""2021-10-30"", ""count"": 5}, ""McEwen"": {""start"": ""2021-04-15"", ""end"": ""2021-04-25"", ""count"": 8}, ""Dunstone"": {""start"": ""2021-11-02"", ""end"": ""2021-11-06"", ""count"": 5}, ""Gunnlaugson"": {""start"": ""2022-05-03"", ""end"": ""2022-05-07"", ""count"": 4}, ""Koe"": {""start"": ""2022-09-22"", ""end"": ""2024-11-08"", ""count"": 58}, ""AB (Koe)"": {""start"": ""2023-03-04"", ""end"": ""2025-03-06"", ""count"": 13}, ""AB-K (Koe)"": {""start"": ""2024-03-01"", ""end"": ""2024-03-07"", ""count"": 7}, ""Jacobs"": {""start"": ""2025-04-08"", ""end"": ""2025-04-12"", ""count"": 4}, ""CAN (Jacobs)"": {""start"": ""2025-04-04"", ""end"": ""2025-04-04"", ""count"": 1}}",Left,1998,,,,,,85.70%,95.70%,91.80%,88.20%,78.50%,79.80%,79.20%,76.60%,85.10%,84.10%,79.90%,77.40%,93.50%,95.90%,71.40%,67.10%,70.70%,75.70%,,0.00%,67.70%,67.30%,96.40%,,95.00%,94.20%,74.50%,82.50%,78.10%,76.80%,85.20%,84.00%,78.80%,86.50%,92.80%,,58.30%,75.00%,83.30%,77.80%,,,66.70%,25.00%,1.13,0.33,803,815,35.7,30.3,22.8,19.2,16.5,60,12,20,88,5,5.7,,,,,,,,,,,,,,,,,,,,,,,,,,,,,,,,,77.70%,78.30%,79.70%,76.80%,81.70%,82.40%,76.80%,84.50%,,,82.60%,81.10%,82.60%,83.30%,82.00%,83.40%,78.60%,80.40%,88.20%,84.40%,Wick CCW,0,Guard CW,91.8
Uliana Vasileva,77.00%,75.30%,76.10%,75.00%,488,"{""Fourth"": {""start"": ""2015-03-03"", ""end"": ""2016-03-10"", ""count"": 5}, ""Third"": {""start"": ""2016-11-19"", ""end"": ""2018-02-19"", ""count"": 15}, ""Lead"": {""start"": ""2019-03-19"", ""end"": ""2019-03-22"", ""count"": 2}}","{""RUS"": {""start"": ""2015-03-03"", ""end"": ""2015-03-06"", ""count"": 3}, ""Russia"": {""start"": ""2016-03-09"", ""end"": ""2019-03-22"", ""count"": 12}, ""Russian Federation"": {""start"": ""2017-01-30"", ""end"": ""2017-02-07"", ""count"": 2}, ""RUS (Moiseeva)"": {""start"": ""2018-02-14"", ""end"": ""2018-02-19"", ""count"": 5}}",Right,,,,,,,75.00%,71.90%,80.90%,82.30%,68.60%,73.10%,,0.00%,80.60%,73.00%,85.20%,78.40%,97.50%,89.40%,69.10%,67.20%,56.20%,75.00%,,25.00%,75.00%,75.00%,,58.30%,,64.30%,41.70%,86.10%,,,,83.30%,,,,,66.70%,50.00%,,75.00%,,0.00%,,75.00%,1.03,0.27,117,127,29.1,32.3,20.5,12.8,16.3,7,0,0,12,0,0,,,,,,,,,,,,,,,,,,,,,,,,,,,,,,,72.70%,80.30%,75.30%,80.10%,59.70%,77.80%,66.50%,72.20%,87.90%,78.60%,,,,,,,,,,,,,Freeze CCW,0,Hit-roll CW,85.2
Val Sweeting,82.10%,82.00%,82.00%,77.50%,5290,"{""Fourth"": {""start"": ""2015-12-02"", ""end"": ""2025-01-14"", ""count"": 18}, ""Third"": {""start"": ""2018-12-05"", ""end"": ""2025-04-11"", ""count"": 214}}","{""Sweeting"": {""start"": ""2015-12-02"", ""end"": ""2017-12-08"", ""count"": 17}, ""Einarson"": {""start"": ""2018-12-05"", ""end"": ""2025-04-11"", ""count"": 137}, ""MB (Einarson)"": {""start"": ""2020-02-15"", ""end"": ""2020-02-23"", ""count"": 9}, ""CA (Einarson)"": {""start"": ""2021-02-19"", ""end"": ""2024-02-23"", ""count"": 26}, ""Canada"": {""start"": ""2021-04-29"", ""end"": ""2022-11-05"", ""count"": 25}, ""CAN (Einarson)"": {""start"": ""2022-01-29"", ""end"": ""2023-03-26"", ""count"": 18}}",Left,1987,"Redvers, SK","Edmonton, AB","Service Delivery Agent, Case Processing Centre Vegreville",Vegreville Composite,University of Saskatchewan,91.40%,85.60%,88.90%,88.60%,76.80%,78.20%,75.70%,73.90%,85.00%,82.90%,76.50%,80.70%,93.50%,93.60%,74.40%,75.00%,74.40%,75.50%,,,78.80%,68.80%,90.60%,96.90%,83.90%,92.90%,74.10%,72.90%,69.20%,55.00%,87.50%,85.80%,72.50%,85.70%,96.20%,94.20%,72.60%,80.40%,63.30%,76.40%,,,50.00%,50.00%,1.26,0.39,1241,1325,38.3,39.4,25.1,18.7,19.6,93,24,25.8,165,10,6.1,,,,,,,,,,,,,,,,,,,,,,,,,,,,,,,81.50%,82.60%,72.90%,74.70%,71.10%,80.40%,82.40%,81.90%,76.50%,79.60%,77.70%,84.20%,80.10%,81.60%,80.00%,84.20%,83.00%,82.20%,85.00%,83.70%,86.80%,84.40%,Promotion CCW,68.8,Guard CW,88.9
Valentin Tanner,89.40%,88.10%,88.70%,89.10%,2489,"{""Lead"": {""start"": ""2014-03-29"", ""end"": ""2022-02-17"", ""count"": 97}, ""Second"": {""start"": ""2022-02-17"", ""end"": ""2022-02-17"", ""count"": 1}}","{""SUI"": {""start"": ""2014-03-29"", ""end"": ""2015-11-28"", ""count"": 10}, ""Switzerland"": {""start"": ""2016-11-19"", ""end"": ""2021-11-25"", ""count"": 54}, ""SUI (De Cruz)"": {""start"": ""2018-02-14"", ""end"": ""2022-02-17"", ""count"": 17}, ""De Cruz"": {""start"": ""2021-04-15"", ""end"": ""2021-04-24"", ""count"": 8}, ""de Cruz"": {""start"": ""2021-10-19"", ""end"": ""2021-11-06"", ""count"": 8}}",Right,1992,,,,,,95.70%,94.20%,82.40%,89.30%,88.30%,87.70%,91.70%,89.10%,85.40%,90.50%,82.50%,82.50%,,78.60%,,80.60%,86.50%,85.30%,61.90%,63.60%,50.00%,,94.40%,93.10%,93.80%,66.70%,86.40%,83.50%,,,,,,,,,,,,,78.30%,61.70%,,,1.14,0.28,614,619,34.5,36.8,19.2,13.5,21,39,6,15.4,61,3,4.9,,,,,,,,,,,,,,,,,,,,,,,,,,,,,82.40%,71.40%,88.20%,50.00%,89.60%,72.80%,89.20%,74.60%,89.00%,73.30%,94.10%,86.70%,,,93.90%,86.20%,92.90%,76.80%,,,,,,,Promotion CW,50,Freeze CW,91.7
Vanessa Foster,77.20%,78.80%,78.00%,70.30%,398,"{""Second"": {""start"": ""2017-11-06"", ""end"": ""2019-02-02"", ""count"": 14}}","{""Robertson"": {""start"": ""2017-11-06"", ""end"": ""2019-01-27"", ""count"": 9}, ""Darcy Robertson"": {""start"": ""2018-01-14"", ""end"": ""2018-01-14"", ""count"": 1}, ""Canada"": {""start"": ""2019-01-30"", ""end"": ""2019-02-02"", ""count"": 4}}",Right,1981,"Winnipeg, MB","Arborg, MB","Director, Marketing",,,92.90%,91.70%,87.00%,80.80%,67.90%,79.00%,71.90%,88.90%,73.00%,80.20%,80.00%,65.20%,85.00%,90.60%,78.60%,64.60%,75.00%,68.80%,,,87.50%,,96.40%,95.00%,91.70%,62.50%,40.00%,68.80%,,,58.30%,,,25.00%,,,75.00%,0.00%,37.50%,75.00%,,,,,1.02,0.22,100,97,31,28.9,17.5,28,3,13,2,15.4,3,0,0,,,,,,,,,,,,,,,,,,,,,,,,,,,,,,,,,,,80.90%,80.90%,78.90%,75.60%,78.50%,73.70%,,,,,,,,,,,,,Double CCW,64.6,Freeze CCW,88.9
Veronica Zappone,76.80%,77.50%,77.20%,75.40%,1154,"{""Third"": {""start"": ""2017-03-18"", ""end"": ""2018-03-23"", ""count"": 26}, ""Fourth"": {""start"": ""2018-11-17"", ""end"": ""2018-11-22"", ""count"": 6}, ""Lead"": {""start"": ""2022-03-19"", ""end"": ""2022-03-24"", ""count"": 6}}","{""Italy"": {""start"": ""2017-03-18"", ""end"": ""2022-03-24"", ""count"": 38}}",Right,,,,,,,89.30%,89.30%,88.40%,88.70%,73.60%,75.30%,83.30%,80.60%,78.50%,80.60%,73.20%,68.50%,80.50%,82.10%,50.00%,70.90%,70.80%,53.10%,60.00%,58.30%,72.50%,63.30%,96.40%,94.70%,95.00%,91.70%,64.30%,73.50%,83.30%,87.50%,40.00%,91.70%,,0.00%,,90.00%,50.00%,50.00%,75.00%,,,50.00%,,,0.94,0.25,278,284,22.7,29.9,18,25.2,-2.5,38,8,21.1,13,2,15.4,,,,,,,,,,,,,,,,,,,,,,,,,,,,,,,,,,,76.50%,75.10%,79.30%,74.50%,,,,,,,84.80%,80.00%,,,,,,,Double CW,50,Guard CCW,88.7
Veronique Brassard,85.70%,82.40%,84.40%,71.50%,210,"{""Lead"": {""start"": ""2011-02-19"", ""end"": ""2011-02-24"", ""count"": 6}}","{""QC(Larouche)"": {""start"": ""2011-02-19"", ""end"": ""2011-02-24"", ""count"": 6}}",Right,,,,,,,92.50%,92.90%,93.80%,95.80%,86.40%,76.10%,77.50%,70.00%,64.10%,86.80%,75.00%,60.00%,,,,,75.00%,75.00%,,0.00%,,,82.10%,90.00%,,,75.00%,75.00%,,75.00%,,75.00%,,,,,,,,,,0.00%,,,1.09,0.23,56,48,33.9,35.4,20.8,19.6,14.3,4,1,25,3,0,0,,,,,,,,,,,,,,,,,,,,,,,87.70%,73.40%,,,,,,,,,,,,,,,,,,,,,,,,,,,,,Wick CCW,0,Guard CCW,95.8
Veronique Gregoire,72.60%,76.80%,74.80%,80.10%,212,"{""Second"": {""start"": ""2011-02-19"", ""end"": ""2011-02-24"", ""count"": 6}}","{""QC(Larouche)"": {""start"": ""2011-02-19"", ""end"": ""2011-02-24"", ""count"": 6}}",Right,,,,,,,,93.80%,65.00%,92.30%,53.10%,70.20%,72.50%,75.00%,73.00%,76.00%,80.60%,73.40%,89.50%,80.00%,62.50%,75.00%,58.30%,58.30%,,,,,,,,,87.50%,81.20%,75.00%,37.50%,,25.00%,,,,,,,75.00%,,,,,,1.09,0.23,56,48,33.9,35.4,20.8,19.6,14.3,4,1,25,3,0,0,,,,,,,,,,,,,,,,,,,,,,,72.40%,76.70%,,,,,,,,,,,,,,,,,,,,,,,,,,,,,Draw CW,53.1,Guard CCW,92.3
Vicky Persinger,79.20%,82.20%,80.70%,85.60%,1303,"{""Third"": {""start"": ""2013-02-28"", ""end"": ""2024-10-31"", ""count"": 26}, ""Second"": {""start"": ""2013-03-07"", ""end"": ""2025-03-21"", ""count"": 21}, ""Lead"": {""start"": ""2015-03-14"", ""end"": ""2024-03-21"", ""count"": 9}}","{""USA"": {""start"": ""2013-02-28"", ""end"": ""2015-03-19"", ""count"": 10}, ""USA (Sinclair)"": {""start"": ""2018-03-17"", ""end"": ""2019-03-22"", ""count"": 10}, ""United States"": {""start"": ""2019-01-30"", ""end"": ""2022-11-02"", ""count"": 14}, ""Christensen"": {""start"": ""2022-05-03"", ""end"": ""2022-05-07"", ""count"": 5}, ""USA (Peterson)"": {""start"": ""2023-03-20"", ""end"": ""2025-03-21"", ""count"": 6}, ""T. Peterson"": {""start"": ""2024-10-01"", ""end"": ""2024-10-04"", ""count"": 4}, ""USA (Thiesse)"": {""start"": ""2024-10-27"", ""end"": ""2024-10-31"", ""count"": 5}}",Right,1992,"Fairbanks, AK","Fairbanks, AK","IT Manager, Yukon Title Company",,University of Alaska-Anchorage,88.30%,90.60%,88.10%,88.20%,70.30%,78.10%,,84.40%,79.00%,83.00%,76.10%,75.90%,91.80%,92.20%,77.30%,66.90%,70.20%,78.10%,,,77.30%,88.90%,86.50%,95.80%,96.40%,91.70%,73.70%,80.60%,,,,70.80%,75.00%,,93.80%,91.70%,83.30%,50.00%,66.70%,,,,,,1.1,0.38,291,340,29.9,27.4,26.5,23,6.9,33,8,24.2,29,3,10.3,,,,,,,,,,,,,,,,,,,,,,,,,,,54.70%,73.20%,,,80.60%,86.20%,,,,,85.70%,86.40%,76.90%,82.50%,,,,,81.30%,84.40%,92.60%,90.40%,83.30%,74.20%,78.60%,72.70%,Double CCW,66.9,Promotion CCW,88.9
Vicky Wright,80.00%,82.80%,81.60%,76.80%,1358,"{""Lead"": {""start"": ""2018-03-17"", ""end"": ""2021-04-18"", ""count"": 19}, ""Third"": {""start"": ""2021-04-17"", ""end"": ""2022-04-16"", ""count"": 36}}","{""Scotland"": {""start"": ""2018-03-17"", ""end"": ""2021-12-13"", ""count"": 31}, ""Muirhead"": {""start"": ""2021-04-15"", ""end"": ""2022-04-16"", ""count"": 13}, ""GBR (Muirhead)"": {""start"": ""2022-02-10"", ""end"": ""2022-02-20"", ""count"": 10}}",Right,1993,,,,,,92.10%,92.10%,85.60%,92.70%,76.30%,79.80%,60.70%,40.00%,76.70%,83.00%,85.80%,80.10%,90.60%,93.10%,65.20%,74.00%,76.30%,67.70%,58.30%,85.20%,67.90%,60.90%,,95.80%,93.80%,90.60%,95.30%,78.00%,,41.70%,,75.00%,,87.50%,,,41.70%,62.50%,,75.00%,41.70%,83.30%,50.00%,25.00%,1.18,0.36,320,347,37.2,36.3,25.9,19.4,17.8,25,6,24,39,2,5.1,,,,,,,,,,,,,,,,,,,,,,,,,,,,,,,,,,,,,81.40%,73.00%,89.40%,79.80%,,,83.30%,78.90%,77.80%,82.50%,,,,,,,Freeze CCW,40,Guard CCW,92.7
Victoria Moiseeva,75.40%,78.40%,77.00%,60.70%,692,"{""Fourth"": {""start"": ""2016-11-19"", ""end"": ""2018-03-25"", ""count"": 25}}","{""Russia"": {""start"": ""2016-11-19"", ""end"": ""2018-03-25"", ""count"": 17}, ""Russian Federation"": {""start"": ""2017-01-30"", ""end"": ""2017-02-07"", ""count"": 2}, ""RUS (Moiseeva)"": {""start"": ""2018-02-14"", ""end"": ""2018-02-21"", ""count"": 6}}",Right,1991,,,,,,,,81.50%,77.30%,68.10%,78.20%,78.60%,66.70%,88.30%,86.20%,74.20%,72.20%,98.10%,92.00%,63.00%,71.90%,48.60%,57.70%,,75.00%,46.90%,45.50%,,,62.50%,87.50%,72.70%,71.90%,,0.00%,92.90%,75.00%,91.70%,0.00%,,75.00%,50.00%,33.30%,43.80%,,,,75.00%,0.00%,1.06,0.29,168,180,33.3,28.3,22.2,17.9,15.4,9,1,11.1,20,4,20,,,,,,,,,,,,,,,,,,,,,,,,,,,,,,,,,74.70%,80.20%,65.60%,77.50%,75.50%,77.70%,,,,,,,,,,,,,,,Promotion CCW,45.5,Take-out CW,88.3
Virginija Paulauskaite,65.10%,65.90%,65.50%,68.80%,335,"{""Fourth"": {""start"": ""2024-11-16"", ""end"": ""2025-03-21"", ""count"": 13}}","{""LTU (Paulauskaite)"": {""start"": ""2024-11-16"", ""end"": ""2025-03-21"", ""count"": 13}}",Right,,,,,,,,,,94.40%,68.60%,60.90%,25.00%,,69.60%,75.00%,66.20%,70.80%,50.00%,85.70%,57.80%,55.70%,28.10%,50.00%,,,66.70%,50.00%,,,,,70.80%,72.20%,,,43.80%,66.70%,,66.70%,,,68.80%,75.00%,5.00%,,,,75.00%,50.00%,0.69,0.15,95,72,16.8,26.4,11.1,43.2,-26.4,20,2,10,1,0,0,,,,,,,,,,,,,,,,,,,,,,,,,,,,,,,,,,,,,,,,,,,,,,,,,76.20%,59.40%,60.50%,68.20%,Freeze CW,25,Guard CCW,94.4
Wade Scoffin,75.60%,77.20%,76.50%,74.90%,974,"{""Third"": {""start"": ""2002-03-09"", ""end"": ""2008-03-13"", ""count"": 12}, ""Second"": {""start"": ""2014-11-10"", ""end"": ""2024-03-07"", ""count"": 23}, ""Lead"": {""start"": ""2017-03-03"", ""end"": ""2018-03-07"", ""count"": 3}}","{""Y/NWT (Solberg)"": {""start"": ""2002-03-09"", ""end"": ""2002-03-14"", ""count"": 6}, ""YT/NWT (Cowan)"": {""start"": ""2008-03-08"", ""end"": ""2008-03-13"", ""count"": 6}, ""YT (Smallwood)"": {""start"": ""2014-11-10"", ""end"": ""2015-11-13"", ""count"": 10}, ""YT (Kochan)"": {""start"": ""2017-03-03"", ""end"": ""2017-03-03"", ""count"": 1}, ""YT"": {""start"": ""2018-03-03"", ""end"": ""2018-03-09"", ""count"": 6}, ""YT (Scoffin)"": {""start"": ""2023-03-05"", ""end"": ""2024-03-07"", ""count"": 9}}",Right,1966,"Saskatoon, SK","Whitehorse, YK","Occupational Therapist, Wade Scoffin Occupational Therapy Services",,,93.30%,93.90%,83.30%,79.40%,70.50%,76.00%,69.60%,67.40%,74.50%,80.70%,68.00%,68.90%,91.40%,84.20%,76.50%,72.50%,64.30%,60.50%,,,,,95.50%,98.60%,84.10%,65.90%,78.60%,60.00%,,40.00%,,78.60%,,0.00%,,84.40%,62.50%,87.50%,37.50%,,,,,,0.99,0.33,228,246,21.9,27.2,22.8,25.9,-4,34,5,14.7,14,2,14.3,,,,,72.90%,77.10%,,,,,,,,,,,77.20%,75.80%,,,,,,,,,,,72.60%,73.80%,76.90%,69.70%,,,75.00%,100.00%,83.80%,76.20%,,,,,,,,,80.60%,81.70%,82.20%,69.30%,,,Raise CCW,60.5,Guard CW,83.3
Warren Dobson,83.10%,87.70%,85.30%,89.60%,232,"{""Third"": {""start"": ""2017-11-03"", ""end"": ""2017-11-07"", ""count"": 2}, ""Lead"": {""start"": ""2018-11-04"", ""end"": ""2019-11-02"", ""count"": 8}}","{""New Zealand"": {""start"": ""2017-11-03"", ""end"": ""2019-11-02"", ""count"": 10}}",Right,1980,"Ranfurly, NZL","Ranfurly, NZL",,,,90.80%,88.00%,70.80%,75.00%,83.90%,88.10%,,,76.10%,87.50%,75.00%,83.30%,,,,,75.00%,91.70%,0.00%,,,,,90.00%,,,79.20%,81.20%,,,,,,,,,,,,87.50%,,,,,0.97,0.24,64,51,28.1,41.2,15.7,35.9,-7.8,8,0,0,4,1,25,,,,,,,,,,,,,,,,,,,,,,,,,,,,,,,,,,,62.50%,69.60%,90.40%,85.80%,72.90%,75.00%,,,,,,,,,,,,,Wick CW,0,Raise CCW,91.7
Wayne Middaugh,86.60%,84.60%,85.60%,86.50%,1029,"{""Fourth"": {""start"": ""2001-03-03"", ""end"": ""2021-03-13"", ""count"": 16}, ""Third"": {""start"": ""2012-03-03"", ""end"": ""2022-04-16"", ""count"": 20}}","{""ON (Middaugh)"": {""start"": ""2001-03-03"", ""end"": ""2001-03-10"", ""count"": 8}, ""ON (Howard)"": {""start"": ""2012-03-03"", ""end"": ""2013-03-10"", ""count"": 16}, ""WC3 (Howard)"": {""start"": ""2021-03-06"", ""end"": ""2021-03-13"", ""count"": 8}, ""Howard"": {""start"": ""2022-04-13"", ""end"": ""2022-04-16"", ""count"": 4}}",Right,1967,"Brampton, ON","Victoria Harbour, ON","Genenal Manager, CPGA Executive Pro, Port Carling Golf and Country Club",Brampton Centennial Secondary,CPGA Professional Golf Mgmt,,87.50%,92.00%,87.50%,85.00%,79.50%,79.20%,81.60%,86.00%,87.40%,88.00%,81.60%,96.90%,97.20%,81.60%,81.40%,78.40%,76.00%,,,,,,,,,95.50%,95.00%,91.70%,37.50%,93.30%,88.50%,87.50%,85.00%,,91.10%,87.50%,62.50%,66.70%,75.00%,,,,,1.2,0.3,245,264,36.7,40.5,20.8,15.5,21.2,12,2,16.7,33,1,3,,,85.90%,85.30%,,,,,,,,,,,,,,,,,,,,,84.70%,89.70%,85.90%,89.40%,,,,,,,,,,,,,,,78.00%,84.20%,80.30%,72.70%,,,,,,,Raise CCW,76,Guard CW,92
Wendy Miller,74.20%,70.50%,72.20%,66.00%,421,"{""Second"": {""start"": ""2011-02-19"", ""end"": ""2012-02-20"", ""count"": 7}, ""Lead"": {""start"": ""2013-02-16"", ""end"": ""2013-02-22"", ""count"": 7}}","{""NT/Y(Galusha)"": {""start"": ""2011-02-19"", ""end"": ""2011-02-24"", ""count"": 6}, ""NT/YT (Galusha)"": {""start"": ""2012-02-20"", ""end"": ""2012-02-20"", ""count"": 1}, ""NT (Galusha)"": {""start"": ""2013-02-16"", ""end"": ""2013-02-22"", ""count"": 7}}",Right,1981,"Fredericton, NB","Yellowknife, NT",,,,86.60%,87.70%,63.90%,70.60%,62.20%,56.00%,55.40%,56.20%,79.30%,78.00%,55.00%,59.40%,87.50%,59.10%,91.70%,25.00%,55.00%,70.50%,,,,,78.80%,95.00%,0.00%,75.00%,68.80%,39.30%,,,,87.50%,,,,50.00%,,,,,,,,,0.78,0.23,114,94,21.1,30.9,18.1,35.1,-14,18,5,27.8,1,0,0,,,,,,,,,,,,,,,,,,,,,,,65.90%,73.90%,72.70%,83.30%,75.10%,67.90%,,,,,,,,,,,,,,,,,,,,,,,,,Double CCW,25,Double CW,91.7
Wesley Forget,80.20%,87.50%,84.20%,77.20%,665,"{""Fourth"": {""start"": ""2017-03-18"", ""end"": ""2017-03-21"", ""count"": 4}, ""Second"": {""start"": ""2019-03-02"", ""end"": ""2021-11-26"", ""count"": 20}}","{""Queens (Forget)"": {""start"": ""2017-03-18"", ""end"": ""2017-03-21"", ""count"": 4}, ""ON"": {""start"": ""2019-03-02"", ""end"": ""2019-03-08"", ""count"": 7}, ""Horgan"": {""start"": ""2021-10-25"", ""end"": ""2021-11-26"", ""count"": 13}}",Right,1991,"Bowmanville, ON","Kingston, ON",,,Queen's University,96.70%,98.80%,87.50%,98.50%,79.20%,84.00%,82.70%,90.30%,76.20%,90.50%,73.10%,80.70%,89.40%,97.00%,68.30%,69.60%,82.10%,83.30%,,,,,,95.00%,,91.70%,93.20%,91.70%,75.00%,0.00%,45.00%,97.20%,75.00%,75.00%,91.70%,90.40%,,,37.50%,,,,,,1.04,0.27,164,166,28,33.1,17.5,17.7,10.3,13,2,15.4,13,0,0,,,,,,,,,,,,,,,,,,,,,,,,,,,,,,,,,,,77.50%,77.60%,,,86.00%,89.50%,,,88.60%,80.90%,,,,,,,,,Double CW,68.3,Guard CCW,98.5
Wille Makela,66.90%,67.00%,66.90%,54.00%,198,"{""Third"": {""start"": ""2006-02-22"", ""end"": ""2006-02-24"", ""count"": 2}, ""Fourth"": {""start"": ""2018-11-17"", ""end"": ""2018-11-22"", ""count"": 6}}","{""FIN (Uusipaavalniemi)"": {""start"": ""2006-02-22"", ""end"": ""2006-02-24"", ""count"": 2}, ""Finland"": {""start"": ""2018-11-17"", ""end"": ""2018-11-22"", ""count"": 6}}",Right,1974,,,,,,,,81.20%,87.50%,67.20%,63.30%,,,67.60%,86.50%,77.80%,64.30%,95.50%,90.00%,63.80%,72.70%,45.00%,37.50%,,,40.60%,16.70%,,,,,43.80%,75.00%,,,0.00%,0.00%,,,,,25.00%,,50.00%,,,,,0.00%,0.66,0.09,64,35,15.6,28.6,8.6,34.4,-18.8,8,1,12.5,1,0,0,,,,,,,,,,,,,63.20%,69.70%,,,,,,,,,,,,,,,,,,,,,,,70.30%,65.10%,,,,,,,,,,,,,,,Promotion CCW,16.7,Guard CCW,87.5
Xenia Schwaller,68.70%,76.90%,73.60%,64.10%,539,"{""Fourth"": {""start"": ""2022-05-20"", ""end"": ""2025-04-11"", ""count"": 31}}","{""Switzerland"": {""start"": ""2022-05-20"", ""end"": ""2022-05-20"", ""count"": 1}, ""SUI (Schwaller)"": {""start"": ""2023-02-25"", ""end"": ""2024-02-24"", ""count"": 7}, ""X. Schwaller"": {""start"": ""2024-04-09"", ""end"": ""2025-04-11"", ""count"": 23}}",Right,,,,,,,,,75.00%,87.50%,71.80%,68.40%,62.50%,77.80%,73.40%,87.20%,67.70%,78.30%,81.80%,92.90%,65.80%,59.10%,72.10%,57.80%,,,33.90%,67.50%,,,25.00%,,79.50%,52.10%,50.00%,50.00%,78.10%,83.30%,50.00%,55.00%,,,75.00%,50.00%,50.00%,75.00%,,,41.70%,75.00%,0.88,0.33,139,129,25.9,25.6,23.3,29.5,-3.6,17,0,0,10,0,0,,,,,,,,,,,,,,,,,,,,,,,,,,,,,,,,,,,,,,,,,,,,,100.00%,86.80%,77.40%,75.80%,69.90%,75.80%,68.30%,69.80%,Promotion CW,33.9,Guard CCW,87.5
Yannick Schwaller,84.50%,83.50%,84.00%,81.30%,3627,"{""Third"": {""start"": ""2015-03-01"", ""end"": ""2025-04-13"", ""count"": 124}, ""Fourth"": {""start"": ""2016-03-10"", ""end"": ""2022-04-14"", ""count"": 45}, ""Second"": {""start"": ""2023-04-13"", ""end"": ""2023-04-13"", ""count"": 1}}","{""SUI"": {""start"": ""2015-03-01"", ""end"": ""2015-03-08"", ""count"": 6}, ""SUI (Schwaller)"": {""start"": ""2016-03-10"", ""end"": ""2025-04-06"", ""count"": 42}, ""Switzerland"": {""start"": ""2019-01-30"", ""end"": ""2022-11-26"", ""count"": 31}, ""Schwaller"": {""start"": ""2021-04-15"", ""end"": ""2024-08-18"", ""count"": 64}, ""Y. Schwaller"": {""start"": ""2024-04-09"", ""end"": ""2025-04-13"", ""count"": 26}}",Right,1995,"Solothurn, SUI","Solothurn, SUI","Curling, Architect, Schwaller Architektur",,,,92.20%,93.70%,92.60%,81.40%,81.90%,80.60%,83.60%,88.90%,87.10%,82.50%,81.30%,93.90%,95.50%,74.50%,74.40%,81.10%,78.90%,91.70%,65.00%,66.90%,66.00%,,97.20%,95.40%,98.20%,83.20%,83.10%,75.00%,68.80%,89.60%,75.00%,75.00%,82.40%,96.00%,94.40%,63.90%,72.70%,85.90%,68.20%,,,63.60%,57.50%,1.19,0.3,853,913,37.4,36.1,20.9,17.1,20.3,61,10,16.4,107,4,3.7,,,,,,,,,,,,,,,,,,,,,,,,,,,,,,,83.80%,78.10%,80.30%,88.80%,,,,,76.20%,76.70%,,,82.80%,79.00%,83.10%,81.60%,87.10%,86.90%,88.10%,85.90%,87.20%,84.50%,Wick CCW,65,Guard CW,93.7
Yasumasa Tanida,83.70%,81.90%,82.80%,86.80%,992,"{""Second"": {""start"": ""2018-11-03"", ""end"": ""2021-12-16"", ""count"": 40}}","{""Japan"": {""start"": ""2018-11-03"", ""end"": ""2021-12-16"", ""count"": 35}, ""Matsumura"": {""start"": ""2021-10-19"", ""end"": ""2021-10-23"", ""count"": 5}}",Right,,,,,,,96.60%,86.00%,88.40%,81.50%,81.50%,80.50%,85.70%,70.50%,84.10%,82.40%,80.40%,79.00%,93.50%,93.70%,64.80%,85.90%,67.30%,65.50%,75.00%,81.20%,71.90%,58.30%,,75.00%,75.00%,79.20%,87.50%,90.90%,,,93.80%,75.00%,75.00%,87.50%,96.20%,97.80%,,62.50%,75.00%,91.70%,,,,,1.25,0.29,228,256,36.8,28.9,19.1,14.5,22.3,20,2,10,25,0,0,,,,,,,,,,,,,,,,,,,,,,,,,,,,,,,,,,,,,88.00%,84.90%,87.60%,85.70%,,,78.10%,79.20%,,,,,,,,,Promotion CCW,58.3,Guard CW,88.4
Ye Eun Seol,86.90%,86.80%,86.90%,87.70%,1285,"{""Lead"": {""start"": ""2021-10-19"", ""end"": ""2024-10-05"", ""count"": 74}}","{""Gim"": {""start"": ""2021-10-19"", ""end"": ""2024-10-05"", ""count"": 74}}",Left,,"Seoul, KOR","Gyeonggi-do, KOR",,,,92.20%,91.10%,89.90%,88.10%,85.70%,85.40%,74.50%,86.10%,88.40%,86.00%,78.40%,72.20%,,,75.00%,62.50%,60.70%,70.80%,69.10%,,,,90.60%,98.10%,93.80%,93.80%,85.00%,88.60%,,,66.70%,,75.00%,,,,,,,,60.40%,,,,1.23,0.31,316,308,39.2,37.7,21.4,25.6,13.6,23,1,4.3,39,2,5.1,,,,,,,,,,,,,,,,,,,,,,,,,,,,,,,,,,,,,,,,,,,85.40%,80.60%,86.80%,79.60%,89.10%,81.40%,88.10%,80.40%,,,Raise CW,60.7,Guard CW,89.9
Yui Ueno,78.90%,81.00%,79.80%,73.00%,612,"{""Lead"": {""start"": ""2016-03-08"", ""end"": ""2024-03-22"", ""count"": 8}, ""Second"": {""start"": ""2020-02-15"", ""end"": ""2024-03-18"", ""count"": 9}, ""Third"": {""start"": ""2024-10-27"", ""end"": ""2024-11-01"", ""count"": 6}}","{""Japan"": {""start"": ""2016-03-08"", ""end"": ""2020-02-22"", ""count"": 8}, ""JPN (Tabata)"": {""start"": ""2024-02-24"", ""end"": ""2024-02-24"", ""count"": 1}, ""JPN (Ueno)"": {""start"": ""2024-03-16"", ""end"": ""2024-11-01"", ""count"": 13}}",Right,2003,"Karuizawa, JPN","Karuizawa, JPN",University Student,,,87.00%,88.70%,88.20%,80.00%,75.60%,78.90%,,,86.80%,84.80%,70.40%,65.50%,73.80%,96.20%,70.80%,77.50%,75.00%,62.50%,,,66.70%,40.00%,84.40%,83.30%,75.00%,0.00%,66.70%,79.20%,,,,,75.00%,75.00%,,83.30%,,,,0.00%,,,,,1.02,0.33,146,151,28.1,32.5,25.2,24,4.1,13,2,15.4,13,2,15.4,,,,,,,,,,,,,,,,,,,,,,,,,,,,,,,,,78.90%,83.30%,,,,,,,65.60%,75.20%,,,,,,,85.30%,81.40%,,,Promotion CCW,40,Guard CW,88.2
Yumi Suzuki,81.60%,82.30%,82.00%,82.80%,2730,"{""Third"": {""start"": ""2016-03-08"", ""end"": ""2016-03-08"", ""count"": 1}, ""Second"": {""start"": ""2016-03-19"", ""end"": ""2025-04-11"", ""count"": 137}, ""Lead"": {""start"": ""2021-04-21"", ""end"": ""2021-04-24"", ""count"": 4}}","{""Japan"": {""start"": ""2016-03-08"", ""end"": ""2021-12-17"", ""count"": 28}, ""JPN (Fujisawa)"": {""start"": ""2016-03-19"", ""end"": ""2022-02-20"", ""count"": 18}, ""Fujisawa"": {""start"": ""2021-04-15"", ""end"": ""2025-04-11"", ""count"": 92}}",Right,1999,,,,,,94.60%,89.90%,90.30%,93.60%,77.00%,77.90%,75.40%,80.90%,84.40%,82.20%,77.30%,76.00%,88.00%,93.50%,76.60%,73.60%,73.80%,70.20%,50.00%,,58.80%,68.00%,98.10%,,89.00%,98.40%,78.60%,79.00%,94.40%,70.00%,81.20%,83.90%,85.70%,75.00%,88.10%,96.10%,75.00%,50.00%,65.00%,83.30%,,,,,1.17,0.41,639,666,35.2,32.9,26.3,19.4,15.8,58,12,20.7,77,4,5.2,,,,,,,,,,,,,,,,,,,,,,,,,,,,,,,,,76.10%,88.30%,,,79.30%,78.10%,71.40%,82.20%,,,81.40%,77.60%,84.60%,81.50%,84.40%,81.90%,84.10%,83.30%,85.80%,84.70%,Wick CW,50,Guard CCW,93.6
Yuna Kotani,81.50%,82.60%,82.00%,77.70%,758,"{""Second"": {""start"": ""2018-03-18"", ""end"": ""2025-04-11"", ""count"": 13}, ""Third"": {""start"": ""2018-03-21"", ""end"": ""2025-04-12"", ""count"": 28}}","{""Japan"": {""start"": ""2018-03-18"", ""end"": ""2018-03-23"", ""count"": 5}, ""Koana"": {""start"": ""2021-10-19"", ""end"": ""2021-10-22"", ""count"": 4}, ""Yoshimura"": {""start"": ""2023-10-18"", ""end"": ""2025-04-12"", ""count"": 23}, ""JPN (Yoshimura)"": {""start"": ""2025-03-15"", ""end"": ""2025-03-21"", ""count"": 7}}",Right,1998,"Sagamihara, JPN","Yamanashi, JPN","Company employee, Fujikyu",,,97.20%,70.00%,92.90%,94.60%,80.20%,82.80%,80.80%,76.50%,82.30%,82.30%,75.50%,80.50%,83.30%,90.10%,76.00%,78.90%,73.40%,54.20%,,,65.90%,82.70%,,87.50%,93.20%,96.90%,78.10%,81.70%,75.00%,66.70%,58.30%,75.00%,37.50%,,95.00%,90.90%,62.50%,83.30%,66.70%,,,,50.00%,,1.15,0.25,189,171,34.9,37.4,20.5,24.9,10,18,3,16.7,15,1,6.7,,,,,,,,,,,,,,,,,,,,,,,,,,,,,,,,,,,,,84.80%,79.00%,,,,,75.90%,72.10%,,,86.20%,83.80%,83.10%,78.30%,88.30%,82.40%,Raise CCW,54.2,Guard CCW,94.6
Yurika Yoshida,86.20%,87.10%,86.70%,82.90%,2695,"{""Lead"": {""start"": ""2016-03-19"", ""end"": ""2025-04-11"", ""count"": 139}, ""Second"": {""start"": ""2022-12-08"", ""end"": ""2023-10-20"", ""count"": 4}}","{""JPN (Fujisawa)"": {""start"": ""2016-03-19"", ""end"": ""2022-02-20"", ""count"": 18}, ""Japan"": {""start"": ""2017-11-03"", ""end"": ""2021-12-17"", ""count"": 31}, ""Fujisawa"": {""start"": ""2021-04-15"", ""end"": ""2025-04-11"", ""count"": 91}}",Right,1993,,,,,,91.30%,94.30%,91.10%,88.80%,84.30%,85.80%,89.60%,84.30%,76.80%,82.90%,81.20%,82.90%,50.00%,96.40%,66.70%,59.10%,67.20%,83.00%,64.30%,62.70%,,,89.00%,96.10%,93.80%,,92.80%,87.00%,,93.80%,50.00%,66.70%,,,,,50.00%,,62.50%,,41.70%,69.20%,,,1.13,0.41,645,663,33.6,32.7,26.7,20.3,13.3,61,11,18,74,4,5.4,,,,,,,,,,,,,,,,,,,,,,,,,,,,,,,,,89.10%,76.40%,86.50%,76.90%,85.40%,76.00%,88.00%,72.20%,,,88.30%,73.50%,90.00%,74.40%,87.30%,77.30%,90.50%,80.60%,94.60%,75.00%,Double CCW,59.1,Guard CW,91.1
Yusuke Morozumi,76.20%,79.80%,78.30%,79.80%,1050,"{""Fourth"": {""start"": ""2014-03-29"", ""end"": ""2024-10-05"", ""count"": 43}}","{""JPN"": {""start"": ""2014-03-29"", ""end"": ""2014-04-04"", ""count"": 7}, ""Japan"": {""start"": ""2016-04-02"", ""end"": ""2017-11-08"", ""count"": 18}, ""JPN (Morozumi)"": {""start"": ""2018-02-14"", ""end"": ""2018-02-21"", ""count"": 7}, ""Morozumi"": {""start"": ""2023-10-17"", ""end"": ""2024-10-05"", ""count"": 11}}",Right,1985,"Nagano, JPN","Karuizawa, JPN",,,,75.00%,87.50%,90.60%,86.50%,69.70%,77.10%,95.00%,78.80%,83.10%,88.90%,81.70%,76.90%,94.80%,85.90%,62.80%,75.00%,63.60%,76.10%,83.30%,50.00%,72.10%,63.20%,,87.50%,87.50%,91.70%,41.10%,75.00%,,90.00%,96.20%,95.30%,0.00%,,,90.00%,0.00%,,75.00%,,,,,87.50%,1.11,0.28,264,257,34.8,37.7,18.7,22,12.8,24,5,20.8,25,1,4,,,,,,,,,,,,,,,,,,,,,,,,,,,,,80.60%,78.00%,,,70.80%,84.20%,77.40%,77.50%,70.80%,80.70%,,,,,,,,,75.70%,76.20%,75.00%,76.20%,,,Wick CCW,50,Freeze CW,95
Yuta Matsumura,79.10%,80.40%,79.80%,76.30%,1144,"{""Fourth"": {""start"": ""2018-11-03"", ""end"": ""2021-12-16"", ""count"": 40}, ""Third"": {""start"": ""2023-10-17"", ""end"": ""2024-10-05"", ""count"": 11}}","{""Japan"": {""start"": ""2018-11-03"", ""end"": ""2021-12-16"", ""count"": 35}, ""Matsumura"": {""start"": ""2021-10-19"", ""end"": ""2021-10-23"", ""count"": 5}, ""Morozumi"": {""start"": ""2023-10-17"", ""end"": ""2024-10-05"", ""count"": 11}}",Left,1989,"Karuizawa, JPN","Sapporo, JPN",,,,87.50%,,85.50%,87.50%,81.00%,80.80%,52.30%,73.60%,86.40%,86.60%,72.60%,73.20%,96.30%,91.90%,73.20%,77.00%,67.60%,62.50%,,50.00%,41.70%,54.40%,75.00%,,,,63.20%,83.30%,62.50%,87.50%,,91.70%,70.80%,66.70%,,,50.00%,65.60%,85.00%,75.00%,,,0.00%,50.00%,1.19,0.29,278,294,34.9,29.6,19.4,17.3,17.6,25,2,8,29,0,0,,,,,,,,,,,,,,,,,,,,,,,,,,,,,,,,,,,,,88.30%,82.90%,78.90%,81.50%,,,78.70%,74.10%,,,87.50%,81.80%,72.20%,87.20%,,,Promotion CW,41.7,Guard CCW,87.5
Zach Young,77.40%,77.90%,77.70%,77.50%,347,"{""Second"": {""start"": ""2016-11-13"", ""end"": ""2017-03-22"", ""count"": 11}, ""Lead"": {""start"": ""2022-09-21"", ""end"": ""2022-09-21"", ""count"": 1}}","{""NL (Boland)"": {""start"": ""2016-11-13"", ""end"": ""2016-11-18"", ""count"": 6}, ""Mun (Boland)"": {""start"": ""2017-03-18"", ""end"": ""2017-03-22"", ""count"": 5}, ""Smith"": {""start"": ""2022-09-21"", ""end"": ""2022-09-21"", ""count"": 1}}",Right,1993,,,,,,78.60%,85.00%,90.60%,81.20%,55.80%,71.90%,91.70%,93.80%,79.70%,82.10%,64.60%,77.10%,90.20%,77.80%,58.30%,75.00%,75.00%,80.00%,,,,,66.70%,,,,,71.40%,,,83.30%,62.50%,0.00%,,80.00%,91.70%,,,75.00%,,,,,,1.08,0.42,84,79,31,25.3,27.8,23.8,7.2,4,0,0,11,0,0,,,,,,,,,,,,,,,,,,,,,,,,,,,,,,,,,69.30%,79.00%,78.00%,80.80%,,,,,,,,,68.30%,100.00%,,,,,,,Draw CW,55.8,Freeze CCW,93.8
Ziqi Dong,85.40%,81.30%,83.30%,71.90%,427,"{""Second"": {""start"": ""2024-10-27"", ""end"": ""2025-03-23"", ""count"": 15}, ""Third"": {""start"": ""2025-03-19"", ""end"": ""2025-03-19"", ""count"": 1}}","{""CHN (Wang)"": {""start"": ""2024-10-27"", ""end"": ""2025-03-23"", ""count"": 15}}",Right,,,,,,,93.80%,,87.00%,82.10%,84.70%,84.50%,,,89.20%,80.50%,76.60%,72.20%,90.40%,89.40%,70.00%,81.20%,79.20%,54.20%,,,75.00%,50.00%,,,62.50%,37.50%,84.40%,87.50%,,,,75.00%,,75.00%,50.00%,,,,62.50%,0.00%,,,,,1.09,0.51,96,115,34.4,26.1,28.7,14.6,19.8,9,3,33.3,12,0,0,,,,,,,,,,,,,,,,,,,,,,,,,,,,,,,,,,,,,,,,,,,,,,,,,83.40%,75.30%,86.10%,85.40%,Promotion CCW,50,Take-out CW,89.2
Zoe Cinnamon,83.20%,84.20%,83.70%,82.80%,510,"{""Third"": {""start"": ""2022-03-28"", ""end"": ""2022-03-28"", ""count"": 1}, ""Lead"": {""start"": ""2022-10-18"", ""end"": ""2024-10-04"", ""count"": 20}}","{""AB1 Gray-Withe"": {""start"": ""2022-03-28"", ""end"": ""2022-03-28"", ""count"": 1}, ""Gray-Withe"": {""start"": ""2022-10-18"", ""end"": ""2022-10-18"", ""count"": 1}, ""Gray-Withers"": {""start"": ""2023-09-28"", ""end"": ""2024-10-04"", ""count"": 9}, ""ALB - W"": {""start"": ""2023-03-15"", ""end"": ""2023-03-19"", ""count"": 5}, ""ALB (Gray-Withers)"": {""start"": ""2024-03-12"", ""end"": ""2024-03-16"", ""count"": 5}}",Right,2002,,,,,,88.70%,89.70%,87.50%,95.00%,80.60%,83.00%,75.00%,73.30%,85.30%,81.00%,68.80%,87.50%,,,,50.00%,91.70%,66.70%,,,,,70.00%,96.90%,,,75.00%,81.20%,,,,,25.00%,,,,,,,62.50%,,,,,1.07,0.45,125,119,36,37,30.3,30.4,5.6,10,0,0,16,2,12.5,,,,,,,,,,,,,,,,,,,,,,,,,,,,,,,,,,,,,,,,,,,,,81.50%,65.40%,82.60%,84.80%,86.10%,83.10%,,,Double CCW,50,Guard CCW,95
